policy,task_id,task_name,trial_index,identity_kind,eval_seed,success,steps,checkpoint_sha256
act,7,pick_up_the_black_bowl_on_the_ramekin_and_place_it_on_the_plate,4,fixed_initial_state,17004,1,98,25998665d3fdfa28b1c3ddd0ad13ea5b9433a64b025904e033de027857949d62
act,7,pick_up_the_black_bowl_on_the_ramekin_and_place_it_on_the_plate,7,fixed_initial_state,17007,1,114,25998665d3fdfa28b1c3ddd0ad13ea5b9433a64b025904e033de027857949d62
act,7,pick_up_the_black_bowl_on_the_ramekin_and_place_it_on_the_plate,9,fixed_initial_state,17009,1,101,25998665d3fdfa28b1c3ddd0ad13ea5b9433a64b025904e033de027857949d62
act,7,pick_up_the_black_bowl_on_the_ramekin_and_place_it_on_the_plate,0,fixed_initial_state,17000,0,600,25998665d3fdfa28b1c3ddd0ad13ea5b9433a64b025904e033de027857949d62
act,7,pick_up_the_black_bowl_on_the_ramekin_and_place_it_on_the_plate,1,fixed_initial_state,17001,0,600,25998665d3fdfa28b1c3ddd0ad13ea5b9433a64b025904e033de027857949d62
act,7,pick_up_the_black_bowl_on_the_ramekin_and_place_it_on_the_plate,2,fixed_initial_state,17002,0,600,25998665d3fdfa28b1c3ddd0ad13ea5b9433a64b025904e033de027857949d62
act,7,pick_up_the_black_bowl_on_the_ramekin_and_place_it_on_the_plate,3,fixed_initial_state,17003,0,600,25998665d3fdfa28b1c3ddd0ad13ea5b9433a64b025904e033de027857949d62
act,7,pick_up_the_black_bowl_on_the_ramekin_and_place_it_on_the_plate,5,fixed_initial_state,17005,0,600,25998665d3fdfa28b1c3ddd0ad13ea5b9433a64b025904e033de027857949d62
act,7,pick_up_the_black_bowl_on_the_ramekin_and_place_it_on_the_plate,6,fixed_initial_state,17006,0,600,25998665d3fdfa28b1c3ddd0ad13ea5b9433a64b025904e033de027857949d62
act,7,pick_up_the_black_bowl_on_the_ramekin_and_place_it_on_the_plate,11,fixed_initial_state,17011,1,94,25998665d3fdfa28b1c3ddd0ad13ea5b9433a64b025904e033de027857949d62
act,7,pick_up_the_black_bowl_on_the_ramekin_and_place_it_on_the_plate,8,fixed_initial_state,17008,0,600,25998665d3fdfa28b1c3ddd0ad13ea5b9433a64b025904e033de027857949d62
act,7,pick_up_the_black_bowl_on_the_ramekin_and_place_it_on_the_plate,15,fixed_initial_state,17015,1,107,25998665d3fdfa28b1c3ddd0ad13ea5b9433a64b025904e033de027857949d62
act,7,pick_up_the_black_bowl_on_the_ramekin_and_place_it_on_the_plate,16,fixed_initial_state,17016,1,108,25998665d3fdfa28b1c3ddd0ad13ea5b9433a64b025904e033de027857949d62
act,7,pick_up_the_black_bowl_on_the_ramekin_and_place_it_on_the_plate,14,fixed_initial_state,17014,1,156,25998665d3fdfa28b1c3ddd0ad13ea5b9433a64b025904e033de027857949d62
act,7,pick_up_the_black_bowl_on_the_ramekin_and_place_it_on_the_plate,18,fixed_initial_state,17018,1,104,25998665d3fdfa28b1c3ddd0ad13ea5b9433a64b025904e033de027857949d62
act,7,pick_up_the_black_bowl_on_the_ramekin_and_place_it_on_the_plate,20,fixed_initial_state,17020,1,103,25998665d3fdfa28b1c3ddd0ad13ea5b9433a64b025904e033de027857949d62
act,7,pick_up_the_black_bowl_on_the_ramekin_and_place_it_on_the_plate,10,fixed_initial_state,17010,0,600,25998665d3fdfa28b1c3ddd0ad13ea5b9433a64b025904e033de027857949d62
act,7,pick_up_the_black_bowl_on_the_ramekin_and_place_it_on_the_plate,19,fixed_initial_state,17019,1,120,25998665d3fdfa28b1c3ddd0ad13ea5b9433a64b025904e033de027857949d62
act,7,pick_up_the_black_bowl_on_the_ramekin_and_place_it_on_the_plate,23,fixed_initial_state,17023,1,105,25998665d3fdfa28b1c3ddd0ad13ea5b9433a64b025904e033de027857949d62
act,7,pick_up_the_black_bowl_on_the_ramekin_and_place_it_on_the_plate,24,fixed_initial_state,17024,1,103,25998665d3fdfa28b1c3ddd0ad13ea5b9433a64b025904e033de027857949d62
act,7,pick_up_the_black_bowl_on_the_ramekin_and_place_it_on_the_plate,25,fixed_initial_state,17025,1,100,25998665d3fdfa28b1c3ddd0ad13ea5b9433a64b025904e033de027857949d62
act,7,pick_up_the_black_bowl_on_the_ramekin_and_place_it_on_the_plate,26,fixed_initial_state,17026,1,94,25998665d3fdfa28b1c3ddd0ad13ea5b9433a64b025904e033de027857949d62
act,7,pick_up_the_black_bowl_on_the_ramekin_and_place_it_on_the_plate,28,fixed_initial_state,17028,1,104,25998665d3fdfa28b1c3ddd0ad13ea5b9433a64b025904e033de027857949d62
act,7,pick_up_the_black_bowl_on_the_ramekin_and_place_it_on_the_plate,29,fixed_initial_state,17029,1,112,25998665d3fdfa28b1c3ddd0ad13ea5b9433a64b025904e033de027857949d62
act,7,pick_up_the_black_bowl_on_the_ramekin_and_place_it_on_the_plate,30,fixed_initial_state,17030,1,154,25998665d3fdfa28b1c3ddd0ad13ea5b9433a64b025904e033de027857949d62
act,7,pick_up_the_black_bowl_on_the_ramekin_and_place_it_on_the_plate,12,fixed_initial_state,17012,0,600,25998665d3fdfa28b1c3ddd0ad13ea5b9433a64b025904e033de027857949d62
act,7,pick_up_the_black_bowl_on_the_ramekin_and_place_it_on_the_plate,13,fixed_initial_state,17013,0,600,25998665d3fdfa28b1c3ddd0ad13ea5b9433a64b025904e033de027857949d62
act,7,pick_up_the_black_bowl_on_the_ramekin_and_place_it_on_the_plate,32,fixed_initial_state,17032,1,94,25998665d3fdfa28b1c3ddd0ad13ea5b9433a64b025904e033de027857949d62
act,7,pick_up_the_black_bowl_on_the_ramekin_and_place_it_on_the_plate,17,fixed_initial_state,17017,0,600,25998665d3fdfa28b1c3ddd0ad13ea5b9433a64b025904e033de027857949d62
act,7,pick_up_the_black_bowl_on_the_ramekin_and_place_it_on_the_plate,34,fixed_initial_state,17034,1,97,25998665d3fdfa28b1c3ddd0ad13ea5b9433a64b025904e033de027857949d62
act,7,pick_up_the_black_bowl_on_the_ramekin_and_place_it_on_the_plate,33,fixed_initial_state,17033,1,120,25998665d3fdfa28b1c3ddd0ad13ea5b9433a64b025904e033de027857949d62
act,7,pick_up_the_black_bowl_on_the_ramekin_and_place_it_on_the_plate,21,fixed_initial_state,17021,0,600,25998665d3fdfa28b1c3ddd0ad13ea5b9433a64b025904e033de027857949d62
act,7,pick_up_the_black_bowl_on_the_ramekin_and_place_it_on_the_plate,35,fixed_initial_state,17035,1,106,25998665d3fdfa28b1c3ddd0ad13ea5b9433a64b025904e033de027857949d62
act,7,pick_up_the_black_bowl_on_the_ramekin_and_place_it_on_the_plate,37,fixed_initial_state,17037,1,101,25998665d3fdfa28b1c3ddd0ad13ea5b9433a64b025904e033de027857949d62
act,7,pick_up_the_black_bowl_on_the_ramekin_and_place_it_on_the_plate,22,fixed_initial_state,17022,0,600,25998665d3fdfa28b1c3ddd0ad13ea5b9433a64b025904e033de027857949d62
act,7,pick_up_the_black_bowl_on_the_ramekin_and_place_it_on_the_plate,38,fixed_initial_state,17038,1,101,25998665d3fdfa28b1c3ddd0ad13ea5b9433a64b025904e033de027857949d62
act,7,pick_up_the_black_bowl_on_the_ramekin_and_place_it_on_the_plate,36,fixed_initial_state,17036,1,156,25998665d3fdfa28b1c3ddd0ad13ea5b9433a64b025904e033de027857949d62
act,7,pick_up_the_black_bowl_on_the_ramekin_and_place_it_on_the_plate,39,fixed_initial_state,17039,1,103,25998665d3fdfa28b1c3ddd0ad13ea5b9433a64b025904e033de027857949d62
act,7,pick_up_the_black_bowl_on_the_ramekin_and_place_it_on_the_plate,41,fixed_initial_state,17041,1,96,25998665d3fdfa28b1c3ddd0ad13ea5b9433a64b025904e033de027857949d62
act,7,pick_up_the_black_bowl_on_the_ramekin_and_place_it_on_the_plate,40,fixed_initial_state,17040,1,106,25998665d3fdfa28b1c3ddd0ad13ea5b9433a64b025904e033de027857949d62
act,7,pick_up_the_black_bowl_on_the_ramekin_and_place_it_on_the_plate,27,fixed_initial_state,17027,0,600,25998665d3fdfa28b1c3ddd0ad13ea5b9433a64b025904e033de027857949d62
act,7,pick_up_the_black_bowl_on_the_ramekin_and_place_it_on_the_plate,43,fixed_initial_state,17043,1,98,25998665d3fdfa28b1c3ddd0ad13ea5b9433a64b025904e033de027857949d62
act,7,pick_up_the_black_bowl_on_the_ramekin_and_place_it_on_the_plate,44,fixed_initial_state,17044,1,92,25998665d3fdfa28b1c3ddd0ad13ea5b9433a64b025904e033de027857949d62
act,7,pick_up_the_black_bowl_on_the_ramekin_and_place_it_on_the_plate,45,fixed_initial_state,17045,1,101,25998665d3fdfa28b1c3ddd0ad13ea5b9433a64b025904e033de027857949d62
act,7,pick_up_the_black_bowl_on_the_ramekin_and_place_it_on_the_plate,47,fixed_initial_state,17047,1,101,25998665d3fdfa28b1c3ddd0ad13ea5b9433a64b025904e033de027857949d62
act,7,pick_up_the_black_bowl_on_the_ramekin_and_place_it_on_the_plate,46,fixed_initial_state,17046,1,111,25998665d3fdfa28b1c3ddd0ad13ea5b9433a64b025904e033de027857949d62
act,7,pick_up_the_black_bowl_on_the_ramekin_and_place_it_on_the_plate,49,fixed_initial_state,17049,1,94,25998665d3fdfa28b1c3ddd0ad13ea5b9433a64b025904e033de027857949d62
act,7,pick_up_the_black_bowl_on_the_ramekin_and_place_it_on_the_plate,48,fixed_initial_state,17048,1,100,25998665d3fdfa28b1c3ddd0ad13ea5b9433a64b025904e033de027857949d62
act,7,pick_up_the_black_bowl_on_the_ramekin_and_place_it_on_the_plate,31,fixed_initial_state,17031,0,600,25998665d3fdfa28b1c3ddd0ad13ea5b9433a64b025904e033de027857949d62
act,7,pick_up_the_black_bowl_on_the_ramekin_and_place_it_on_the_plate,42,fixed_initial_state,17042,0,600,25998665d3fdfa28b1c3ddd0ad13ea5b9433a64b025904e033de027857949d62
dp,7,pick_up_the_black_bowl_on_the_ramekin_and_place_it_on_the_plate,2,fixed_initial_state,17002,1,101,1478da38dd26ac2b210d399d401073bdaddf5660bc60ca07b5680ed38f9cfa66
dp,7,pick_up_the_black_bowl_on_the_ramekin_and_place_it_on_the_plate,1,fixed_initial_state,17001,1,107,1478da38dd26ac2b210d399d401073bdaddf5660bc60ca07b5680ed38f9cfa66
dp,7,pick_up_the_black_bowl_on_the_ramekin_and_place_it_on_the_plate,7,fixed_initial_state,17007,1,113,1478da38dd26ac2b210d399d401073bdaddf5660bc60ca07b5680ed38f9cfa66
dp,7,pick_up_the_black_bowl_on_the_ramekin_and_place_it_on_the_plate,4,fixed_initial_state,17004,1,202,1478da38dd26ac2b210d399d401073bdaddf5660bc60ca07b5680ed38f9cfa66
dp,7,pick_up_the_black_bowl_on_the_ramekin_and_place_it_on_the_plate,9,fixed_initial_state,17009,1,96,1478da38dd26ac2b210d399d401073bdaddf5660bc60ca07b5680ed38f9cfa66
dp,7,pick_up_the_black_bowl_on_the_ramekin_and_place_it_on_the_plate,12,fixed_initial_state,17012,1,105,1478da38dd26ac2b210d399d401073bdaddf5660bc60ca07b5680ed38f9cfa66
dp,7,pick_up_the_black_bowl_on_the_ramekin_and_place_it_on_the_plate,11,fixed_initial_state,17011,1,113,1478da38dd26ac2b210d399d401073bdaddf5660bc60ca07b5680ed38f9cfa66
dp,7,pick_up_the_black_bowl_on_the_ramekin_and_place_it_on_the_plate,13,fixed_initial_state,17013,1,103,1478da38dd26ac2b210d399d401073bdaddf5660bc60ca07b5680ed38f9cfa66
dp,7,pick_up_the_black_bowl_on_the_ramekin_and_place_it_on_the_plate,14,fixed_initial_state,17014,1,159,1478da38dd26ac2b210d399d401073bdaddf5660bc60ca07b5680ed38f9cfa66
dp,7,pick_up_the_black_bowl_on_the_ramekin_and_place_it_on_the_plate,15,fixed_initial_state,17015,1,99,1478da38dd26ac2b210d399d401073bdaddf5660bc60ca07b5680ed38f9cfa66
dp,7,pick_up_the_black_bowl_on_the_ramekin_and_place_it_on_the_plate,0,fixed_initial_state,17000,0,600,1478da38dd26ac2b210d399d401073bdaddf5660bc60ca07b5680ed38f9cfa66
dp,7,pick_up_the_black_bowl_on_the_ramekin_and_place_it_on_the_plate,3,fixed_initial_state,17003,0,600,1478da38dd26ac2b210d399d401073bdaddf5660bc60ca07b5680ed38f9cfa66
dp,7,pick_up_the_black_bowl_on_the_ramekin_and_place_it_on_the_plate,5,fixed_initial_state,17005,0,600,1478da38dd26ac2b210d399d401073bdaddf5660bc60ca07b5680ed38f9cfa66
dp,7,pick_up_the_black_bowl_on_the_ramekin_and_place_it_on_the_plate,6,fixed_initial_state,17006,0,600,1478da38dd26ac2b210d399d401073bdaddf5660bc60ca07b5680ed38f9cfa66
dp,7,pick_up_the_black_bowl_on_the_ramekin_and_place_it_on_the_plate,17,fixed_initial_state,17017,1,112,1478da38dd26ac2b210d399d401073bdaddf5660bc60ca07b5680ed38f9cfa66
dp,7,pick_up_the_black_bowl_on_the_ramekin_and_place_it_on_the_plate,21,fixed_initial_state,17021,1,100,1478da38dd26ac2b210d399d401073bdaddf5660bc60ca07b5680ed38f9cfa66
dp,7,pick_up_the_black_bowl_on_the_ramekin_and_place_it_on_the_plate,8,fixed_initial_state,17008,0,600,1478da38dd26ac2b210d399d401073bdaddf5660bc60ca07b5680ed38f9cfa66
dp,7,pick_up_the_black_bowl_on_the_ramekin_and_place_it_on_the_plate,18,fixed_initial_state,17018,1,110,1478da38dd26ac2b210d399d401073bdaddf5660bc60ca07b5680ed38f9cfa66
dp,7,pick_up_the_black_bowl_on_the_ramekin_and_place_it_on_the_plate,10,fixed_initial_state,17010,0,600,1478da38dd26ac2b210d399d401073bdaddf5660bc60ca07b5680ed38f9cfa66
dp,7,pick_up_the_black_bowl_on_the_ramekin_and_place_it_on_the_plate,19,fixed_initial_state,17019,1,120,1478da38dd26ac2b210d399d401073bdaddf5660bc60ca07b5680ed38f9cfa66
dp,7,pick_up_the_black_bowl_on_the_ramekin_and_place_it_on_the_plate,22,fixed_initial_state,17022,1,113,1478da38dd26ac2b210d399d401073bdaddf5660bc60ca07b5680ed38f9cfa66
dp,7,pick_up_the_black_bowl_on_the_ramekin_and_place_it_on_the_plate,24,fixed_initial_state,17024,1,93,1478da38dd26ac2b210d399d401073bdaddf5660bc60ca07b5680ed38f9cfa66
dp,7,pick_up_the_black_bowl_on_the_ramekin_and_place_it_on_the_plate,23,fixed_initial_state,17023,1,102,1478da38dd26ac2b210d399d401073bdaddf5660bc60ca07b5680ed38f9cfa66
dp,7,pick_up_the_black_bowl_on_the_ramekin_and_place_it_on_the_plate,25,fixed_initial_state,17025,1,99,1478da38dd26ac2b210d399d401073bdaddf5660bc60ca07b5680ed38f9cfa66
dp,7,pick_up_the_black_bowl_on_the_ramekin_and_place_it_on_the_plate,26,fixed_initial_state,17026,1,111,1478da38dd26ac2b210d399d401073bdaddf5660bc60ca07b5680ed38f9cfa66
dp,7,pick_up_the_black_bowl_on_the_ramekin_and_place_it_on_the_plate,28,fixed_initial_state,17028,1,100,1478da38dd26ac2b210d399d401073bdaddf5660bc60ca07b5680ed38f9cfa66
dp,7,pick_up_the_black_bowl_on_the_ramekin_and_place_it_on_the_plate,27,fixed_initial_state,17027,1,155,1478da38dd26ac2b210d399d401073bdaddf5660bc60ca07b5680ed38f9cfa66
dp,7,pick_up_the_black_bowl_on_the_ramekin_and_place_it_on_the_plate,31,fixed_initial_state,17031,1,104,1478da38dd26ac2b210d399d401073bdaddf5660bc60ca07b5680ed38f9cfa66
dp,7,pick_up_the_black_bowl_on_the_ramekin_and_place_it_on_the_plate,30,fixed_initial_state,17030,1,135,1478da38dd26ac2b210d399d401073bdaddf5660bc60ca07b5680ed38f9cfa66
dp,7,pick_up_the_black_bowl_on_the_ramekin_and_place_it_on_the_plate,33,fixed_initial_state,17033,1,102,1478da38dd26ac2b210d399d401073bdaddf5660bc60ca07b5680ed38f9cfa66
dp,7,pick_up_the_black_bowl_on_the_ramekin_and_place_it_on_the_plate,34,fixed_initial_state,17034,1,101,1478da38dd26ac2b210d399d401073bdaddf5660bc60ca07b5680ed38f9cfa66
dp,7,pick_up_the_black_bowl_on_the_ramekin_and_place_it_on_the_plate,35,fixed_initial_state,17035,1,105,1478da38dd26ac2b210d399d401073bdaddf5660bc60ca07b5680ed38f9cfa66
dp,7,pick_up_the_black_bowl_on_the_ramekin_and_place_it_on_the_plate,36,fixed_initial_state,17036,1,101,1478da38dd26ac2b210d399d401073bdaddf5660bc60ca07b5680ed38f9cfa66
dp,7,pick_up_the_black_bowl_on_the_ramekin_and_place_it_on_the_plate,16,fixed_initial_state,17016,0,600,1478da38dd26ac2b210d399d401073bdaddf5660bc60ca07b5680ed38f9cfa66
dp,7,pick_up_the_black_bowl_on_the_ramekin_and_place_it_on_the_plate,39,fixed_initial_state,17039,1,97,1478da38dd26ac2b210d399d401073bdaddf5660bc60ca07b5680ed38f9cfa66
dp,7,pick_up_the_black_bowl_on_the_ramekin_and_place_it_on_the_plate,41,fixed_initial_state,17041,1,96,1478da38dd26ac2b210d399d401073bdaddf5660bc60ca07b5680ed38f9cfa66
dp,7,pick_up_the_black_bowl_on_the_ramekin_and_place_it_on_the_plate,20,fixed_initial_state,17020,0,600,1478da38dd26ac2b210d399d401073bdaddf5660bc60ca07b5680ed38f9cfa66
dp,7,pick_up_the_black_bowl_on_the_ramekin_and_place_it_on_the_plate,42,fixed_initial_state,17042,1,107,1478da38dd26ac2b210d399d401073bdaddf5660bc60ca07b5680ed38f9cfa66
dp,7,pick_up_the_black_bowl_on_the_ramekin_and_place_it_on_the_plate,43,fixed_initial_state,17043,1,114,1478da38dd26ac2b210d399d401073bdaddf5660bc60ca07b5680ed38f9cfa66
dp,7,pick_up_the_black_bowl_on_the_ramekin_and_place_it_on_the_plate,44,fixed_initial_state,17044,1,104,1478da38dd26ac2b210d399d401073bdaddf5660bc60ca07b5680ed38f9cfa66
dp,7,pick_up_the_black_bowl_on_the_ramekin_and_place_it_on_the_plate,45,fixed_initial_state,17045,1,98,1478da38dd26ac2b210d399d401073bdaddf5660bc60ca07b5680ed38f9cfa66
dp,7,pick_up_the_black_bowl_on_the_ramekin_and_place_it_on_the_plate,46,fixed_initial_state,17046,1,99,1478da38dd26ac2b210d399d401073bdaddf5660bc60ca07b5680ed38f9cfa66
dp,7,pick_up_the_black_bowl_on_the_ramekin_and_place_it_on_the_plate,29,fixed_initial_state,17029,0,600,1478da38dd26ac2b210d399d401073bdaddf5660bc60ca07b5680ed38f9cfa66
dp,7,pick_up_the_black_bowl_on_the_ramekin_and_place_it_on_the_plate,47,fixed_initial_state,17047,1,108,1478da38dd26ac2b210d399d401073bdaddf5660bc60ca07b5680ed38f9cfa66
dp,7,pick_up_the_black_bowl_on_the_ramekin_and_place_it_on_the_plate,32,fixed_initial_state,17032,0,600,1478da38dd26ac2b210d399d401073bdaddf5660bc60ca07b5680ed38f9cfa66
dp,7,pick_up_the_black_bowl_on_the_ramekin_and_place_it_on_the_plate,48,fixed_initial_state,17048,1,108,1478da38dd26ac2b210d399d401073bdaddf5660bc60ca07b5680ed38f9cfa66
dp,7,pick_up_the_black_bowl_on_the_ramekin_and_place_it_on_the_plate,49,fixed_initial_state,17049,1,105,1478da38dd26ac2b210d399d401073bdaddf5660bc60ca07b5680ed38f9cfa66
dp,7,pick_up_the_black_bowl_on_the_ramekin_and_place_it_on_the_plate,37,fixed_initial_state,17037,0,600,1478da38dd26ac2b210d399d401073bdaddf5660bc60ca07b5680ed38f9cfa66
dp,7,pick_up_the_black_bowl_on_the_ramekin_and_place_it_on_the_plate,38,fixed_initial_state,17038,0,600,1478da38dd26ac2b210d399d401073bdaddf5660bc60ca07b5680ed38f9cfa66
dp,7,pick_up_the_black_bowl_on_the_ramekin_and_place_it_on_the_plate,40,fixed_initial_state,17040,0,600,1478da38dd26ac2b210d399d401073bdaddf5660bc60ca07b5680ed38f9cfa66
smolvla,5,pick_up_the_black_bowl_on_the_ramekin_and_place_it_on_the_plate,0,native_episode_index,,1,,00e97bf8074a70e4bf53a474d99c6e105c52dffd09a10655614297ffc2fe4b83
smolvla,5,pick_up_the_black_bowl_on_the_ramekin_and_place_it_on_the_plate,1,native_episode_index,,1,,00e97bf8074a70e4bf53a474d99c6e105c52dffd09a10655614297ffc2fe4b83
smolvla,5,pick_up_the_black_bowl_on_the_ramekin_and_place_it_on_the_plate,2,native_episode_index,,1,,00e97bf8074a70e4bf53a474d99c6e105c52dffd09a10655614297ffc2fe4b83
smolvla,5,pick_up_the_black_bowl_on_the_ramekin_and_place_it_on_the_plate,3,native_episode_index,,1,,00e97bf8074a70e4bf53a474d99c6e105c52dffd09a10655614297ffc2fe4b83
smolvla,5,pick_up_the_black_bowl_on_the_ramekin_and_place_it_on_the_plate,4,native_episode_index,,1,,00e97bf8074a70e4bf53a474d99c6e105c52dffd09a10655614297ffc2fe4b83
smolvla,5,pick_up_the_black_bowl_on_the_ramekin_and_place_it_on_the_plate,5,native_episode_index,,1,,00e97bf8074a70e4bf53a474d99c6e105c52dffd09a10655614297ffc2fe4b83
smolvla,5,pick_up_the_black_bowl_on_the_ramekin_and_place_it_on_the_plate,6,native_episode_index,,1,,00e97bf8074a70e4bf53a474d99c6e105c52dffd09a10655614297ffc2fe4b83
smolvla,5,pick_up_the_black_bowl_on_the_ramekin_and_place_it_on_the_plate,7,native_episode_index,,1,,00e97bf8074a70e4bf53a474d99c6e105c52dffd09a10655614297ffc2fe4b83
smolvla,5,pick_up_the_black_bowl_on_the_ramekin_and_place_it_on_the_plate,8,native_episode_index,,1,,00e97bf8074a70e4bf53a474d99c6e105c52dffd09a10655614297ffc2fe4b83
smolvla,5,pick_up_the_black_bowl_on_the_ramekin_and_place_it_on_the_plate,9,native_episode_index,,1,,00e97bf8074a70e4bf53a474d99c6e105c52dffd09a10655614297ffc2fe4b83
smolvla,5,pick_up_the_black_bowl_on_the_ramekin_and_place_it_on_the_plate,10,native_episode_index,,1,,00e97bf8074a70e4bf53a474d99c6e105c52dffd09a10655614297ffc2fe4b83
smolvla,5,pick_up_the_black_bowl_on_the_ramekin_and_place_it_on_the_plate,11,native_episode_index,,1,,00e97bf8074a70e4bf53a474d99c6e105c52dffd09a10655614297ffc2fe4b83
smolvla,5,pick_up_the_black_bowl_on_the_ramekin_and_place_it_on_the_plate,12,native_episode_index,,1,,00e97bf8074a70e4bf53a474d99c6e105c52dffd09a10655614297ffc2fe4b83
smolvla,5,pick_up_the_black_bowl_on_the_ramekin_and_place_it_on_the_plate,13,native_episode_index,,1,,00e97bf8074a70e4bf53a474d99c6e105c52dffd09a10655614297ffc2fe4b83
smolvla,5,pick_up_the_black_bowl_on_the_ramekin_and_place_it_on_the_plate,14,native_episode_index,,1,,00e97bf8074a70e4bf53a474d99c6e105c52dffd09a10655614297ffc2fe4b83
smolvla,5,pick_up_the_black_bowl_on_the_ramekin_and_place_it_on_the_plate,15,native_episode_index,,0,,00e97bf8074a70e4bf53a474d99c6e105c52dffd09a10655614297ffc2fe4b83
smolvla,5,pick_up_the_black_bowl_on_the_ramekin_and_place_it_on_the_plate,16,native_episode_index,,0,,00e97bf8074a70e4bf53a474d99c6e105c52dffd09a10655614297ffc2fe4b83
smolvla,5,pick_up_the_black_bowl_on_the_ramekin_and_place_it_on_the_plate,17,native_episode_index,,1,,00e97bf8074a70e4bf53a474d99c6e105c52dffd09a10655614297ffc2fe4b83
smolvla,5,pick_up_the_black_bowl_on_the_ramekin_and_place_it_on_the_plate,18,native_episode_index,,1,,00e97bf8074a70e4bf53a474d99c6e105c52dffd09a10655614297ffc2fe4b83
smolvla,5,pick_up_the_black_bowl_on_the_ramekin_and_place_it_on_the_plate,19,native_episode_index,,0,,00e97bf8074a70e4bf53a474d99c6e105c52dffd09a10655614297ffc2fe4b83
smolvla,5,pick_up_the_black_bowl_on_the_ramekin_and_place_it_on_the_plate,20,native_episode_index,,1,,00e97bf8074a70e4bf53a474d99c6e105c52dffd09a10655614297ffc2fe4b83
smolvla,5,pick_up_the_black_bowl_on_the_ramekin_and_place_it_on_the_plate,21,native_episode_index,,1,,00e97bf8074a70e4bf53a474d99c6e105c52dffd09a10655614297ffc2fe4b83
smolvla,5,pick_up_the_black_bowl_on_the_ramekin_and_place_it_on_the_plate,22,native_episode_index,,1,,00e97bf8074a70e4bf53a474d99c6e105c52dffd09a10655614297ffc2fe4b83
smolvla,5,pick_up_the_black_bowl_on_the_ramekin_and_place_it_on_the_plate,23,native_episode_index,,1,,00e97bf8074a70e4bf53a474d99c6e105c52dffd09a10655614297ffc2fe4b83
smolvla,5,pick_up_the_black_bowl_on_the_ramekin_and_place_it_on_the_plate,24,native_episode_index,,1,,00e97bf8074a70e4bf53a474d99c6e105c52dffd09a10655614297ffc2fe4b83
smolvla,5,pick_up_the_black_bowl_on_the_ramekin_and_place_it_on_the_plate,25,native_episode_index,,1,,00e97bf8074a70e4bf53a474d99c6e105c52dffd09a10655614297ffc2fe4b83
smolvla,5,pick_up_the_black_bowl_on_the_ramekin_and_place_it_on_the_plate,26,native_episode_index,,1,,00e97bf8074a70e4bf53a474d99c6e105c52dffd09a10655614297ffc2fe4b83
smolvla,5,pick_up_the_black_bowl_on_the_ramekin_and_place_it_on_the_plate,27,native_episode_index,,1,,00e97bf8074a70e4bf53a474d99c6e105c52dffd09a10655614297ffc2fe4b83
smolvla,5,pick_up_the_black_bowl_on_the_ramekin_and_place_it_on_the_plate,28,native_episode_index,,1,,00e97bf8074a70e4bf53a474d99c6e105c52dffd09a10655614297ffc2fe4b83
smolvla,5,pick_up_the_black_bowl_on_the_ramekin_and_place_it_on_the_plate,29,native_episode_index,,1,,00e97bf8074a70e4bf53a474d99c6e105c52dffd09a10655614297ffc2fe4b83
smolvla,5,pick_up_the_black_bowl_on_the_ramekin_and_place_it_on_the_plate,30,native_episode_index,,1,,00e97bf8074a70e4bf53a474d99c6e105c52dffd09a10655614297ffc2fe4b83
smolvla,5,pick_up_the_black_bowl_on_the_ramekin_and_place_it_on_the_plate,31,native_episode_index,,1,,00e97bf8074a70e4bf53a474d99c6e105c52dffd09a10655614297ffc2fe4b83
smolvla,5,pick_up_the_black_bowl_on_the_ramekin_and_place_it_on_the_plate,32,native_episode_index,,1,,00e97bf8074a70e4bf53a474d99c6e105c52dffd09a10655614297ffc2fe4b83
smolvla,5,pick_up_the_black_bowl_on_the_ramekin_and_place_it_on_the_plate,33,native_episode_index,,1,,00e97bf8074a70e4bf53a474d99c6e105c52dffd09a10655614297ffc2fe4b83
smolvla,5,pick_up_the_black_bowl_on_the_ramekin_and_place_it_on_the_plate,34,native_episode_index,,1,,00e97bf8074a70e4bf53a474d99c6e105c52dffd09a10655614297ffc2fe4b83
smolvla,5,pick_up_the_black_bowl_on_the_ramekin_and_place_it_on_the_plate,35,native_episode_index,,1,,00e97bf8074a70e4bf53a474d99c6e105c52dffd09a10655614297ffc2fe4b83
smolvla,5,pick_up_the_black_bowl_on_the_ramekin_and_place_it_on_the_plate,36,native_episode_index,,1,,00e97bf8074a70e4bf53a474d99c6e105c52dffd09a10655614297ffc2fe4b83
smolvla,5,pick_up_the_black_bowl_on_the_ramekin_and_place_it_on_the_plate,37,native_episode_index,,1,,00e97bf8074a70e4bf53a474d99c6e105c52dffd09a10655614297ffc2fe4b83
smolvla,5,pick_up_the_black_bowl_on_the_ramekin_and_place_it_on_the_plate,38,native_episode_index,,1,,00e97bf8074a70e4bf53a474d99c6e105c52dffd09a10655614297ffc2fe4b83
smolvla,5,pick_up_the_black_bowl_on_the_ramekin_and_place_it_on_the_plate,39,native_episode_index,,1,,00e97bf8074a70e4bf53a474d99c6e105c52dffd09a10655614297ffc2fe4b83
smolvla,5,pick_up_the_black_bowl_on_the_ramekin_and_place_it_on_the_plate,40,native_episode_index,,1,,00e97bf8074a70e4bf53a474d99c6e105c52dffd09a10655614297ffc2fe4b83
smolvla,5,pick_up_the_black_bowl_on_the_ramekin_and_place_it_on_the_plate,41,native_episode_index,,1,,00e97bf8074a70e4bf53a474d99c6e105c52dffd09a10655614297ffc2fe4b83
smolvla,5,pick_up_the_black_bowl_on_the_ramekin_and_place_it_on_the_plate,42,native_episode_index,,1,,00e97bf8074a70e4bf53a474d99c6e105c52dffd09a10655614297ffc2fe4b83
smolvla,5,pick_up_the_black_bowl_on_the_ramekin_and_place_it_on_the_plate,43,native_episode_index,,1,,00e97bf8074a70e4bf53a474d99c6e105c52dffd09a10655614297ffc2fe4b83
smolvla,5,pick_up_the_black_bowl_on_the_ramekin_and_place_it_on_the_plate,44,native_episode_index,,1,,00e97bf8074a70e4bf53a474d99c6e105c52dffd09a10655614297ffc2fe4b83
smolvla,5,pick_up_the_black_bowl_on_the_ramekin_and_place_it_on_the_plate,45,native_episode_index,,1,,00e97bf8074a70e4bf53a474d99c6e105c52dffd09a10655614297ffc2fe4b83
smolvla,5,pick_up_the_black_bowl_on_the_ramekin_and_place_it_on_the_plate,46,native_episode_index,,1,,00e97bf8074a70e4bf53a474d99c6e105c52dffd09a10655614297ffc2fe4b83
smolvla,5,pick_up_the_black_bowl_on_the_ramekin_and_place_it_on_the_plate,47,native_episode_index,,1,,00e97bf8074a70e4bf53a474d99c6e105c52dffd09a10655614297ffc2fe4b83
smolvla,5,pick_up_the_black_bowl_on_the_ramekin_and_place_it_on_the_plate,48,native_episode_index,,1,,00e97bf8074a70e4bf53a474d99c6e105c52dffd09a10655614297ffc2fe4b83
smolvla,5,pick_up_the_black_bowl_on_the_ramekin_and_place_it_on_the_plate,49,native_episode_index,,1,,00e97bf8074a70e4bf53a474d99c6e105c52dffd09a10655614297ffc2fe4b83
pi0,0,pick_up_the_black_bowl_between_the_plate_and_the_ramekin_and_place_it_on_the_plate,0,fixed_initial_state,10000,1,80,8a9f98014dea8b5aba02cba766a5ca7ba4512e32a3d3b84c871909fed3a4e9a6
pi0,0,pick_up_the_black_bowl_between_the_plate_and_the_ramekin_and_place_it_on_the_plate,1,fixed_initial_state,10001,1,82,8a9f98014dea8b5aba02cba766a5ca7ba4512e32a3d3b84c871909fed3a4e9a6
pi0,0,pick_up_the_black_bowl_between_the_plate_and_the_ramekin_and_place_it_on_the_plate,2,fixed_initial_state,10002,1,81,8a9f98014dea8b5aba02cba766a5ca7ba4512e32a3d3b84c871909fed3a4e9a6
pi0,0,pick_up_the_black_bowl_between_the_plate_and_the_ramekin_and_place_it_on_the_plate,3,fixed_initial_state,10003,1,76,8a9f98014dea8b5aba02cba766a5ca7ba4512e32a3d3b84c871909fed3a4e9a6
pi0,0,pick_up_the_black_bowl_between_the_plate_and_the_ramekin_and_place_it_on_the_plate,4,fixed_initial_state,10004,1,112,8a9f98014dea8b5aba02cba766a5ca7ba4512e32a3d3b84c871909fed3a4e9a6
pi0,0,pick_up_the_black_bowl_between_the_plate_and_the_ramekin_and_place_it_on_the_plate,5,fixed_initial_state,10005,1,74,8a9f98014dea8b5aba02cba766a5ca7ba4512e32a3d3b84c871909fed3a4e9a6
pi0,0,pick_up_the_black_bowl_between_the_plate_and_the_ramekin_and_place_it_on_the_plate,6,fixed_initial_state,10006,1,76,8a9f98014dea8b5aba02cba766a5ca7ba4512e32a3d3b84c871909fed3a4e9a6
pi0,0,pick_up_the_black_bowl_between_the_plate_and_the_ramekin_and_place_it_on_the_plate,7,fixed_initial_state,10007,1,85,8a9f98014dea8b5aba02cba766a5ca7ba4512e32a3d3b84c871909fed3a4e9a6
pi0,0,pick_up_the_black_bowl_between_the_plate_and_the_ramekin_and_place_it_on_the_plate,8,fixed_initial_state,10008,1,82,8a9f98014dea8b5aba02cba766a5ca7ba4512e32a3d3b84c871909fed3a4e9a6
pi0,0,pick_up_the_black_bowl_between_the_plate_and_the_ramekin_and_place_it_on_the_plate,9,fixed_initial_state,10009,1,74,8a9f98014dea8b5aba02cba766a5ca7ba4512e32a3d3b84c871909fed3a4e9a6
pi0,0,pick_up_the_black_bowl_between_the_plate_and_the_ramekin_and_place_it_on_the_plate,10,fixed_initial_state,10010,1,110,8a9f98014dea8b5aba02cba766a5ca7ba4512e32a3d3b84c871909fed3a4e9a6
pi0,0,pick_up_the_black_bowl_between_the_plate_and_the_ramekin_and_place_it_on_the_plate,11,fixed_initial_state,10011,1,76,8a9f98014dea8b5aba02cba766a5ca7ba4512e32a3d3b84c871909fed3a4e9a6
pi0,0,pick_up_the_black_bowl_between_the_plate_and_the_ramekin_and_place_it_on_the_plate,12,fixed_initial_state,10012,1,78,8a9f98014dea8b5aba02cba766a5ca7ba4512e32a3d3b84c871909fed3a4e9a6
pi0,0,pick_up_the_black_bowl_between_the_plate_and_the_ramekin_and_place_it_on_the_plate,13,fixed_initial_state,10013,1,111,8a9f98014dea8b5aba02cba766a5ca7ba4512e32a3d3b84c871909fed3a4e9a6
pi0,0,pick_up_the_black_bowl_between_the_plate_and_the_ramekin_and_place_it_on_the_plate,14,fixed_initial_state,10014,1,79,8a9f98014dea8b5aba02cba766a5ca7ba4512e32a3d3b84c871909fed3a4e9a6
pi0,0,pick_up_the_black_bowl_between_the_plate_and_the_ramekin_and_place_it_on_the_plate,15,fixed_initial_state,10015,1,72,8a9f98014dea8b5aba02cba766a5ca7ba4512e32a3d3b84c871909fed3a4e9a6
pi0,0,pick_up_the_black_bowl_between_the_plate_and_the_ramekin_and_place_it_on_the_plate,16,fixed_initial_state,10016,1,78,8a9f98014dea8b5aba02cba766a5ca7ba4512e32a3d3b84c871909fed3a4e9a6
pi0,0,pick_up_the_black_bowl_between_the_plate_and_the_ramekin_and_place_it_on_the_plate,17,fixed_initial_state,10017,1,76,8a9f98014dea8b5aba02cba766a5ca7ba4512e32a3d3b84c871909fed3a4e9a6
pi0,0,pick_up_the_black_bowl_between_the_plate_and_the_ramekin_and_place_it_on_the_plate,18,fixed_initial_state,10018,1,85,8a9f98014dea8b5aba02cba766a5ca7ba4512e32a3d3b84c871909fed3a4e9a6
pi0,0,pick_up_the_black_bowl_between_the_plate_and_the_ramekin_and_place_it_on_the_plate,19,fixed_initial_state,10019,1,79,8a9f98014dea8b5aba02cba766a5ca7ba4512e32a3d3b84c871909fed3a4e9a6
pi0,0,pick_up_the_black_bowl_between_the_plate_and_the_ramekin_and_place_it_on_the_plate,20,fixed_initial_state,10020,1,79,8a9f98014dea8b5aba02cba766a5ca7ba4512e32a3d3b84c871909fed3a4e9a6
pi0,0,pick_up_the_black_bowl_between_the_plate_and_the_ramekin_and_place_it_on_the_plate,21,fixed_initial_state,10021,1,78,8a9f98014dea8b5aba02cba766a5ca7ba4512e32a3d3b84c871909fed3a4e9a6
pi0,0,pick_up_the_black_bowl_between_the_plate_and_the_ramekin_and_place_it_on_the_plate,22,fixed_initial_state,10022,1,76,8a9f98014dea8b5aba02cba766a5ca7ba4512e32a3d3b84c871909fed3a4e9a6
pi0,0,pick_up_the_black_bowl_between_the_plate_and_the_ramekin_and_place_it_on_the_plate,23,fixed_initial_state,10023,1,75,8a9f98014dea8b5aba02cba766a5ca7ba4512e32a3d3b84c871909fed3a4e9a6
pi0,0,pick_up_the_black_bowl_between_the_plate_and_the_ramekin_and_place_it_on_the_plate,24,fixed_initial_state,10024,1,77,8a9f98014dea8b5aba02cba766a5ca7ba4512e32a3d3b84c871909fed3a4e9a6
pi0,0,pick_up_the_black_bowl_between_the_plate_and_the_ramekin_and_place_it_on_the_plate,25,fixed_initial_state,10025,1,74,8a9f98014dea8b5aba02cba766a5ca7ba4512e32a3d3b84c871909fed3a4e9a6
pi0,0,pick_up_the_black_bowl_between_the_plate_and_the_ramekin_and_place_it_on_the_plate,26,fixed_initial_state,10026,1,82,8a9f98014dea8b5aba02cba766a5ca7ba4512e32a3d3b84c871909fed3a4e9a6
pi0,0,pick_up_the_black_bowl_between_the_plate_and_the_ramekin_and_place_it_on_the_plate,27,fixed_initial_state,10027,1,83,8a9f98014dea8b5aba02cba766a5ca7ba4512e32a3d3b84c871909fed3a4e9a6
pi0,0,pick_up_the_black_bowl_between_the_plate_and_the_ramekin_and_place_it_on_the_plate,28,fixed_initial_state,10028,1,79,8a9f98014dea8b5aba02cba766a5ca7ba4512e32a3d3b84c871909fed3a4e9a6
pi0,0,pick_up_the_black_bowl_between_the_plate_and_the_ramekin_and_place_it_on_the_plate,29,fixed_initial_state,10029,1,76,8a9f98014dea8b5aba02cba766a5ca7ba4512e32a3d3b84c871909fed3a4e9a6
pi0,0,pick_up_the_black_bowl_between_the_plate_and_the_ramekin_and_place_it_on_the_plate,30,fixed_initial_state,10030,1,80,8a9f98014dea8b5aba02cba766a5ca7ba4512e32a3d3b84c871909fed3a4e9a6
pi0,0,pick_up_the_black_bowl_between_the_plate_and_the_ramekin_and_place_it_on_the_plate,31,fixed_initial_state,10031,1,78,8a9f98014dea8b5aba02cba766a5ca7ba4512e32a3d3b84c871909fed3a4e9a6
pi0,0,pick_up_the_black_bowl_between_the_plate_and_the_ramekin_and_place_it_on_the_plate,32,fixed_initial_state,10032,1,76,8a9f98014dea8b5aba02cba766a5ca7ba4512e32a3d3b84c871909fed3a4e9a6
pi0,0,pick_up_the_black_bowl_between_the_plate_and_the_ramekin_and_place_it_on_the_plate,33,fixed_initial_state,10033,1,75,8a9f98014dea8b5aba02cba766a5ca7ba4512e32a3d3b84c871909fed3a4e9a6
pi0,0,pick_up_the_black_bowl_between_the_plate_and_the_ramekin_and_place_it_on_the_plate,34,fixed_initial_state,10034,1,76,8a9f98014dea8b5aba02cba766a5ca7ba4512e32a3d3b84c871909fed3a4e9a6
pi0,0,pick_up_the_black_bowl_between_the_plate_and_the_ramekin_and_place_it_on_the_plate,35,fixed_initial_state,10035,1,70,8a9f98014dea8b5aba02cba766a5ca7ba4512e32a3d3b84c871909fed3a4e9a6
pi0,0,pick_up_the_black_bowl_between_the_plate_and_the_ramekin_and_place_it_on_the_plate,36,fixed_initial_state,10036,1,99,8a9f98014dea8b5aba02cba766a5ca7ba4512e32a3d3b84c871909fed3a4e9a6
pi0,0,pick_up_the_black_bowl_between_the_plate_and_the_ramekin_and_place_it_on_the_plate,37,fixed_initial_state,10037,1,81,8a9f98014dea8b5aba02cba766a5ca7ba4512e32a3d3b84c871909fed3a4e9a6
pi0,0,pick_up_the_black_bowl_between_the_plate_and_the_ramekin_and_place_it_on_the_plate,38,fixed_initial_state,10038,1,86,8a9f98014dea8b5aba02cba766a5ca7ba4512e32a3d3b84c871909fed3a4e9a6
pi0,0,pick_up_the_black_bowl_between_the_plate_and_the_ramekin_and_place_it_on_the_plate,39,fixed_initial_state,10039,1,76,8a9f98014dea8b5aba02cba766a5ca7ba4512e32a3d3b84c871909fed3a4e9a6
pi0,0,pick_up_the_black_bowl_between_the_plate_and_the_ramekin_and_place_it_on_the_plate,40,fixed_initial_state,10040,1,79,8a9f98014dea8b5aba02cba766a5ca7ba4512e32a3d3b84c871909fed3a4e9a6
pi0,0,pick_up_the_black_bowl_between_the_plate_and_the_ramekin_and_place_it_on_the_plate,41,fixed_initial_state,10041,1,77,8a9f98014dea8b5aba02cba766a5ca7ba4512e32a3d3b84c871909fed3a4e9a6
pi0,0,pick_up_the_black_bowl_between_the_plate_and_the_ramekin_and_place_it_on_the_plate,42,fixed_initial_state,10042,1,75,8a9f98014dea8b5aba02cba766a5ca7ba4512e32a3d3b84c871909fed3a4e9a6
pi0,0,pick_up_the_black_bowl_between_the_plate_and_the_ramekin_and_place_it_on_the_plate,43,fixed_initial_state,10043,1,75,8a9f98014dea8b5aba02cba766a5ca7ba4512e32a3d3b84c871909fed3a4e9a6
pi0,0,pick_up_the_black_bowl_between_the_plate_and_the_ramekin_and_place_it_on_the_plate,44,fixed_initial_state,10044,1,73,8a9f98014dea8b5aba02cba766a5ca7ba4512e32a3d3b84c871909fed3a4e9a6
pi0,0,pick_up_the_black_bowl_between_the_plate_and_the_ramekin_and_place_it_on_the_plate,45,fixed_initial_state,10045,1,78,8a9f98014dea8b5aba02cba766a5ca7ba4512e32a3d3b84c871909fed3a4e9a6
pi0,0,pick_up_the_black_bowl_between_the_plate_and_the_ramekin_and_place_it_on_the_plate,46,fixed_initial_state,10046,1,77,8a9f98014dea8b5aba02cba766a5ca7ba4512e32a3d3b84c871909fed3a4e9a6
pi0,0,pick_up_the_black_bowl_between_the_plate_and_the_ramekin_and_place_it_on_the_plate,47,fixed_initial_state,10047,1,75,8a9f98014dea8b5aba02cba766a5ca7ba4512e32a3d3b84c871909fed3a4e9a6
pi0,0,pick_up_the_black_bowl_between_the_plate_and_the_ramekin_and_place_it_on_the_plate,48,fixed_initial_state,10048,1,76,8a9f98014dea8b5aba02cba766a5ca7ba4512e32a3d3b84c871909fed3a4e9a6
pi0,0,pick_up_the_black_bowl_between_the_plate_and_the_ramekin_and_place_it_on_the_plate,49,fixed_initial_state,10049,1,70,8a9f98014dea8b5aba02cba766a5ca7ba4512e32a3d3b84c871909fed3a4e9a6
pi0,2,pick_up_the_black_bowl_in_the_top_drawer_of_the_wooden_cabinet_and_place_it_on_the_plate,0,fixed_initial_state,12000,1,127,8a9f98014dea8b5aba02cba766a5ca7ba4512e32a3d3b84c871909fed3a4e9a6
pi0,2,pick_up_the_black_bowl_in_the_top_drawer_of_the_wooden_cabinet_and_place_it_on_the_plate,1,fixed_initial_state,12001,1,134,8a9f98014dea8b5aba02cba766a5ca7ba4512e32a3d3b84c871909fed3a4e9a6
pi0,2,pick_up_the_black_bowl_in_the_top_drawer_of_the_wooden_cabinet_and_place_it_on_the_plate,2,fixed_initial_state,12002,1,128,8a9f98014dea8b5aba02cba766a5ca7ba4512e32a3d3b84c871909fed3a4e9a6
pi0,2,pick_up_the_black_bowl_in_the_top_drawer_of_the_wooden_cabinet_and_place_it_on_the_plate,3,fixed_initial_state,12003,1,138,8a9f98014dea8b5aba02cba766a5ca7ba4512e32a3d3b84c871909fed3a4e9a6
pi0,2,pick_up_the_black_bowl_in_the_top_drawer_of_the_wooden_cabinet_and_place_it_on_the_plate,4,fixed_initial_state,12004,1,153,8a9f98014dea8b5aba02cba766a5ca7ba4512e32a3d3b84c871909fed3a4e9a6
pi0,2,pick_up_the_black_bowl_in_the_top_drawer_of_the_wooden_cabinet_and_place_it_on_the_plate,5,fixed_initial_state,12005,1,138,8a9f98014dea8b5aba02cba766a5ca7ba4512e32a3d3b84c871909fed3a4e9a6
pi0,2,pick_up_the_black_bowl_in_the_top_drawer_of_the_wooden_cabinet_and_place_it_on_the_plate,6,fixed_initial_state,12006,1,131,8a9f98014dea8b5aba02cba766a5ca7ba4512e32a3d3b84c871909fed3a4e9a6
pi0,2,pick_up_the_black_bowl_in_the_top_drawer_of_the_wooden_cabinet_and_place_it_on_the_plate,7,fixed_initial_state,12007,1,143,8a9f98014dea8b5aba02cba766a5ca7ba4512e32a3d3b84c871909fed3a4e9a6
pi0,2,pick_up_the_black_bowl_in_the_top_drawer_of_the_wooden_cabinet_and_place_it_on_the_plate,8,fixed_initial_state,12008,1,127,8a9f98014dea8b5aba02cba766a5ca7ba4512e32a3d3b84c871909fed3a4e9a6
pi0,2,pick_up_the_black_bowl_in_the_top_drawer_of_the_wooden_cabinet_and_place_it_on_the_plate,9,fixed_initial_state,12009,1,134,8a9f98014dea8b5aba02cba766a5ca7ba4512e32a3d3b84c871909fed3a4e9a6
pi0,2,pick_up_the_black_bowl_in_the_top_drawer_of_the_wooden_cabinet_and_place_it_on_the_plate,10,fixed_initial_state,12010,1,128,8a9f98014dea8b5aba02cba766a5ca7ba4512e32a3d3b84c871909fed3a4e9a6
pi0,2,pick_up_the_black_bowl_in_the_top_drawer_of_the_wooden_cabinet_and_place_it_on_the_plate,11,fixed_initial_state,12011,1,121,8a9f98014dea8b5aba02cba766a5ca7ba4512e32a3d3b84c871909fed3a4e9a6
pi0,2,pick_up_the_black_bowl_in_the_top_drawer_of_the_wooden_cabinet_and_place_it_on_the_plate,12,fixed_initial_state,12012,1,131,8a9f98014dea8b5aba02cba766a5ca7ba4512e32a3d3b84c871909fed3a4e9a6
pi0,2,pick_up_the_black_bowl_in_the_top_drawer_of_the_wooden_cabinet_and_place_it_on_the_plate,13,fixed_initial_state,12013,1,129,8a9f98014dea8b5aba02cba766a5ca7ba4512e32a3d3b84c871909fed3a4e9a6
pi0,2,pick_up_the_black_bowl_in_the_top_drawer_of_the_wooden_cabinet_and_place_it_on_the_plate,14,fixed_initial_state,12014,1,152,8a9f98014dea8b5aba02cba766a5ca7ba4512e32a3d3b84c871909fed3a4e9a6
pi0,2,pick_up_the_black_bowl_in_the_top_drawer_of_the_wooden_cabinet_and_place_it_on_the_plate,15,fixed_initial_state,12015,1,134,8a9f98014dea8b5aba02cba766a5ca7ba4512e32a3d3b84c871909fed3a4e9a6
pi0,2,pick_up_the_black_bowl_in_the_top_drawer_of_the_wooden_cabinet_and_place_it_on_the_plate,16,fixed_initial_state,12016,1,122,8a9f98014dea8b5aba02cba766a5ca7ba4512e32a3d3b84c871909fed3a4e9a6
pi0,2,pick_up_the_black_bowl_in_the_top_drawer_of_the_wooden_cabinet_and_place_it_on_the_plate,17,fixed_initial_state,12017,1,135,8a9f98014dea8b5aba02cba766a5ca7ba4512e32a3d3b84c871909fed3a4e9a6
pi0,2,pick_up_the_black_bowl_in_the_top_drawer_of_the_wooden_cabinet_and_place_it_on_the_plate,18,fixed_initial_state,12018,1,120,8a9f98014dea8b5aba02cba766a5ca7ba4512e32a3d3b84c871909fed3a4e9a6
pi0,2,pick_up_the_black_bowl_in_the_top_drawer_of_the_wooden_cabinet_and_place_it_on_the_plate,19,fixed_initial_state,12019,1,125,8a9f98014dea8b5aba02cba766a5ca7ba4512e32a3d3b84c871909fed3a4e9a6
pi0,2,pick_up_the_black_bowl_in_the_top_drawer_of_the_wooden_cabinet_and_place_it_on_the_plate,20,fixed_initial_state,12020,0,220,8a9f98014dea8b5aba02cba766a5ca7ba4512e32a3d3b84c871909fed3a4e9a6
pi0,2,pick_up_the_black_bowl_in_the_top_drawer_of_the_wooden_cabinet_and_place_it_on_the_plate,21,fixed_initial_state,12021,1,145,8a9f98014dea8b5aba02cba766a5ca7ba4512e32a3d3b84c871909fed3a4e9a6
pi0,2,pick_up_the_black_bowl_in_the_top_drawer_of_the_wooden_cabinet_and_place_it_on_the_plate,22,fixed_initial_state,12022,1,131,8a9f98014dea8b5aba02cba766a5ca7ba4512e32a3d3b84c871909fed3a4e9a6
pi0,2,pick_up_the_black_bowl_in_the_top_drawer_of_the_wooden_cabinet_and_place_it_on_the_plate,23,fixed_initial_state,12023,1,130,8a9f98014dea8b5aba02cba766a5ca7ba4512e32a3d3b84c871909fed3a4e9a6
pi0,2,pick_up_the_black_bowl_in_the_top_drawer_of_the_wooden_cabinet_and_place_it_on_the_plate,24,fixed_initial_state,12024,1,138,8a9f98014dea8b5aba02cba766a5ca7ba4512e32a3d3b84c871909fed3a4e9a6
pi0,2,pick_up_the_black_bowl_in_the_top_drawer_of_the_wooden_cabinet_and_place_it_on_the_plate,25,fixed_initial_state,12025,1,141,8a9f98014dea8b5aba02cba766a5ca7ba4512e32a3d3b84c871909fed3a4e9a6
pi0,2,pick_up_the_black_bowl_in_the_top_drawer_of_the_wooden_cabinet_and_place_it_on_the_plate,26,fixed_initial_state,12026,1,125,8a9f98014dea8b5aba02cba766a5ca7ba4512e32a3d3b84c871909fed3a4e9a6
pi0,2,pick_up_the_black_bowl_in_the_top_drawer_of_the_wooden_cabinet_and_place_it_on_the_plate,27,fixed_initial_state,12027,0,220,8a9f98014dea8b5aba02cba766a5ca7ba4512e32a3d3b84c871909fed3a4e9a6
pi0,2,pick_up_the_black_bowl_in_the_top_drawer_of_the_wooden_cabinet_and_place_it_on_the_plate,28,fixed_initial_state,12028,1,137,8a9f98014dea8b5aba02cba766a5ca7ba4512e32a3d3b84c871909fed3a4e9a6
pi0,2,pick_up_the_black_bowl_in_the_top_drawer_of_the_wooden_cabinet_and_place_it_on_the_plate,29,fixed_initial_state,12029,1,143,8a9f98014dea8b5aba02cba766a5ca7ba4512e32a3d3b84c871909fed3a4e9a6
pi0,2,pick_up_the_black_bowl_in_the_top_drawer_of_the_wooden_cabinet_and_place_it_on_the_plate,30,fixed_initial_state,12030,1,132,8a9f98014dea8b5aba02cba766a5ca7ba4512e32a3d3b84c871909fed3a4e9a6
pi0,2,pick_up_the_black_bowl_in_the_top_drawer_of_the_wooden_cabinet_and_place_it_on_the_plate,31,fixed_initial_state,12031,1,135,8a9f98014dea8b5aba02cba766a5ca7ba4512e32a3d3b84c871909fed3a4e9a6
pi0,2,pick_up_the_black_bowl_in_the_top_drawer_of_the_wooden_cabinet_and_place_it_on_the_plate,32,fixed_initial_state,12032,1,124,8a9f98014dea8b5aba02cba766a5ca7ba4512e32a3d3b84c871909fed3a4e9a6
pi0,2,pick_up_the_black_bowl_in_the_top_drawer_of_the_wooden_cabinet_and_place_it_on_the_plate,33,fixed_initial_state,12033,0,220,8a9f98014dea8b5aba02cba766a5ca7ba4512e32a3d3b84c871909fed3a4e9a6
pi0,2,pick_up_the_black_bowl_in_the_top_drawer_of_the_wooden_cabinet_and_place_it_on_the_plate,34,fixed_initial_state,12034,1,141,8a9f98014dea8b5aba02cba766a5ca7ba4512e32a3d3b84c871909fed3a4e9a6
pi0,2,pick_up_the_black_bowl_in_the_top_drawer_of_the_wooden_cabinet_and_place_it_on_the_plate,35,fixed_initial_state,12035,1,131,8a9f98014dea8b5aba02cba766a5ca7ba4512e32a3d3b84c871909fed3a4e9a6
pi0,2,pick_up_the_black_bowl_in_the_top_drawer_of_the_wooden_cabinet_and_place_it_on_the_plate,36,fixed_initial_state,12036,1,135,8a9f98014dea8b5aba02cba766a5ca7ba4512e32a3d3b84c871909fed3a4e9a6
pi0,2,pick_up_the_black_bowl_in_the_top_drawer_of_the_wooden_cabinet_and_place_it_on_the_plate,37,fixed_initial_state,12037,1,145,8a9f98014dea8b5aba02cba766a5ca7ba4512e32a3d3b84c871909fed3a4e9a6
pi0,2,pick_up_the_black_bowl_in_the_top_drawer_of_the_wooden_cabinet_and_place_it_on_the_plate,38,fixed_initial_state,12038,0,220,8a9f98014dea8b5aba02cba766a5ca7ba4512e32a3d3b84c871909fed3a4e9a6
pi0,2,pick_up_the_black_bowl_in_the_top_drawer_of_the_wooden_cabinet_and_place_it_on_the_plate,39,fixed_initial_state,12039,1,135,8a9f98014dea8b5aba02cba766a5ca7ba4512e32a3d3b84c871909fed3a4e9a6
pi0,2,pick_up_the_black_bowl_in_the_top_drawer_of_the_wooden_cabinet_and_place_it_on_the_plate,40,fixed_initial_state,12040,1,115,8a9f98014dea8b5aba02cba766a5ca7ba4512e32a3d3b84c871909fed3a4e9a6
pi0,2,pick_up_the_black_bowl_in_the_top_drawer_of_the_wooden_cabinet_and_place_it_on_the_plate,41,fixed_initial_state,12041,1,132,8a9f98014dea8b5aba02cba766a5ca7ba4512e32a3d3b84c871909fed3a4e9a6
pi0,2,pick_up_the_black_bowl_in_the_top_drawer_of_the_wooden_cabinet_and_place_it_on_the_plate,42,fixed_initial_state,12042,1,115,8a9f98014dea8b5aba02cba766a5ca7ba4512e32a3d3b84c871909fed3a4e9a6
pi0,2,pick_up_the_black_bowl_in_the_top_drawer_of_the_wooden_cabinet_and_place_it_on_the_plate,43,fixed_initial_state,12043,1,125,8a9f98014dea8b5aba02cba766a5ca7ba4512e32a3d3b84c871909fed3a4e9a6
pi0,2,pick_up_the_black_bowl_in_the_top_drawer_of_the_wooden_cabinet_and_place_it_on_the_plate,44,fixed_initial_state,12044,1,137,8a9f98014dea8b5aba02cba766a5ca7ba4512e32a3d3b84c871909fed3a4e9a6
pi0,2,pick_up_the_black_bowl_in_the_top_drawer_of_the_wooden_cabinet_and_place_it_on_the_plate,45,fixed_initial_state,12045,1,123,8a9f98014dea8b5aba02cba766a5ca7ba4512e32a3d3b84c871909fed3a4e9a6
pi0,2,pick_up_the_black_bowl_in_the_top_drawer_of_the_wooden_cabinet_and_place_it_on_the_plate,46,fixed_initial_state,12046,1,130,8a9f98014dea8b5aba02cba766a5ca7ba4512e32a3d3b84c871909fed3a4e9a6
pi0,2,pick_up_the_black_bowl_in_the_top_drawer_of_the_wooden_cabinet_and_place_it_on_the_plate,47,fixed_initial_state,12047,1,130,8a9f98014dea8b5aba02cba766a5ca7ba4512e32a3d3b84c871909fed3a4e9a6
pi0,2,pick_up_the_black_bowl_in_the_top_drawer_of_the_wooden_cabinet_and_place_it_on_the_plate,48,fixed_initial_state,12048,1,128,8a9f98014dea8b5aba02cba766a5ca7ba4512e32a3d3b84c871909fed3a4e9a6
pi0,2,pick_up_the_black_bowl_in_the_top_drawer_of_the_wooden_cabinet_and_place_it_on_the_plate,49,fixed_initial_state,12049,1,123,8a9f98014dea8b5aba02cba766a5ca7ba4512e32a3d3b84c871909fed3a4e9a6
pi0,4,pick_up_the_black_bowl_next_to_the_plate_and_place_it_on_the_plate,0,fixed_initial_state,14000,1,96,8a9f98014dea8b5aba02cba766a5ca7ba4512e32a3d3b84c871909fed3a4e9a6
pi0,4,pick_up_the_black_bowl_next_to_the_plate_and_place_it_on_the_plate,1,fixed_initial_state,14001,1,94,8a9f98014dea8b5aba02cba766a5ca7ba4512e32a3d3b84c871909fed3a4e9a6
pi0,4,pick_up_the_black_bowl_next_to_the_plate_and_place_it_on_the_plate,2,fixed_initial_state,14002,0,220,8a9f98014dea8b5aba02cba766a5ca7ba4512e32a3d3b84c871909fed3a4e9a6
pi0,4,pick_up_the_black_bowl_next_to_the_plate_and_place_it_on_the_plate,3,fixed_initial_state,14003,0,220,8a9f98014dea8b5aba02cba766a5ca7ba4512e32a3d3b84c871909fed3a4e9a6
pi0,4,pick_up_the_black_bowl_next_to_the_plate_and_place_it_on_the_plate,4,fixed_initial_state,14004,0,220,8a9f98014dea8b5aba02cba766a5ca7ba4512e32a3d3b84c871909fed3a4e9a6
pi0,4,pick_up_the_black_bowl_next_to_the_plate_and_place_it_on_the_plate,5,fixed_initial_state,14005,1,94,8a9f98014dea8b5aba02cba766a5ca7ba4512e32a3d3b84c871909fed3a4e9a6
pi0,4,pick_up_the_black_bowl_next_to_the_plate_and_place_it_on_the_plate,6,fixed_initial_state,14006,1,95,8a9f98014dea8b5aba02cba766a5ca7ba4512e32a3d3b84c871909fed3a4e9a6
pi0,4,pick_up_the_black_bowl_next_to_the_plate_and_place_it_on_the_plate,7,fixed_initial_state,14007,1,97,8a9f98014dea8b5aba02cba766a5ca7ba4512e32a3d3b84c871909fed3a4e9a6
pi0,4,pick_up_the_black_bowl_next_to_the_plate_and_place_it_on_the_plate,8,fixed_initial_state,14008,1,97,8a9f98014dea8b5aba02cba766a5ca7ba4512e32a3d3b84c871909fed3a4e9a6
pi0,4,pick_up_the_black_bowl_next_to_the_plate_and_place_it_on_the_plate,9,fixed_initial_state,14009,1,91,8a9f98014dea8b5aba02cba766a5ca7ba4512e32a3d3b84c871909fed3a4e9a6
pi0,4,pick_up_the_black_bowl_next_to_the_plate_and_place_it_on_the_plate,10,fixed_initial_state,14010,1,95,8a9f98014dea8b5aba02cba766a5ca7ba4512e32a3d3b84c871909fed3a4e9a6
pi0,4,pick_up_the_black_bowl_next_to_the_plate_and_place_it_on_the_plate,11,fixed_initial_state,14011,1,91,8a9f98014dea8b5aba02cba766a5ca7ba4512e32a3d3b84c871909fed3a4e9a6
pi0,4,pick_up_the_black_bowl_next_to_the_plate_and_place_it_on_the_plate,12,fixed_initial_state,14012,1,92,8a9f98014dea8b5aba02cba766a5ca7ba4512e32a3d3b84c871909fed3a4e9a6
pi0,4,pick_up_the_black_bowl_next_to_the_plate_and_place_it_on_the_plate,13,fixed_initial_state,14013,1,93,8a9f98014dea8b5aba02cba766a5ca7ba4512e32a3d3b84c871909fed3a4e9a6
pi0,4,pick_up_the_black_bowl_next_to_the_plate_and_place_it_on_the_plate,14,fixed_initial_state,14014,1,93,8a9f98014dea8b5aba02cba766a5ca7ba4512e32a3d3b84c871909fed3a4e9a6
pi0,4,pick_up_the_black_bowl_next_to_the_plate_and_place_it_on_the_plate,15,fixed_initial_state,14015,1,86,8a9f98014dea8b5aba02cba766a5ca7ba4512e32a3d3b84c871909fed3a4e9a6
pi0,4,pick_up_the_black_bowl_next_to_the_plate_and_place_it_on_the_plate,16,fixed_initial_state,14016,1,94,8a9f98014dea8b5aba02cba766a5ca7ba4512e32a3d3b84c871909fed3a4e9a6
pi0,4,pick_up_the_black_bowl_next_to_the_plate_and_place_it_on_the_plate,17,fixed_initial_state,14017,1,92,8a9f98014dea8b5aba02cba766a5ca7ba4512e32a3d3b84c871909fed3a4e9a6
pi0,4,pick_up_the_black_bowl_next_to_the_plate_and_place_it_on_the_plate,18,fixed_initial_state,14018,1,154,8a9f98014dea8b5aba02cba766a5ca7ba4512e32a3d3b84c871909fed3a4e9a6
pi0,4,pick_up_the_black_bowl_next_to_the_plate_and_place_it_on_the_plate,19,fixed_initial_state,14019,1,96,8a9f98014dea8b5aba02cba766a5ca7ba4512e32a3d3b84c871909fed3a4e9a6
pi0,4,pick_up_the_black_bowl_next_to_the_plate_and_place_it_on_the_plate,20,fixed_initial_state,14020,1,92,8a9f98014dea8b5aba02cba766a5ca7ba4512e32a3d3b84c871909fed3a4e9a6
pi0,4,pick_up_the_black_bowl_next_to_the_plate_and_place_it_on_the_plate,21,fixed_initial_state,14021,0,220,8a9f98014dea8b5aba02cba766a5ca7ba4512e32a3d3b84c871909fed3a4e9a6
pi0,4,pick_up_the_black_bowl_next_to_the_plate_and_place_it_on_the_plate,22,fixed_initial_state,14022,0,220,8a9f98014dea8b5aba02cba766a5ca7ba4512e32a3d3b84c871909fed3a4e9a6
pi0,4,pick_up_the_black_bowl_next_to_the_plate_and_place_it_on_the_plate,23,fixed_initial_state,14023,1,98,8a9f98014dea8b5aba02cba766a5ca7ba4512e32a3d3b84c871909fed3a4e9a6
pi0,4,pick_up_the_black_bowl_next_to_the_plate_and_place_it_on_the_plate,24,fixed_initial_state,14024,0,220,8a9f98014dea8b5aba02cba766a5ca7ba4512e32a3d3b84c871909fed3a4e9a6
pi0,4,pick_up_the_black_bowl_next_to_the_plate_and_place_it_on_the_plate,25,fixed_initial_state,14025,1,92,8a9f98014dea8b5aba02cba766a5ca7ba4512e32a3d3b84c871909fed3a4e9a6
pi0,4,pick_up_the_black_bowl_next_to_the_plate_and_place_it_on_the_plate,26,fixed_initial_state,14026,1,86,8a9f98014dea8b5aba02cba766a5ca7ba4512e32a3d3b84c871909fed3a4e9a6
pi0,4,pick_up_the_black_bowl_next_to_the_plate_and_place_it_on_the_plate,27,fixed_initial_state,14027,1,96,8a9f98014dea8b5aba02cba766a5ca7ba4512e32a3d3b84c871909fed3a4e9a6
pi0,4,pick_up_the_black_bowl_next_to_the_plate_and_place_it_on_the_plate,28,fixed_initial_state,14028,0,220,8a9f98014dea8b5aba02cba766a5ca7ba4512e32a3d3b84c871909fed3a4e9a6
pi0,4,pick_up_the_black_bowl_next_to_the_plate_and_place_it_on_the_plate,29,fixed_initial_state,14029,0,220,8a9f98014dea8b5aba02cba766a5ca7ba4512e32a3d3b84c871909fed3a4e9a6
pi0,4,pick_up_the_black_bowl_next_to_the_plate_and_place_it_on_the_plate,30,fixed_initial_state,14030,0,220,8a9f98014dea8b5aba02cba766a5ca7ba4512e32a3d3b84c871909fed3a4e9a6
pi0,4,pick_up_the_black_bowl_next_to_the_plate_and_place_it_on_the_plate,31,fixed_initial_state,14031,1,136,8a9f98014dea8b5aba02cba766a5ca7ba4512e32a3d3b84c871909fed3a4e9a6
pi0,4,pick_up_the_black_bowl_next_to_the_plate_and_place_it_on_the_plate,32,fixed_initial_state,14032,1,99,8a9f98014dea8b5aba02cba766a5ca7ba4512e32a3d3b84c871909fed3a4e9a6
pi0,4,pick_up_the_black_bowl_next_to_the_plate_and_place_it_on_the_plate,33,fixed_initial_state,14033,1,130,8a9f98014dea8b5aba02cba766a5ca7ba4512e32a3d3b84c871909fed3a4e9a6
pi0,4,pick_up_the_black_bowl_next_to_the_plate_and_place_it_on_the_plate,34,fixed_initial_state,14034,1,90,8a9f98014dea8b5aba02cba766a5ca7ba4512e32a3d3b84c871909fed3a4e9a6
pi0,4,pick_up_the_black_bowl_next_to_the_plate_and_place_it_on_the_plate,35,fixed_initial_state,14035,1,169,8a9f98014dea8b5aba02cba766a5ca7ba4512e32a3d3b84c871909fed3a4e9a6
pi0,4,pick_up_the_black_bowl_next_to_the_plate_and_place_it_on_the_plate,36,fixed_initial_state,14036,1,93,8a9f98014dea8b5aba02cba766a5ca7ba4512e32a3d3b84c871909fed3a4e9a6
pi0,4,pick_up_the_black_bowl_next_to_the_plate_and_place_it_on_the_plate,37,fixed_initial_state,14037,1,98,8a9f98014dea8b5aba02cba766a5ca7ba4512e32a3d3b84c871909fed3a4e9a6
pi0,4,pick_up_the_black_bowl_next_to_the_plate_and_place_it_on_the_plate,38,fixed_initial_state,14038,1,99,8a9f98014dea8b5aba02cba766a5ca7ba4512e32a3d3b84c871909fed3a4e9a6
pi0,4,pick_up_the_black_bowl_next_to_the_plate_and_place_it_on_the_plate,39,fixed_initial_state,14039,1,93,8a9f98014dea8b5aba02cba766a5ca7ba4512e32a3d3b84c871909fed3a4e9a6
pi0,4,pick_up_the_black_bowl_next_to_the_plate_and_place_it_on_the_plate,40,fixed_initial_state,14040,1,94,8a9f98014dea8b5aba02cba766a5ca7ba4512e32a3d3b84c871909fed3a4e9a6
pi0,4,pick_up_the_black_bowl_next_to_the_plate_and_place_it_on_the_plate,41,fixed_initial_state,14041,1,90,8a9f98014dea8b5aba02cba766a5ca7ba4512e32a3d3b84c871909fed3a4e9a6
pi0,4,pick_up_the_black_bowl_next_to_the_plate_and_place_it_on_the_plate,42,fixed_initial_state,14042,1,126,8a9f98014dea8b5aba02cba766a5ca7ba4512e32a3d3b84c871909fed3a4e9a6
pi0,4,pick_up_the_black_bowl_next_to_the_plate_and_place_it_on_the_plate,43,fixed_initial_state,14043,0,220,8a9f98014dea8b5aba02cba766a5ca7ba4512e32a3d3b84c871909fed3a4e9a6
pi0,4,pick_up_the_black_bowl_next_to_the_plate_and_place_it_on_the_plate,44,fixed_initial_state,14044,0,220,8a9f98014dea8b5aba02cba766a5ca7ba4512e32a3d3b84c871909fed3a4e9a6
pi0,4,pick_up_the_black_bowl_next_to_the_plate_and_place_it_on_the_plate,45,fixed_initial_state,14045,0,220,8a9f98014dea8b5aba02cba766a5ca7ba4512e32a3d3b84c871909fed3a4e9a6
pi0,4,pick_up_the_black_bowl_next_to_the_plate_and_place_it_on_the_plate,46,fixed_initial_state,14046,1,133,8a9f98014dea8b5aba02cba766a5ca7ba4512e32a3d3b84c871909fed3a4e9a6
pi0,4,pick_up_the_black_bowl_next_to_the_plate_and_place_it_on_the_plate,47,fixed_initial_state,14047,0,220,8a9f98014dea8b5aba02cba766a5ca7ba4512e32a3d3b84c871909fed3a4e9a6
pi0,4,pick_up_the_black_bowl_next_to_the_plate_and_place_it_on_the_plate,48,fixed_initial_state,14048,1,95,8a9f98014dea8b5aba02cba766a5ca7ba4512e32a3d3b84c871909fed3a4e9a6
pi0,4,pick_up_the_black_bowl_next_to_the_plate_and_place_it_on_the_plate,49,fixed_initial_state,14049,1,101,8a9f98014dea8b5aba02cba766a5ca7ba4512e32a3d3b84c871909fed3a4e9a6
pi0,6,pick_up_the_black_bowl_on_the_cookie_box_and_place_it_on_the_plate,0,fixed_initial_state,16000,1,81,8a9f98014dea8b5aba02cba766a5ca7ba4512e32a3d3b84c871909fed3a4e9a6
pi0,6,pick_up_the_black_bowl_on_the_cookie_box_and_place_it_on_the_plate,1,fixed_initial_state,16001,1,80,8a9f98014dea8b5aba02cba766a5ca7ba4512e32a3d3b84c871909fed3a4e9a6
pi0,6,pick_up_the_black_bowl_on_the_cookie_box_and_place_it_on_the_plate,2,fixed_initial_state,16002,1,88,8a9f98014dea8b5aba02cba766a5ca7ba4512e32a3d3b84c871909fed3a4e9a6
pi0,6,pick_up_the_black_bowl_on_the_cookie_box_and_place_it_on_the_plate,3,fixed_initial_state,16003,1,78,8a9f98014dea8b5aba02cba766a5ca7ba4512e32a3d3b84c871909fed3a4e9a6
pi0,6,pick_up_the_black_bowl_on_the_cookie_box_and_place_it_on_the_plate,4,fixed_initial_state,16004,1,84,8a9f98014dea8b5aba02cba766a5ca7ba4512e32a3d3b84c871909fed3a4e9a6
pi0,6,pick_up_the_black_bowl_on_the_cookie_box_and_place_it_on_the_plate,5,fixed_initial_state,16005,1,93,8a9f98014dea8b5aba02cba766a5ca7ba4512e32a3d3b84c871909fed3a4e9a6
pi0,6,pick_up_the_black_bowl_on_the_cookie_box_and_place_it_on_the_plate,6,fixed_initial_state,16006,1,87,8a9f98014dea8b5aba02cba766a5ca7ba4512e32a3d3b84c871909fed3a4e9a6
pi0,6,pick_up_the_black_bowl_on_the_cookie_box_and_place_it_on_the_plate,7,fixed_initial_state,16007,0,220,8a9f98014dea8b5aba02cba766a5ca7ba4512e32a3d3b84c871909fed3a4e9a6
pi0,6,pick_up_the_black_bowl_on_the_cookie_box_and_place_it_on_the_plate,8,fixed_initial_state,16008,1,81,8a9f98014dea8b5aba02cba766a5ca7ba4512e32a3d3b84c871909fed3a4e9a6
pi0,6,pick_up_the_black_bowl_on_the_cookie_box_and_place_it_on_the_plate,9,fixed_initial_state,16009,1,85,8a9f98014dea8b5aba02cba766a5ca7ba4512e32a3d3b84c871909fed3a4e9a6
pi0,6,pick_up_the_black_bowl_on_the_cookie_box_and_place_it_on_the_plate,10,fixed_initial_state,16010,1,91,8a9f98014dea8b5aba02cba766a5ca7ba4512e32a3d3b84c871909fed3a4e9a6
pi0,6,pick_up_the_black_bowl_on_the_cookie_box_and_place_it_on_the_plate,11,fixed_initial_state,16011,1,80,8a9f98014dea8b5aba02cba766a5ca7ba4512e32a3d3b84c871909fed3a4e9a6
pi0,6,pick_up_the_black_bowl_on_the_cookie_box_and_place_it_on_the_plate,12,fixed_initial_state,16012,1,83,8a9f98014dea8b5aba02cba766a5ca7ba4512e32a3d3b84c871909fed3a4e9a6
pi0,6,pick_up_the_black_bowl_on_the_cookie_box_and_place_it_on_the_plate,13,fixed_initial_state,16013,1,81,8a9f98014dea8b5aba02cba766a5ca7ba4512e32a3d3b84c871909fed3a4e9a6
pi0,6,pick_up_the_black_bowl_on_the_cookie_box_and_place_it_on_the_plate,14,fixed_initial_state,16014,0,220,8a9f98014dea8b5aba02cba766a5ca7ba4512e32a3d3b84c871909fed3a4e9a6
pi0,6,pick_up_the_black_bowl_on_the_cookie_box_and_place_it_on_the_plate,15,fixed_initial_state,16015,1,82,8a9f98014dea8b5aba02cba766a5ca7ba4512e32a3d3b84c871909fed3a4e9a6
pi0,6,pick_up_the_black_bowl_on_the_cookie_box_and_place_it_on_the_plate,16,fixed_initial_state,16016,1,83,8a9f98014dea8b5aba02cba766a5ca7ba4512e32a3d3b84c871909fed3a4e9a6
pi0,6,pick_up_the_black_bowl_on_the_cookie_box_and_place_it_on_the_plate,17,fixed_initial_state,16017,1,83,8a9f98014dea8b5aba02cba766a5ca7ba4512e32a3d3b84c871909fed3a4e9a6
pi0,6,pick_up_the_black_bowl_on_the_cookie_box_and_place_it_on_the_plate,18,fixed_initial_state,16018,1,85,8a9f98014dea8b5aba02cba766a5ca7ba4512e32a3d3b84c871909fed3a4e9a6
pi0,6,pick_up_the_black_bowl_on_the_cookie_box_and_place_it_on_the_plate,19,fixed_initial_state,16019,1,81,8a9f98014dea8b5aba02cba766a5ca7ba4512e32a3d3b84c871909fed3a4e9a6
pi0,6,pick_up_the_black_bowl_on_the_cookie_box_and_place_it_on_the_plate,20,fixed_initial_state,16020,1,83,8a9f98014dea8b5aba02cba766a5ca7ba4512e32a3d3b84c871909fed3a4e9a6
pi0,6,pick_up_the_black_bowl_on_the_cookie_box_and_place_it_on_the_plate,21,fixed_initial_state,16021,1,82,8a9f98014dea8b5aba02cba766a5ca7ba4512e32a3d3b84c871909fed3a4e9a6
pi0,6,pick_up_the_black_bowl_on_the_cookie_box_and_place_it_on_the_plate,22,fixed_initial_state,16022,1,75,8a9f98014dea8b5aba02cba766a5ca7ba4512e32a3d3b84c871909fed3a4e9a6
pi0,6,pick_up_the_black_bowl_on_the_cookie_box_and_place_it_on_the_plate,23,fixed_initial_state,16023,1,81,8a9f98014dea8b5aba02cba766a5ca7ba4512e32a3d3b84c871909fed3a4e9a6
pi0,6,pick_up_the_black_bowl_on_the_cookie_box_and_place_it_on_the_plate,24,fixed_initial_state,16024,1,90,8a9f98014dea8b5aba02cba766a5ca7ba4512e32a3d3b84c871909fed3a4e9a6
pi0,6,pick_up_the_black_bowl_on_the_cookie_box_and_place_it_on_the_plate,25,fixed_initial_state,16025,1,75,8a9f98014dea8b5aba02cba766a5ca7ba4512e32a3d3b84c871909fed3a4e9a6
pi0,6,pick_up_the_black_bowl_on_the_cookie_box_and_place_it_on_the_plate,26,fixed_initial_state,16026,1,80,8a9f98014dea8b5aba02cba766a5ca7ba4512e32a3d3b84c871909fed3a4e9a6
pi0,6,pick_up_the_black_bowl_on_the_cookie_box_and_place_it_on_the_plate,27,fixed_initial_state,16027,1,94,8a9f98014dea8b5aba02cba766a5ca7ba4512e32a3d3b84c871909fed3a4e9a6
pi0,6,pick_up_the_black_bowl_on_the_cookie_box_and_place_it_on_the_plate,28,fixed_initial_state,16028,1,87,8a9f98014dea8b5aba02cba766a5ca7ba4512e32a3d3b84c871909fed3a4e9a6
pi0,6,pick_up_the_black_bowl_on_the_cookie_box_and_place_it_on_the_plate,29,fixed_initial_state,16029,1,81,8a9f98014dea8b5aba02cba766a5ca7ba4512e32a3d3b84c871909fed3a4e9a6
pi0,6,pick_up_the_black_bowl_on_the_cookie_box_and_place_it_on_the_plate,30,fixed_initial_state,16030,1,82,8a9f98014dea8b5aba02cba766a5ca7ba4512e32a3d3b84c871909fed3a4e9a6
pi0,6,pick_up_the_black_bowl_on_the_cookie_box_and_place_it_on_the_plate,31,fixed_initial_state,16031,1,83,8a9f98014dea8b5aba02cba766a5ca7ba4512e32a3d3b84c871909fed3a4e9a6
pi0,6,pick_up_the_black_bowl_on_the_cookie_box_and_place_it_on_the_plate,32,fixed_initial_state,16032,1,81,8a9f98014dea8b5aba02cba766a5ca7ba4512e32a3d3b84c871909fed3a4e9a6
pi0,6,pick_up_the_black_bowl_on_the_cookie_box_and_place_it_on_the_plate,33,fixed_initial_state,16033,1,84,8a9f98014dea8b5aba02cba766a5ca7ba4512e32a3d3b84c871909fed3a4e9a6
pi0,6,pick_up_the_black_bowl_on_the_cookie_box_and_place_it_on_the_plate,34,fixed_initial_state,16034,1,86,8a9f98014dea8b5aba02cba766a5ca7ba4512e32a3d3b84c871909fed3a4e9a6
pi0,6,pick_up_the_black_bowl_on_the_cookie_box_and_place_it_on_the_plate,35,fixed_initial_state,16035,1,81,8a9f98014dea8b5aba02cba766a5ca7ba4512e32a3d3b84c871909fed3a4e9a6
pi0,6,pick_up_the_black_bowl_on_the_cookie_box_and_place_it_on_the_plate,36,fixed_initial_state,16036,1,81,8a9f98014dea8b5aba02cba766a5ca7ba4512e32a3d3b84c871909fed3a4e9a6
pi0,6,pick_up_the_black_bowl_on_the_cookie_box_and_place_it_on_the_plate,37,fixed_initial_state,16037,1,83,8a9f98014dea8b5aba02cba766a5ca7ba4512e32a3d3b84c871909fed3a4e9a6
pi0,6,pick_up_the_black_bowl_on_the_cookie_box_and_place_it_on_the_plate,38,fixed_initial_state,16038,1,84,8a9f98014dea8b5aba02cba766a5ca7ba4512e32a3d3b84c871909fed3a4e9a6
pi0,6,pick_up_the_black_bowl_on_the_cookie_box_and_place_it_on_the_plate,39,fixed_initial_state,16039,1,81,8a9f98014dea8b5aba02cba766a5ca7ba4512e32a3d3b84c871909fed3a4e9a6
pi0,6,pick_up_the_black_bowl_on_the_cookie_box_and_place_it_on_the_plate,40,fixed_initial_state,16040,1,83,8a9f98014dea8b5aba02cba766a5ca7ba4512e32a3d3b84c871909fed3a4e9a6
pi0,6,pick_up_the_black_bowl_on_the_cookie_box_and_place_it_on_the_plate,41,fixed_initial_state,16041,1,82,8a9f98014dea8b5aba02cba766a5ca7ba4512e32a3d3b84c871909fed3a4e9a6
pi0,6,pick_up_the_black_bowl_on_the_cookie_box_and_place_it_on_the_plate,42,fixed_initial_state,16042,0,220,8a9f98014dea8b5aba02cba766a5ca7ba4512e32a3d3b84c871909fed3a4e9a6
pi0,6,pick_up_the_black_bowl_on_the_cookie_box_and_place_it_on_the_plate,43,fixed_initial_state,16043,1,83,8a9f98014dea8b5aba02cba766a5ca7ba4512e32a3d3b84c871909fed3a4e9a6
pi0,6,pick_up_the_black_bowl_on_the_cookie_box_and_place_it_on_the_plate,44,fixed_initial_state,16044,1,81,8a9f98014dea8b5aba02cba766a5ca7ba4512e32a3d3b84c871909fed3a4e9a6
pi0,6,pick_up_the_black_bowl_on_the_cookie_box_and_place_it_on_the_plate,45,fixed_initial_state,16045,1,84,8a9f98014dea8b5aba02cba766a5ca7ba4512e32a3d3b84c871909fed3a4e9a6
pi0,6,pick_up_the_black_bowl_on_the_cookie_box_and_place_it_on_the_plate,46,fixed_initial_state,16046,1,88,8a9f98014dea8b5aba02cba766a5ca7ba4512e32a3d3b84c871909fed3a4e9a6
pi0,6,pick_up_the_black_bowl_on_the_cookie_box_and_place_it_on_the_plate,47,fixed_initial_state,16047,1,82,8a9f98014dea8b5aba02cba766a5ca7ba4512e32a3d3b84c871909fed3a4e9a6
pi0,6,pick_up_the_black_bowl_on_the_cookie_box_and_place_it_on_the_plate,48,fixed_initial_state,16048,0,220,8a9f98014dea8b5aba02cba766a5ca7ba4512e32a3d3b84c871909fed3a4e9a6
pi0,6,pick_up_the_black_bowl_on_the_cookie_box_and_place_it_on_the_plate,49,fixed_initial_state,16049,0,220,8a9f98014dea8b5aba02cba766a5ca7ba4512e32a3d3b84c871909fed3a4e9a6
pi0,8,pick_up_the_black_bowl_on_the_stove_and_place_it_on_the_plate,0,fixed_initial_state,18000,0,220,8a9f98014dea8b5aba02cba766a5ca7ba4512e32a3d3b84c871909fed3a4e9a6
pi0,8,pick_up_the_black_bowl_on_the_stove_and_place_it_on_the_plate,1,fixed_initial_state,18001,1,116,8a9f98014dea8b5aba02cba766a5ca7ba4512e32a3d3b84c871909fed3a4e9a6
pi0,8,pick_up_the_black_bowl_on_the_stove_and_place_it_on_the_plate,2,fixed_initial_state,18002,1,121,8a9f98014dea8b5aba02cba766a5ca7ba4512e32a3d3b84c871909fed3a4e9a6
pi0,8,pick_up_the_black_bowl_on_the_stove_and_place_it_on_the_plate,3,fixed_initial_state,18003,1,113,8a9f98014dea8b5aba02cba766a5ca7ba4512e32a3d3b84c871909fed3a4e9a6
pi0,8,pick_up_the_black_bowl_on_the_stove_and_place_it_on_the_plate,4,fixed_initial_state,18004,1,124,8a9f98014dea8b5aba02cba766a5ca7ba4512e32a3d3b84c871909fed3a4e9a6
pi0,8,pick_up_the_black_bowl_on_the_stove_and_place_it_on_the_plate,5,fixed_initial_state,18005,0,220,8a9f98014dea8b5aba02cba766a5ca7ba4512e32a3d3b84c871909fed3a4e9a6
pi0,8,pick_up_the_black_bowl_on_the_stove_and_place_it_on_the_plate,6,fixed_initial_state,18006,1,119,8a9f98014dea8b5aba02cba766a5ca7ba4512e32a3d3b84c871909fed3a4e9a6
pi0,8,pick_up_the_black_bowl_on_the_stove_and_place_it_on_the_plate,7,fixed_initial_state,18007,0,220,8a9f98014dea8b5aba02cba766a5ca7ba4512e32a3d3b84c871909fed3a4e9a6
pi0,8,pick_up_the_black_bowl_on_the_stove_and_place_it_on_the_plate,8,fixed_initial_state,18008,0,220,8a9f98014dea8b5aba02cba766a5ca7ba4512e32a3d3b84c871909fed3a4e9a6
pi0,8,pick_up_the_black_bowl_on_the_stove_and_place_it_on_the_plate,9,fixed_initial_state,18009,1,110,8a9f98014dea8b5aba02cba766a5ca7ba4512e32a3d3b84c871909fed3a4e9a6
pi0,8,pick_up_the_black_bowl_on_the_stove_and_place_it_on_the_plate,10,fixed_initial_state,18010,1,116,8a9f98014dea8b5aba02cba766a5ca7ba4512e32a3d3b84c871909fed3a4e9a6
pi0,8,pick_up_the_black_bowl_on_the_stove_and_place_it_on_the_plate,11,fixed_initial_state,18011,1,128,8a9f98014dea8b5aba02cba766a5ca7ba4512e32a3d3b84c871909fed3a4e9a6
pi0,8,pick_up_the_black_bowl_on_the_stove_and_place_it_on_the_plate,12,fixed_initial_state,18012,1,118,8a9f98014dea8b5aba02cba766a5ca7ba4512e32a3d3b84c871909fed3a4e9a6
pi0,8,pick_up_the_black_bowl_on_the_stove_and_place_it_on_the_plate,13,fixed_initial_state,18013,1,112,8a9f98014dea8b5aba02cba766a5ca7ba4512e32a3d3b84c871909fed3a4e9a6
pi0,8,pick_up_the_black_bowl_on_the_stove_and_place_it_on_the_plate,14,fixed_initial_state,18014,1,114,8a9f98014dea8b5aba02cba766a5ca7ba4512e32a3d3b84c871909fed3a4e9a6
pi0,8,pick_up_the_black_bowl_on_the_stove_and_place_it_on_the_plate,15,fixed_initial_state,18015,1,116,8a9f98014dea8b5aba02cba766a5ca7ba4512e32a3d3b84c871909fed3a4e9a6
pi0,8,pick_up_the_black_bowl_on_the_stove_and_place_it_on_the_plate,16,fixed_initial_state,18016,0,220,8a9f98014dea8b5aba02cba766a5ca7ba4512e32a3d3b84c871909fed3a4e9a6
pi0,8,pick_up_the_black_bowl_on_the_stove_and_place_it_on_the_plate,17,fixed_initial_state,18017,1,115,8a9f98014dea8b5aba02cba766a5ca7ba4512e32a3d3b84c871909fed3a4e9a6
pi0,8,pick_up_the_black_bowl_on_the_stove_and_place_it_on_the_plate,18,fixed_initial_state,18018,1,131,8a9f98014dea8b5aba02cba766a5ca7ba4512e32a3d3b84c871909fed3a4e9a6
pi0,8,pick_up_the_black_bowl_on_the_stove_and_place_it_on_the_plate,19,fixed_initial_state,18019,1,116,8a9f98014dea8b5aba02cba766a5ca7ba4512e32a3d3b84c871909fed3a4e9a6
pi0,8,pick_up_the_black_bowl_on_the_stove_and_place_it_on_the_plate,20,fixed_initial_state,18020,1,119,8a9f98014dea8b5aba02cba766a5ca7ba4512e32a3d3b84c871909fed3a4e9a6
pi0,8,pick_up_the_black_bowl_on_the_stove_and_place_it_on_the_plate,21,fixed_initial_state,18021,1,116,8a9f98014dea8b5aba02cba766a5ca7ba4512e32a3d3b84c871909fed3a4e9a6
pi0,8,pick_up_the_black_bowl_on_the_stove_and_place_it_on_the_plate,22,fixed_initial_state,18022,1,128,8a9f98014dea8b5aba02cba766a5ca7ba4512e32a3d3b84c871909fed3a4e9a6
pi0,8,pick_up_the_black_bowl_on_the_stove_and_place_it_on_the_plate,23,fixed_initial_state,18023,0,220,8a9f98014dea8b5aba02cba766a5ca7ba4512e32a3d3b84c871909fed3a4e9a6
pi0,8,pick_up_the_black_bowl_on_the_stove_and_place_it_on_the_plate,24,fixed_initial_state,18024,1,116,8a9f98014dea8b5aba02cba766a5ca7ba4512e32a3d3b84c871909fed3a4e9a6
pi0,8,pick_up_the_black_bowl_on_the_stove_and_place_it_on_the_plate,25,fixed_initial_state,18025,1,118,8a9f98014dea8b5aba02cba766a5ca7ba4512e32a3d3b84c871909fed3a4e9a6
pi0,8,pick_up_the_black_bowl_on_the_stove_and_place_it_on_the_plate,26,fixed_initial_state,18026,1,111,8a9f98014dea8b5aba02cba766a5ca7ba4512e32a3d3b84c871909fed3a4e9a6
pi0,8,pick_up_the_black_bowl_on_the_stove_and_place_it_on_the_plate,27,fixed_initial_state,18027,0,220,8a9f98014dea8b5aba02cba766a5ca7ba4512e32a3d3b84c871909fed3a4e9a6
pi0,8,pick_up_the_black_bowl_on_the_stove_and_place_it_on_the_plate,28,fixed_initial_state,18028,1,123,8a9f98014dea8b5aba02cba766a5ca7ba4512e32a3d3b84c871909fed3a4e9a6
pi0,8,pick_up_the_black_bowl_on_the_stove_and_place_it_on_the_plate,29,fixed_initial_state,18029,1,122,8a9f98014dea8b5aba02cba766a5ca7ba4512e32a3d3b84c871909fed3a4e9a6
pi0,8,pick_up_the_black_bowl_on_the_stove_and_place_it_on_the_plate,30,fixed_initial_state,18030,1,121,8a9f98014dea8b5aba02cba766a5ca7ba4512e32a3d3b84c871909fed3a4e9a6
pi0,8,pick_up_the_black_bowl_on_the_stove_and_place_it_on_the_plate,31,fixed_initial_state,18031,1,115,8a9f98014dea8b5aba02cba766a5ca7ba4512e32a3d3b84c871909fed3a4e9a6
pi0,8,pick_up_the_black_bowl_on_the_stove_and_place_it_on_the_plate,32,fixed_initial_state,18032,1,120,8a9f98014dea8b5aba02cba766a5ca7ba4512e32a3d3b84c871909fed3a4e9a6
pi0,8,pick_up_the_black_bowl_on_the_stove_and_place_it_on_the_plate,33,fixed_initial_state,18033,1,137,8a9f98014dea8b5aba02cba766a5ca7ba4512e32a3d3b84c871909fed3a4e9a6
pi0,8,pick_up_the_black_bowl_on_the_stove_and_place_it_on_the_plate,34,fixed_initial_state,18034,0,220,8a9f98014dea8b5aba02cba766a5ca7ba4512e32a3d3b84c871909fed3a4e9a6
pi0,8,pick_up_the_black_bowl_on_the_stove_and_place_it_on_the_plate,35,fixed_initial_state,18035,0,220,8a9f98014dea8b5aba02cba766a5ca7ba4512e32a3d3b84c871909fed3a4e9a6
pi0,8,pick_up_the_black_bowl_on_the_stove_and_place_it_on_the_plate,36,fixed_initial_state,18036,1,120,8a9f98014dea8b5aba02cba766a5ca7ba4512e32a3d3b84c871909fed3a4e9a6
pi0,8,pick_up_the_black_bowl_on_the_stove_and_place_it_on_the_plate,37,fixed_initial_state,18037,0,220,8a9f98014dea8b5aba02cba766a5ca7ba4512e32a3d3b84c871909fed3a4e9a6
pi0,8,pick_up_the_black_bowl_on_the_stove_and_place_it_on_the_plate,38,fixed_initial_state,18038,1,115,8a9f98014dea8b5aba02cba766a5ca7ba4512e32a3d3b84c871909fed3a4e9a6
pi0,8,pick_up_the_black_bowl_on_the_stove_and_place_it_on_the_plate,39,fixed_initial_state,18039,1,109,8a9f98014dea8b5aba02cba766a5ca7ba4512e32a3d3b84c871909fed3a4e9a6
pi0,8,pick_up_the_black_bowl_on_the_stove_and_place_it_on_the_plate,40,fixed_initial_state,18040,1,116,8a9f98014dea8b5aba02cba766a5ca7ba4512e32a3d3b84c871909fed3a4e9a6
pi0,8,pick_up_the_black_bowl_on_the_stove_and_place_it_on_the_plate,41,fixed_initial_state,18041,1,129,8a9f98014dea8b5aba02cba766a5ca7ba4512e32a3d3b84c871909fed3a4e9a6
pi0,8,pick_up_the_black_bowl_on_the_stove_and_place_it_on_the_plate,42,fixed_initial_state,18042,1,123,8a9f98014dea8b5aba02cba766a5ca7ba4512e32a3d3b84c871909fed3a4e9a6
pi0,8,pick_up_the_black_bowl_on_the_stove_and_place_it_on_the_plate,43,fixed_initial_state,18043,1,107,8a9f98014dea8b5aba02cba766a5ca7ba4512e32a3d3b84c871909fed3a4e9a6
pi0,8,pick_up_the_black_bowl_on_the_stove_and_place_it_on_the_plate,44,fixed_initial_state,18044,1,120,8a9f98014dea8b5aba02cba766a5ca7ba4512e32a3d3b84c871909fed3a4e9a6
pi0,8,pick_up_the_black_bowl_on_the_stove_and_place_it_on_the_plate,45,fixed_initial_state,18045,0,220,8a9f98014dea8b5aba02cba766a5ca7ba4512e32a3d3b84c871909fed3a4e9a6
pi0,8,pick_up_the_black_bowl_on_the_stove_and_place_it_on_the_plate,46,fixed_initial_state,18046,1,125,8a9f98014dea8b5aba02cba766a5ca7ba4512e32a3d3b84c871909fed3a4e9a6
pi0,8,pick_up_the_black_bowl_on_the_stove_and_place_it_on_the_plate,47,fixed_initial_state,18047,1,117,8a9f98014dea8b5aba02cba766a5ca7ba4512e32a3d3b84c871909fed3a4e9a6
pi0,8,pick_up_the_black_bowl_on_the_stove_and_place_it_on_the_plate,48,fixed_initial_state,18048,1,112,8a9f98014dea8b5aba02cba766a5ca7ba4512e32a3d3b84c871909fed3a4e9a6
pi0,8,pick_up_the_black_bowl_on_the_stove_and_place_it_on_the_plate,49,fixed_initial_state,18049,0,220,8a9f98014dea8b5aba02cba766a5ca7ba4512e32a3d3b84c871909fed3a4e9a6
pi0,1,pick_up_the_black_bowl_from_table_center_and_place_it_on_the_plate,0,fixed_initial_state,11000,1,94,8a9f98014dea8b5aba02cba766a5ca7ba4512e32a3d3b84c871909fed3a4e9a6
pi0,1,pick_up_the_black_bowl_from_table_center_and_place_it_on_the_plate,1,fixed_initial_state,11001,1,92,8a9f98014dea8b5aba02cba766a5ca7ba4512e32a3d3b84c871909fed3a4e9a6
pi0,1,pick_up_the_black_bowl_from_table_center_and_place_it_on_the_plate,2,fixed_initial_state,11002,1,97,8a9f98014dea8b5aba02cba766a5ca7ba4512e32a3d3b84c871909fed3a4e9a6
pi0,1,pick_up_the_black_bowl_from_table_center_and_place_it_on_the_plate,3,fixed_initial_state,11003,1,88,8a9f98014dea8b5aba02cba766a5ca7ba4512e32a3d3b84c871909fed3a4e9a6
pi0,1,pick_up_the_black_bowl_from_table_center_and_place_it_on_the_plate,4,fixed_initial_state,11004,1,99,8a9f98014dea8b5aba02cba766a5ca7ba4512e32a3d3b84c871909fed3a4e9a6
pi0,1,pick_up_the_black_bowl_from_table_center_and_place_it_on_the_plate,5,fixed_initial_state,11005,1,103,8a9f98014dea8b5aba02cba766a5ca7ba4512e32a3d3b84c871909fed3a4e9a6
pi0,1,pick_up_the_black_bowl_from_table_center_and_place_it_on_the_plate,6,fixed_initial_state,11006,1,85,8a9f98014dea8b5aba02cba766a5ca7ba4512e32a3d3b84c871909fed3a4e9a6
pi0,1,pick_up_the_black_bowl_from_table_center_and_place_it_on_the_plate,7,fixed_initial_state,11007,1,98,8a9f98014dea8b5aba02cba766a5ca7ba4512e32a3d3b84c871909fed3a4e9a6
pi0,1,pick_up_the_black_bowl_from_table_center_and_place_it_on_the_plate,8,fixed_initial_state,11008,1,103,8a9f98014dea8b5aba02cba766a5ca7ba4512e32a3d3b84c871909fed3a4e9a6
pi0,1,pick_up_the_black_bowl_from_table_center_and_place_it_on_the_plate,9,fixed_initial_state,11009,1,102,8a9f98014dea8b5aba02cba766a5ca7ba4512e32a3d3b84c871909fed3a4e9a6
pi0,1,pick_up_the_black_bowl_from_table_center_and_place_it_on_the_plate,10,fixed_initial_state,11010,1,96,8a9f98014dea8b5aba02cba766a5ca7ba4512e32a3d3b84c871909fed3a4e9a6
pi0,1,pick_up_the_black_bowl_from_table_center_and_place_it_on_the_plate,11,fixed_initial_state,11011,1,105,8a9f98014dea8b5aba02cba766a5ca7ba4512e32a3d3b84c871909fed3a4e9a6
pi0,1,pick_up_the_black_bowl_from_table_center_and_place_it_on_the_plate,12,fixed_initial_state,11012,1,95,8a9f98014dea8b5aba02cba766a5ca7ba4512e32a3d3b84c871909fed3a4e9a6
pi0,1,pick_up_the_black_bowl_from_table_center_and_place_it_on_the_plate,13,fixed_initial_state,11013,1,102,8a9f98014dea8b5aba02cba766a5ca7ba4512e32a3d3b84c871909fed3a4e9a6
pi0,1,pick_up_the_black_bowl_from_table_center_and_place_it_on_the_plate,14,fixed_initial_state,11014,1,89,8a9f98014dea8b5aba02cba766a5ca7ba4512e32a3d3b84c871909fed3a4e9a6
pi0,1,pick_up_the_black_bowl_from_table_center_and_place_it_on_the_plate,15,fixed_initial_state,11015,1,82,8a9f98014dea8b5aba02cba766a5ca7ba4512e32a3d3b84c871909fed3a4e9a6
pi0,1,pick_up_the_black_bowl_from_table_center_and_place_it_on_the_plate,16,fixed_initial_state,11016,1,86,8a9f98014dea8b5aba02cba766a5ca7ba4512e32a3d3b84c871909fed3a4e9a6
pi0,1,pick_up_the_black_bowl_from_table_center_and_place_it_on_the_plate,17,fixed_initial_state,11017,1,99,8a9f98014dea8b5aba02cba766a5ca7ba4512e32a3d3b84c871909fed3a4e9a6
pi0,1,pick_up_the_black_bowl_from_table_center_and_place_it_on_the_plate,18,fixed_initial_state,11018,1,89,8a9f98014dea8b5aba02cba766a5ca7ba4512e32a3d3b84c871909fed3a4e9a6
pi0,1,pick_up_the_black_bowl_from_table_center_and_place_it_on_the_plate,19,fixed_initial_state,11019,1,99,8a9f98014dea8b5aba02cba766a5ca7ba4512e32a3d3b84c871909fed3a4e9a6
pi0,1,pick_up_the_black_bowl_from_table_center_and_place_it_on_the_plate,20,fixed_initial_state,11020,1,93,8a9f98014dea8b5aba02cba766a5ca7ba4512e32a3d3b84c871909fed3a4e9a6
pi0,1,pick_up_the_black_bowl_from_table_center_and_place_it_on_the_plate,21,fixed_initial_state,11021,1,100,8a9f98014dea8b5aba02cba766a5ca7ba4512e32a3d3b84c871909fed3a4e9a6
pi0,1,pick_up_the_black_bowl_from_table_center_and_place_it_on_the_plate,22,fixed_initial_state,11022,1,92,8a9f98014dea8b5aba02cba766a5ca7ba4512e32a3d3b84c871909fed3a4e9a6
pi0,1,pick_up_the_black_bowl_from_table_center_and_place_it_on_the_plate,23,fixed_initial_state,11023,1,98,8a9f98014dea8b5aba02cba766a5ca7ba4512e32a3d3b84c871909fed3a4e9a6
pi0,1,pick_up_the_black_bowl_from_table_center_and_place_it_on_the_plate,24,fixed_initial_state,11024,1,91,8a9f98014dea8b5aba02cba766a5ca7ba4512e32a3d3b84c871909fed3a4e9a6
pi0,1,pick_up_the_black_bowl_from_table_center_and_place_it_on_the_plate,25,fixed_initial_state,11025,1,90,8a9f98014dea8b5aba02cba766a5ca7ba4512e32a3d3b84c871909fed3a4e9a6
pi0,1,pick_up_the_black_bowl_from_table_center_and_place_it_on_the_plate,26,fixed_initial_state,11026,1,91,8a9f98014dea8b5aba02cba766a5ca7ba4512e32a3d3b84c871909fed3a4e9a6
pi0,1,pick_up_the_black_bowl_from_table_center_and_place_it_on_the_plate,27,fixed_initial_state,11027,1,95,8a9f98014dea8b5aba02cba766a5ca7ba4512e32a3d3b84c871909fed3a4e9a6
pi0,1,pick_up_the_black_bowl_from_table_center_and_place_it_on_the_plate,28,fixed_initial_state,11028,1,89,8a9f98014dea8b5aba02cba766a5ca7ba4512e32a3d3b84c871909fed3a4e9a6
pi0,1,pick_up_the_black_bowl_from_table_center_and_place_it_on_the_plate,29,fixed_initial_state,11029,1,97,8a9f98014dea8b5aba02cba766a5ca7ba4512e32a3d3b84c871909fed3a4e9a6
pi0,1,pick_up_the_black_bowl_from_table_center_and_place_it_on_the_plate,30,fixed_initial_state,11030,1,98,8a9f98014dea8b5aba02cba766a5ca7ba4512e32a3d3b84c871909fed3a4e9a6
pi0,1,pick_up_the_black_bowl_from_table_center_and_place_it_on_the_plate,31,fixed_initial_state,11031,1,94,8a9f98014dea8b5aba02cba766a5ca7ba4512e32a3d3b84c871909fed3a4e9a6
pi0,1,pick_up_the_black_bowl_from_table_center_and_place_it_on_the_plate,32,fixed_initial_state,11032,1,89,8a9f98014dea8b5aba02cba766a5ca7ba4512e32a3d3b84c871909fed3a4e9a6
pi0,1,pick_up_the_black_bowl_from_table_center_and_place_it_on_the_plate,33,fixed_initial_state,11033,1,101,8a9f98014dea8b5aba02cba766a5ca7ba4512e32a3d3b84c871909fed3a4e9a6
pi0,1,pick_up_the_black_bowl_from_table_center_and_place_it_on_the_plate,34,fixed_initial_state,11034,1,137,8a9f98014dea8b5aba02cba766a5ca7ba4512e32a3d3b84c871909fed3a4e9a6
pi0,1,pick_up_the_black_bowl_from_table_center_and_place_it_on_the_plate,35,fixed_initial_state,11035,1,95,8a9f98014dea8b5aba02cba766a5ca7ba4512e32a3d3b84c871909fed3a4e9a6
pi0,1,pick_up_the_black_bowl_from_table_center_and_place_it_on_the_plate,36,fixed_initial_state,11036,1,95,8a9f98014dea8b5aba02cba766a5ca7ba4512e32a3d3b84c871909fed3a4e9a6
pi0,1,pick_up_the_black_bowl_from_table_center_and_place_it_on_the_plate,37,fixed_initial_state,11037,1,87,8a9f98014dea8b5aba02cba766a5ca7ba4512e32a3d3b84c871909fed3a4e9a6
pi0,1,pick_up_the_black_bowl_from_table_center_and_place_it_on_the_plate,38,fixed_initial_state,11038,1,86,8a9f98014dea8b5aba02cba766a5ca7ba4512e32a3d3b84c871909fed3a4e9a6
pi0,1,pick_up_the_black_bowl_from_table_center_and_place_it_on_the_plate,39,fixed_initial_state,11039,1,95,8a9f98014dea8b5aba02cba766a5ca7ba4512e32a3d3b84c871909fed3a4e9a6
pi0,1,pick_up_the_black_bowl_from_table_center_and_place_it_on_the_plate,40,fixed_initial_state,11040,1,93,8a9f98014dea8b5aba02cba766a5ca7ba4512e32a3d3b84c871909fed3a4e9a6
pi0,1,pick_up_the_black_bowl_from_table_center_and_place_it_on_the_plate,41,fixed_initial_state,11041,0,220,8a9f98014dea8b5aba02cba766a5ca7ba4512e32a3d3b84c871909fed3a4e9a6
pi0,1,pick_up_the_black_bowl_from_table_center_and_place_it_on_the_plate,42,fixed_initial_state,11042,1,97,8a9f98014dea8b5aba02cba766a5ca7ba4512e32a3d3b84c871909fed3a4e9a6
pi0,1,pick_up_the_black_bowl_from_table_center_and_place_it_on_the_plate,43,fixed_initial_state,11043,1,93,8a9f98014dea8b5aba02cba766a5ca7ba4512e32a3d3b84c871909fed3a4e9a6
pi0,1,pick_up_the_black_bowl_from_table_center_and_place_it_on_the_plate,44,fixed_initial_state,11044,1,91,8a9f98014dea8b5aba02cba766a5ca7ba4512e32a3d3b84c871909fed3a4e9a6
pi0,1,pick_up_the_black_bowl_from_table_center_and_place_it_on_the_plate,45,fixed_initial_state,11045,1,91,8a9f98014dea8b5aba02cba766a5ca7ba4512e32a3d3b84c871909fed3a4e9a6
pi0,1,pick_up_the_black_bowl_from_table_center_and_place_it_on_the_plate,46,fixed_initial_state,11046,1,97,8a9f98014dea8b5aba02cba766a5ca7ba4512e32a3d3b84c871909fed3a4e9a6
pi0,1,pick_up_the_black_bowl_from_table_center_and_place_it_on_the_plate,47,fixed_initial_state,11047,1,87,8a9f98014dea8b5aba02cba766a5ca7ba4512e32a3d3b84c871909fed3a4e9a6
pi0,1,pick_up_the_black_bowl_from_table_center_and_place_it_on_the_plate,48,fixed_initial_state,11048,1,89,8a9f98014dea8b5aba02cba766a5ca7ba4512e32a3d3b84c871909fed3a4e9a6
pi0,1,pick_up_the_black_bowl_from_table_center_and_place_it_on_the_plate,49,fixed_initial_state,11049,1,97,8a9f98014dea8b5aba02cba766a5ca7ba4512e32a3d3b84c871909fed3a4e9a6
pi0,3,pick_up_the_black_bowl_next_to_the_cookie_box_and_place_it_on_the_plate,0,fixed_initial_state,13000,1,115,8a9f98014dea8b5aba02cba766a5ca7ba4512e32a3d3b84c871909fed3a4e9a6
pi0,3,pick_up_the_black_bowl_next_to_the_cookie_box_and_place_it_on_the_plate,1,fixed_initial_state,13001,1,102,8a9f98014dea8b5aba02cba766a5ca7ba4512e32a3d3b84c871909fed3a4e9a6
pi0,3,pick_up_the_black_bowl_next_to_the_cookie_box_and_place_it_on_the_plate,2,fixed_initial_state,13002,1,94,8a9f98014dea8b5aba02cba766a5ca7ba4512e32a3d3b84c871909fed3a4e9a6
pi0,3,pick_up_the_black_bowl_next_to_the_cookie_box_and_place_it_on_the_plate,3,fixed_initial_state,13003,1,105,8a9f98014dea8b5aba02cba766a5ca7ba4512e32a3d3b84c871909fed3a4e9a6
pi0,3,pick_up_the_black_bowl_next_to_the_cookie_box_and_place_it_on_the_plate,4,fixed_initial_state,13004,1,98,8a9f98014dea8b5aba02cba766a5ca7ba4512e32a3d3b84c871909fed3a4e9a6
pi0,3,pick_up_the_black_bowl_next_to_the_cookie_box_and_place_it_on_the_plate,5,fixed_initial_state,13005,1,102,8a9f98014dea8b5aba02cba766a5ca7ba4512e32a3d3b84c871909fed3a4e9a6
pi0,3,pick_up_the_black_bowl_next_to_the_cookie_box_and_place_it_on_the_plate,6,fixed_initial_state,13006,1,113,8a9f98014dea8b5aba02cba766a5ca7ba4512e32a3d3b84c871909fed3a4e9a6
pi0,3,pick_up_the_black_bowl_next_to_the_cookie_box_and_place_it_on_the_plate,7,fixed_initial_state,13007,1,106,8a9f98014dea8b5aba02cba766a5ca7ba4512e32a3d3b84c871909fed3a4e9a6
pi0,3,pick_up_the_black_bowl_next_to_the_cookie_box_and_place_it_on_the_plate,8,fixed_initial_state,13008,1,104,8a9f98014dea8b5aba02cba766a5ca7ba4512e32a3d3b84c871909fed3a4e9a6
pi0,3,pick_up_the_black_bowl_next_to_the_cookie_box_and_place_it_on_the_plate,9,fixed_initial_state,13009,1,108,8a9f98014dea8b5aba02cba766a5ca7ba4512e32a3d3b84c871909fed3a4e9a6
pi0,3,pick_up_the_black_bowl_next_to_the_cookie_box_and_place_it_on_the_plate,10,fixed_initial_state,13010,1,107,8a9f98014dea8b5aba02cba766a5ca7ba4512e32a3d3b84c871909fed3a4e9a6
pi0,3,pick_up_the_black_bowl_next_to_the_cookie_box_and_place_it_on_the_plate,11,fixed_initial_state,13011,0,220,8a9f98014dea8b5aba02cba766a5ca7ba4512e32a3d3b84c871909fed3a4e9a6
pi0,3,pick_up_the_black_bowl_next_to_the_cookie_box_and_place_it_on_the_plate,12,fixed_initial_state,13012,1,101,8a9f98014dea8b5aba02cba766a5ca7ba4512e32a3d3b84c871909fed3a4e9a6
pi0,3,pick_up_the_black_bowl_next_to_the_cookie_box_and_place_it_on_the_plate,13,fixed_initial_state,13013,1,105,8a9f98014dea8b5aba02cba766a5ca7ba4512e32a3d3b84c871909fed3a4e9a6
pi0,3,pick_up_the_black_bowl_next_to_the_cookie_box_and_place_it_on_the_plate,14,fixed_initial_state,13014,1,104,8a9f98014dea8b5aba02cba766a5ca7ba4512e32a3d3b84c871909fed3a4e9a6
pi0,3,pick_up_the_black_bowl_next_to_the_cookie_box_and_place_it_on_the_plate,15,fixed_initial_state,13015,1,103,8a9f98014dea8b5aba02cba766a5ca7ba4512e32a3d3b84c871909fed3a4e9a6
pi0,3,pick_up_the_black_bowl_next_to_the_cookie_box_and_place_it_on_the_plate,16,fixed_initial_state,13016,1,98,8a9f98014dea8b5aba02cba766a5ca7ba4512e32a3d3b84c871909fed3a4e9a6
pi0,3,pick_up_the_black_bowl_next_to_the_cookie_box_and_place_it_on_the_plate,17,fixed_initial_state,13017,1,100,8a9f98014dea8b5aba02cba766a5ca7ba4512e32a3d3b84c871909fed3a4e9a6
pi0,3,pick_up_the_black_bowl_next_to_the_cookie_box_and_place_it_on_the_plate,18,fixed_initial_state,13018,1,117,8a9f98014dea8b5aba02cba766a5ca7ba4512e32a3d3b84c871909fed3a4e9a6
pi0,3,pick_up_the_black_bowl_next_to_the_cookie_box_and_place_it_on_the_plate,19,fixed_initial_state,13019,1,99,8a9f98014dea8b5aba02cba766a5ca7ba4512e32a3d3b84c871909fed3a4e9a6
pi0,3,pick_up_the_black_bowl_next_to_the_cookie_box_and_place_it_on_the_plate,20,fixed_initial_state,13020,1,106,8a9f98014dea8b5aba02cba766a5ca7ba4512e32a3d3b84c871909fed3a4e9a6
pi0,3,pick_up_the_black_bowl_next_to_the_cookie_box_and_place_it_on_the_plate,21,fixed_initial_state,13021,1,106,8a9f98014dea8b5aba02cba766a5ca7ba4512e32a3d3b84c871909fed3a4e9a6
pi0,3,pick_up_the_black_bowl_next_to_the_cookie_box_and_place_it_on_the_plate,22,fixed_initial_state,13022,1,138,8a9f98014dea8b5aba02cba766a5ca7ba4512e32a3d3b84c871909fed3a4e9a6
pi0,3,pick_up_the_black_bowl_next_to_the_cookie_box_and_place_it_on_the_plate,23,fixed_initial_state,13023,1,101,8a9f98014dea8b5aba02cba766a5ca7ba4512e32a3d3b84c871909fed3a4e9a6
pi0,3,pick_up_the_black_bowl_next_to_the_cookie_box_and_place_it_on_the_plate,24,fixed_initial_state,13024,1,107,8a9f98014dea8b5aba02cba766a5ca7ba4512e32a3d3b84c871909fed3a4e9a6
pi0,3,pick_up_the_black_bowl_next_to_the_cookie_box_and_place_it_on_the_plate,25,fixed_initial_state,13025,1,123,8a9f98014dea8b5aba02cba766a5ca7ba4512e32a3d3b84c871909fed3a4e9a6
pi0,3,pick_up_the_black_bowl_next_to_the_cookie_box_and_place_it_on_the_plate,26,fixed_initial_state,13026,1,100,8a9f98014dea8b5aba02cba766a5ca7ba4512e32a3d3b84c871909fed3a4e9a6
pi0,3,pick_up_the_black_bowl_next_to_the_cookie_box_and_place_it_on_the_plate,27,fixed_initial_state,13027,1,105,8a9f98014dea8b5aba02cba766a5ca7ba4512e32a3d3b84c871909fed3a4e9a6
pi0,3,pick_up_the_black_bowl_next_to_the_cookie_box_and_place_it_on_the_plate,28,fixed_initial_state,13028,1,99,8a9f98014dea8b5aba02cba766a5ca7ba4512e32a3d3b84c871909fed3a4e9a6
pi0,3,pick_up_the_black_bowl_next_to_the_cookie_box_and_place_it_on_the_plate,29,fixed_initial_state,13029,1,107,8a9f98014dea8b5aba02cba766a5ca7ba4512e32a3d3b84c871909fed3a4e9a6
pi0,3,pick_up_the_black_bowl_next_to_the_cookie_box_and_place_it_on_the_plate,30,fixed_initial_state,13030,1,119,8a9f98014dea8b5aba02cba766a5ca7ba4512e32a3d3b84c871909fed3a4e9a6
pi0,3,pick_up_the_black_bowl_next_to_the_cookie_box_and_place_it_on_the_plate,31,fixed_initial_state,13031,1,108,8a9f98014dea8b5aba02cba766a5ca7ba4512e32a3d3b84c871909fed3a4e9a6
pi0,3,pick_up_the_black_bowl_next_to_the_cookie_box_and_place_it_on_the_plate,32,fixed_initial_state,13032,1,111,8a9f98014dea8b5aba02cba766a5ca7ba4512e32a3d3b84c871909fed3a4e9a6
pi0,3,pick_up_the_black_bowl_next_to_the_cookie_box_and_place_it_on_the_plate,33,fixed_initial_state,13033,0,220,8a9f98014dea8b5aba02cba766a5ca7ba4512e32a3d3b84c871909fed3a4e9a6
pi0,3,pick_up_the_black_bowl_next_to_the_cookie_box_and_place_it_on_the_plate,34,fixed_initial_state,13034,0,220,8a9f98014dea8b5aba02cba766a5ca7ba4512e32a3d3b84c871909fed3a4e9a6
pi0,3,pick_up_the_black_bowl_next_to_the_cookie_box_and_place_it_on_the_plate,35,fixed_initial_state,13035,1,113,8a9f98014dea8b5aba02cba766a5ca7ba4512e32a3d3b84c871909fed3a4e9a6
pi0,3,pick_up_the_black_bowl_next_to_the_cookie_box_and_place_it_on_the_plate,36,fixed_initial_state,13036,1,105,8a9f98014dea8b5aba02cba766a5ca7ba4512e32a3d3b84c871909fed3a4e9a6
pi0,3,pick_up_the_black_bowl_next_to_the_cookie_box_and_place_it_on_the_plate,37,fixed_initial_state,13037,1,112,8a9f98014dea8b5aba02cba766a5ca7ba4512e32a3d3b84c871909fed3a4e9a6
pi0,3,pick_up_the_black_bowl_next_to_the_cookie_box_and_place_it_on_the_plate,38,fixed_initial_state,13038,1,109,8a9f98014dea8b5aba02cba766a5ca7ba4512e32a3d3b84c871909fed3a4e9a6
pi0,3,pick_up_the_black_bowl_next_to_the_cookie_box_and_place_it_on_the_plate,39,fixed_initial_state,13039,1,109,8a9f98014dea8b5aba02cba766a5ca7ba4512e32a3d3b84c871909fed3a4e9a6
pi0,3,pick_up_the_black_bowl_next_to_the_cookie_box_and_place_it_on_the_plate,40,fixed_initial_state,13040,1,101,8a9f98014dea8b5aba02cba766a5ca7ba4512e32a3d3b84c871909fed3a4e9a6
pi0,3,pick_up_the_black_bowl_next_to_the_cookie_box_and_place_it_on_the_plate,41,fixed_initial_state,13041,1,117,8a9f98014dea8b5aba02cba766a5ca7ba4512e32a3d3b84c871909fed3a4e9a6
pi0,3,pick_up_the_black_bowl_next_to_the_cookie_box_and_place_it_on_the_plate,42,fixed_initial_state,13042,1,98,8a9f98014dea8b5aba02cba766a5ca7ba4512e32a3d3b84c871909fed3a4e9a6
pi0,3,pick_up_the_black_bowl_next_to_the_cookie_box_and_place_it_on_the_plate,43,fixed_initial_state,13043,1,98,8a9f98014dea8b5aba02cba766a5ca7ba4512e32a3d3b84c871909fed3a4e9a6
pi0,3,pick_up_the_black_bowl_next_to_the_cookie_box_and_place_it_on_the_plate,44,fixed_initial_state,13044,1,97,8a9f98014dea8b5aba02cba766a5ca7ba4512e32a3d3b84c871909fed3a4e9a6
pi0,3,pick_up_the_black_bowl_next_to_the_cookie_box_and_place_it_on_the_plate,45,fixed_initial_state,13045,1,100,8a9f98014dea8b5aba02cba766a5ca7ba4512e32a3d3b84c871909fed3a4e9a6
pi0,3,pick_up_the_black_bowl_next_to_the_cookie_box_and_place_it_on_the_plate,46,fixed_initial_state,13046,1,104,8a9f98014dea8b5aba02cba766a5ca7ba4512e32a3d3b84c871909fed3a4e9a6
pi0,3,pick_up_the_black_bowl_next_to_the_cookie_box_and_place_it_on_the_plate,47,fixed_initial_state,13047,1,109,8a9f98014dea8b5aba02cba766a5ca7ba4512e32a3d3b84c871909fed3a4e9a6
pi0,3,pick_up_the_black_bowl_next_to_the_cookie_box_and_place_it_on_the_plate,48,fixed_initial_state,13048,1,100,8a9f98014dea8b5aba02cba766a5ca7ba4512e32a3d3b84c871909fed3a4e9a6
pi0,3,pick_up_the_black_bowl_next_to_the_cookie_box_and_place_it_on_the_plate,49,fixed_initial_state,13049,1,107,8a9f98014dea8b5aba02cba766a5ca7ba4512e32a3d3b84c871909fed3a4e9a6
pi0,5,pick_up_the_black_bowl_next_to_the_ramekin_and_place_it_on_the_plate,0,fixed_initial_state,15000,1,109,8a9f98014dea8b5aba02cba766a5ca7ba4512e32a3d3b84c871909fed3a4e9a6
pi0,5,pick_up_the_black_bowl_next_to_the_ramekin_and_place_it_on_the_plate,1,fixed_initial_state,15001,1,100,8a9f98014dea8b5aba02cba766a5ca7ba4512e32a3d3b84c871909fed3a4e9a6
pi0,5,pick_up_the_black_bowl_next_to_the_ramekin_and_place_it_on_the_plate,2,fixed_initial_state,15002,1,108,8a9f98014dea8b5aba02cba766a5ca7ba4512e32a3d3b84c871909fed3a4e9a6
pi0,5,pick_up_the_black_bowl_next_to_the_ramekin_and_place_it_on_the_plate,3,fixed_initial_state,15003,1,105,8a9f98014dea8b5aba02cba766a5ca7ba4512e32a3d3b84c871909fed3a4e9a6
pi0,5,pick_up_the_black_bowl_next_to_the_ramekin_and_place_it_on_the_plate,4,fixed_initial_state,15004,1,113,8a9f98014dea8b5aba02cba766a5ca7ba4512e32a3d3b84c871909fed3a4e9a6
pi0,5,pick_up_the_black_bowl_next_to_the_ramekin_and_place_it_on_the_plate,5,fixed_initial_state,15005,1,103,8a9f98014dea8b5aba02cba766a5ca7ba4512e32a3d3b84c871909fed3a4e9a6
pi0,5,pick_up_the_black_bowl_next_to_the_ramekin_and_place_it_on_the_plate,6,fixed_initial_state,15006,1,102,8a9f98014dea8b5aba02cba766a5ca7ba4512e32a3d3b84c871909fed3a4e9a6
pi0,5,pick_up_the_black_bowl_next_to_the_ramekin_and_place_it_on_the_plate,7,fixed_initial_state,15007,1,111,8a9f98014dea8b5aba02cba766a5ca7ba4512e32a3d3b84c871909fed3a4e9a6
pi0,5,pick_up_the_black_bowl_next_to_the_ramekin_and_place_it_on_the_plate,8,fixed_initial_state,15008,1,106,8a9f98014dea8b5aba02cba766a5ca7ba4512e32a3d3b84c871909fed3a4e9a6
pi0,5,pick_up_the_black_bowl_next_to_the_ramekin_and_place_it_on_the_plate,9,fixed_initial_state,15009,1,108,8a9f98014dea8b5aba02cba766a5ca7ba4512e32a3d3b84c871909fed3a4e9a6
pi0,5,pick_up_the_black_bowl_next_to_the_ramekin_and_place_it_on_the_plate,10,fixed_initial_state,15010,0,220,8a9f98014dea8b5aba02cba766a5ca7ba4512e32a3d3b84c871909fed3a4e9a6
pi0,5,pick_up_the_black_bowl_next_to_the_ramekin_and_place_it_on_the_plate,11,fixed_initial_state,15011,1,108,8a9f98014dea8b5aba02cba766a5ca7ba4512e32a3d3b84c871909fed3a4e9a6
pi0,5,pick_up_the_black_bowl_next_to_the_ramekin_and_place_it_on_the_plate,12,fixed_initial_state,15012,1,105,8a9f98014dea8b5aba02cba766a5ca7ba4512e32a3d3b84c871909fed3a4e9a6
pi0,5,pick_up_the_black_bowl_next_to_the_ramekin_and_place_it_on_the_plate,13,fixed_initial_state,15013,1,104,8a9f98014dea8b5aba02cba766a5ca7ba4512e32a3d3b84c871909fed3a4e9a6
pi0,5,pick_up_the_black_bowl_next_to_the_ramekin_and_place_it_on_the_plate,14,fixed_initial_state,15014,1,102,8a9f98014dea8b5aba02cba766a5ca7ba4512e32a3d3b84c871909fed3a4e9a6
pi0,5,pick_up_the_black_bowl_next_to_the_ramekin_and_place_it_on_the_plate,15,fixed_initial_state,15015,1,106,8a9f98014dea8b5aba02cba766a5ca7ba4512e32a3d3b84c871909fed3a4e9a6
pi0,5,pick_up_the_black_bowl_next_to_the_ramekin_and_place_it_on_the_plate,16,fixed_initial_state,15016,1,103,8a9f98014dea8b5aba02cba766a5ca7ba4512e32a3d3b84c871909fed3a4e9a6
pi0,5,pick_up_the_black_bowl_next_to_the_ramekin_and_place_it_on_the_plate,17,fixed_initial_state,15017,1,104,8a9f98014dea8b5aba02cba766a5ca7ba4512e32a3d3b84c871909fed3a4e9a6
pi0,5,pick_up_the_black_bowl_next_to_the_ramekin_and_place_it_on_the_plate,18,fixed_initial_state,15018,1,117,8a9f98014dea8b5aba02cba766a5ca7ba4512e32a3d3b84c871909fed3a4e9a6
pi0,5,pick_up_the_black_bowl_next_to_the_ramekin_and_place_it_on_the_plate,19,fixed_initial_state,15019,1,103,8a9f98014dea8b5aba02cba766a5ca7ba4512e32a3d3b84c871909fed3a4e9a6
pi0,5,pick_up_the_black_bowl_next_to_the_ramekin_and_place_it_on_the_plate,20,fixed_initial_state,15020,1,102,8a9f98014dea8b5aba02cba766a5ca7ba4512e32a3d3b84c871909fed3a4e9a6
pi0,5,pick_up_the_black_bowl_next_to_the_ramekin_and_place_it_on_the_plate,21,fixed_initial_state,15021,1,102,8a9f98014dea8b5aba02cba766a5ca7ba4512e32a3d3b84c871909fed3a4e9a6
pi0,5,pick_up_the_black_bowl_next_to_the_ramekin_and_place_it_on_the_plate,22,fixed_initial_state,15022,1,105,8a9f98014dea8b5aba02cba766a5ca7ba4512e32a3d3b84c871909fed3a4e9a6
pi0,5,pick_up_the_black_bowl_next_to_the_ramekin_and_place_it_on_the_plate,23,fixed_initial_state,15023,0,220,8a9f98014dea8b5aba02cba766a5ca7ba4512e32a3d3b84c871909fed3a4e9a6
pi0,5,pick_up_the_black_bowl_next_to_the_ramekin_and_place_it_on_the_plate,24,fixed_initial_state,15024,1,107,8a9f98014dea8b5aba02cba766a5ca7ba4512e32a3d3b84c871909fed3a4e9a6
pi0,5,pick_up_the_black_bowl_next_to_the_ramekin_and_place_it_on_the_plate,25,fixed_initial_state,15025,0,220,8a9f98014dea8b5aba02cba766a5ca7ba4512e32a3d3b84c871909fed3a4e9a6
pi0,5,pick_up_the_black_bowl_next_to_the_ramekin_and_place_it_on_the_plate,26,fixed_initial_state,15026,1,108,8a9f98014dea8b5aba02cba766a5ca7ba4512e32a3d3b84c871909fed3a4e9a6
pi0,5,pick_up_the_black_bowl_next_to_the_ramekin_and_place_it_on_the_plate,27,fixed_initial_state,15027,1,104,8a9f98014dea8b5aba02cba766a5ca7ba4512e32a3d3b84c871909fed3a4e9a6
pi0,5,pick_up_the_black_bowl_next_to_the_ramekin_and_place_it_on_the_plate,28,fixed_initial_state,15028,1,107,8a9f98014dea8b5aba02cba766a5ca7ba4512e32a3d3b84c871909fed3a4e9a6
pi0,5,pick_up_the_black_bowl_next_to_the_ramekin_and_place_it_on_the_plate,29,fixed_initial_state,15029,1,107,8a9f98014dea8b5aba02cba766a5ca7ba4512e32a3d3b84c871909fed3a4e9a6
pi0,5,pick_up_the_black_bowl_next_to_the_ramekin_and_place_it_on_the_plate,30,fixed_initial_state,15030,0,220,8a9f98014dea8b5aba02cba766a5ca7ba4512e32a3d3b84c871909fed3a4e9a6
pi0,5,pick_up_the_black_bowl_next_to_the_ramekin_and_place_it_on_the_plate,31,fixed_initial_state,15031,0,220,8a9f98014dea8b5aba02cba766a5ca7ba4512e32a3d3b84c871909fed3a4e9a6
pi0,5,pick_up_the_black_bowl_next_to_the_ramekin_and_place_it_on_the_plate,32,fixed_initial_state,15032,0,220,8a9f98014dea8b5aba02cba766a5ca7ba4512e32a3d3b84c871909fed3a4e9a6
pi0,5,pick_up_the_black_bowl_next_to_the_ramekin_and_place_it_on_the_plate,33,fixed_initial_state,15033,1,108,8a9f98014dea8b5aba02cba766a5ca7ba4512e32a3d3b84c871909fed3a4e9a6
pi0,5,pick_up_the_black_bowl_next_to_the_ramekin_and_place_it_on_the_plate,34,fixed_initial_state,15034,1,103,8a9f98014dea8b5aba02cba766a5ca7ba4512e32a3d3b84c871909fed3a4e9a6
pi0,5,pick_up_the_black_bowl_next_to_the_ramekin_and_place_it_on_the_plate,35,fixed_initial_state,15035,1,103,8a9f98014dea8b5aba02cba766a5ca7ba4512e32a3d3b84c871909fed3a4e9a6
pi0,5,pick_up_the_black_bowl_next_to_the_ramekin_and_place_it_on_the_plate,36,fixed_initial_state,15036,1,106,8a9f98014dea8b5aba02cba766a5ca7ba4512e32a3d3b84c871909fed3a4e9a6
pi0,5,pick_up_the_black_bowl_next_to_the_ramekin_and_place_it_on_the_plate,37,fixed_initial_state,15037,1,109,8a9f98014dea8b5aba02cba766a5ca7ba4512e32a3d3b84c871909fed3a4e9a6
pi0,5,pick_up_the_black_bowl_next_to_the_ramekin_and_place_it_on_the_plate,38,fixed_initial_state,15038,0,220,8a9f98014dea8b5aba02cba766a5ca7ba4512e32a3d3b84c871909fed3a4e9a6
pi0,5,pick_up_the_black_bowl_next_to_the_ramekin_and_place_it_on_the_plate,39,fixed_initial_state,15039,1,107,8a9f98014dea8b5aba02cba766a5ca7ba4512e32a3d3b84c871909fed3a4e9a6
pi0,5,pick_up_the_black_bowl_next_to_the_ramekin_and_place_it_on_the_plate,40,fixed_initial_state,15040,0,220,8a9f98014dea8b5aba02cba766a5ca7ba4512e32a3d3b84c871909fed3a4e9a6
pi0,5,pick_up_the_black_bowl_next_to_the_ramekin_and_place_it_on_the_plate,41,fixed_initial_state,15041,1,102,8a9f98014dea8b5aba02cba766a5ca7ba4512e32a3d3b84c871909fed3a4e9a6
pi0,5,pick_up_the_black_bowl_next_to_the_ramekin_and_place_it_on_the_plate,42,fixed_initial_state,15042,1,105,8a9f98014dea8b5aba02cba766a5ca7ba4512e32a3d3b84c871909fed3a4e9a6
pi0,5,pick_up_the_black_bowl_next_to_the_ramekin_and_place_it_on_the_plate,43,fixed_initial_state,15043,1,102,8a9f98014dea8b5aba02cba766a5ca7ba4512e32a3d3b84c871909fed3a4e9a6
pi0,5,pick_up_the_black_bowl_next_to_the_ramekin_and_place_it_on_the_plate,44,fixed_initial_state,15044,1,102,8a9f98014dea8b5aba02cba766a5ca7ba4512e32a3d3b84c871909fed3a4e9a6
pi0,5,pick_up_the_black_bowl_next_to_the_ramekin_and_place_it_on_the_plate,45,fixed_initial_state,15045,1,106,8a9f98014dea8b5aba02cba766a5ca7ba4512e32a3d3b84c871909fed3a4e9a6
pi0,5,pick_up_the_black_bowl_next_to_the_ramekin_and_place_it_on_the_plate,46,fixed_initial_state,15046,1,112,8a9f98014dea8b5aba02cba766a5ca7ba4512e32a3d3b84c871909fed3a4e9a6
pi0,5,pick_up_the_black_bowl_next_to_the_ramekin_and_place_it_on_the_plate,47,fixed_initial_state,15047,1,105,8a9f98014dea8b5aba02cba766a5ca7ba4512e32a3d3b84c871909fed3a4e9a6
pi0,5,pick_up_the_black_bowl_next_to_the_ramekin_and_place_it_on_the_plate,48,fixed_initial_state,15048,1,108,8a9f98014dea8b5aba02cba766a5ca7ba4512e32a3d3b84c871909fed3a4e9a6
pi0,5,pick_up_the_black_bowl_next_to_the_ramekin_and_place_it_on_the_plate,49,fixed_initial_state,15049,1,106,8a9f98014dea8b5aba02cba766a5ca7ba4512e32a3d3b84c871909fed3a4e9a6
pi0,7,pick_up_the_black_bowl_on_the_ramekin_and_place_it_on_the_plate,0,fixed_initial_state,17000,0,220,8a9f98014dea8b5aba02cba766a5ca7ba4512e32a3d3b84c871909fed3a4e9a6
pi0,7,pick_up_the_black_bowl_on_the_ramekin_and_place_it_on_the_plate,1,fixed_initial_state,17001,1,100,8a9f98014dea8b5aba02cba766a5ca7ba4512e32a3d3b84c871909fed3a4e9a6
pi0,7,pick_up_the_black_bowl_on_the_ramekin_and_place_it_on_the_plate,2,fixed_initial_state,17002,1,88,8a9f98014dea8b5aba02cba766a5ca7ba4512e32a3d3b84c871909fed3a4e9a6
pi0,7,pick_up_the_black_bowl_on_the_ramekin_and_place_it_on_the_plate,3,fixed_initial_state,17003,1,88,8a9f98014dea8b5aba02cba766a5ca7ba4512e32a3d3b84c871909fed3a4e9a6
pi0,7,pick_up_the_black_bowl_on_the_ramekin_and_place_it_on_the_plate,4,fixed_initial_state,17004,1,83,8a9f98014dea8b5aba02cba766a5ca7ba4512e32a3d3b84c871909fed3a4e9a6
pi0,7,pick_up_the_black_bowl_on_the_ramekin_and_place_it_on_the_plate,5,fixed_initial_state,17005,1,87,8a9f98014dea8b5aba02cba766a5ca7ba4512e32a3d3b84c871909fed3a4e9a6
pi0,7,pick_up_the_black_bowl_on_the_ramekin_and_place_it_on_the_plate,6,fixed_initial_state,17006,0,220,8a9f98014dea8b5aba02cba766a5ca7ba4512e32a3d3b84c871909fed3a4e9a6
pi0,7,pick_up_the_black_bowl_on_the_ramekin_and_place_it_on_the_plate,7,fixed_initial_state,17007,0,220,8a9f98014dea8b5aba02cba766a5ca7ba4512e32a3d3b84c871909fed3a4e9a6
pi0,7,pick_up_the_black_bowl_on_the_ramekin_and_place_it_on_the_plate,8,fixed_initial_state,17008,1,96,8a9f98014dea8b5aba02cba766a5ca7ba4512e32a3d3b84c871909fed3a4e9a6
pi0,7,pick_up_the_black_bowl_on_the_ramekin_and_place_it_on_the_plate,9,fixed_initial_state,17009,1,94,8a9f98014dea8b5aba02cba766a5ca7ba4512e32a3d3b84c871909fed3a4e9a6
pi0,7,pick_up_the_black_bowl_on_the_ramekin_and_place_it_on_the_plate,10,fixed_initial_state,17010,1,93,8a9f98014dea8b5aba02cba766a5ca7ba4512e32a3d3b84c871909fed3a4e9a6
pi0,7,pick_up_the_black_bowl_on_the_ramekin_and_place_it_on_the_plate,11,fixed_initial_state,17011,1,80,8a9f98014dea8b5aba02cba766a5ca7ba4512e32a3d3b84c871909fed3a4e9a6
pi0,7,pick_up_the_black_bowl_on_the_ramekin_and_place_it_on_the_plate,12,fixed_initial_state,17012,1,96,8a9f98014dea8b5aba02cba766a5ca7ba4512e32a3d3b84c871909fed3a4e9a6
pi0,7,pick_up_the_black_bowl_on_the_ramekin_and_place_it_on_the_plate,13,fixed_initial_state,17013,1,88,8a9f98014dea8b5aba02cba766a5ca7ba4512e32a3d3b84c871909fed3a4e9a6
pi0,7,pick_up_the_black_bowl_on_the_ramekin_and_place_it_on_the_plate,14,fixed_initial_state,17014,1,104,8a9f98014dea8b5aba02cba766a5ca7ba4512e32a3d3b84c871909fed3a4e9a6
pi0,7,pick_up_the_black_bowl_on_the_ramekin_and_place_it_on_the_plate,15,fixed_initial_state,17015,1,92,8a9f98014dea8b5aba02cba766a5ca7ba4512e32a3d3b84c871909fed3a4e9a6
pi0,7,pick_up_the_black_bowl_on_the_ramekin_and_place_it_on_the_plate,16,fixed_initial_state,17016,0,220,8a9f98014dea8b5aba02cba766a5ca7ba4512e32a3d3b84c871909fed3a4e9a6
pi0,7,pick_up_the_black_bowl_on_the_ramekin_and_place_it_on_the_plate,17,fixed_initial_state,17017,1,115,8a9f98014dea8b5aba02cba766a5ca7ba4512e32a3d3b84c871909fed3a4e9a6
pi0,7,pick_up_the_black_bowl_on_the_ramekin_and_place_it_on_the_plate,18,fixed_initial_state,17018,1,88,8a9f98014dea8b5aba02cba766a5ca7ba4512e32a3d3b84c871909fed3a4e9a6
pi0,7,pick_up_the_black_bowl_on_the_ramekin_and_place_it_on_the_plate,19,fixed_initial_state,17019,1,95,8a9f98014dea8b5aba02cba766a5ca7ba4512e32a3d3b84c871909fed3a4e9a6
pi0,7,pick_up_the_black_bowl_on_the_ramekin_and_place_it_on_the_plate,20,fixed_initial_state,17020,0,220,8a9f98014dea8b5aba02cba766a5ca7ba4512e32a3d3b84c871909fed3a4e9a6
pi0,7,pick_up_the_black_bowl_on_the_ramekin_and_place_it_on_the_plate,21,fixed_initial_state,17021,1,96,8a9f98014dea8b5aba02cba766a5ca7ba4512e32a3d3b84c871909fed3a4e9a6
pi0,7,pick_up_the_black_bowl_on_the_ramekin_and_place_it_on_the_plate,22,fixed_initial_state,17022,1,136,8a9f98014dea8b5aba02cba766a5ca7ba4512e32a3d3b84c871909fed3a4e9a6
pi0,7,pick_up_the_black_bowl_on_the_ramekin_and_place_it_on_the_plate,23,fixed_initial_state,17023,1,91,8a9f98014dea8b5aba02cba766a5ca7ba4512e32a3d3b84c871909fed3a4e9a6
pi0,7,pick_up_the_black_bowl_on_the_ramekin_and_place_it_on_the_plate,24,fixed_initial_state,17024,1,91,8a9f98014dea8b5aba02cba766a5ca7ba4512e32a3d3b84c871909fed3a4e9a6
pi0,7,pick_up_the_black_bowl_on_the_ramekin_and_place_it_on_the_plate,25,fixed_initial_state,17025,1,91,8a9f98014dea8b5aba02cba766a5ca7ba4512e32a3d3b84c871909fed3a4e9a6
pi0,7,pick_up_the_black_bowl_on_the_ramekin_and_place_it_on_the_plate,26,fixed_initial_state,17026,1,86,8a9f98014dea8b5aba02cba766a5ca7ba4512e32a3d3b84c871909fed3a4e9a6
pi0,7,pick_up_the_black_bowl_on_the_ramekin_and_place_it_on_the_plate,27,fixed_initial_state,17027,0,220,8a9f98014dea8b5aba02cba766a5ca7ba4512e32a3d3b84c871909fed3a4e9a6
pi0,7,pick_up_the_black_bowl_on_the_ramekin_and_place_it_on_the_plate,28,fixed_initial_state,17028,0,220,8a9f98014dea8b5aba02cba766a5ca7ba4512e32a3d3b84c871909fed3a4e9a6
pi0,7,pick_up_the_black_bowl_on_the_ramekin_and_place_it_on_the_plate,29,fixed_initial_state,17029,1,88,8a9f98014dea8b5aba02cba766a5ca7ba4512e32a3d3b84c871909fed3a4e9a6
pi0,7,pick_up_the_black_bowl_on_the_ramekin_and_place_it_on_the_plate,30,fixed_initial_state,17030,1,94,8a9f98014dea8b5aba02cba766a5ca7ba4512e32a3d3b84c871909fed3a4e9a6
pi0,7,pick_up_the_black_bowl_on_the_ramekin_and_place_it_on_the_plate,31,fixed_initial_state,17031,1,98,8a9f98014dea8b5aba02cba766a5ca7ba4512e32a3d3b84c871909fed3a4e9a6
pi0,7,pick_up_the_black_bowl_on_the_ramekin_and_place_it_on_the_plate,32,fixed_initial_state,17032,1,93,8a9f98014dea8b5aba02cba766a5ca7ba4512e32a3d3b84c871909fed3a4e9a6
pi0,7,pick_up_the_black_bowl_on_the_ramekin_and_place_it_on_the_plate,33,fixed_initial_state,17033,1,110,8a9f98014dea8b5aba02cba766a5ca7ba4512e32a3d3b84c871909fed3a4e9a6
pi0,7,pick_up_the_black_bowl_on_the_ramekin_and_place_it_on_the_plate,34,fixed_initial_state,17034,1,97,8a9f98014dea8b5aba02cba766a5ca7ba4512e32a3d3b84c871909fed3a4e9a6
pi0,7,pick_up_the_black_bowl_on_the_ramekin_and_place_it_on_the_plate,35,fixed_initial_state,17035,1,105,8a9f98014dea8b5aba02cba766a5ca7ba4512e32a3d3b84c871909fed3a4e9a6
pi0,7,pick_up_the_black_bowl_on_the_ramekin_and_place_it_on_the_plate,36,fixed_initial_state,17036,1,89,8a9f98014dea8b5aba02cba766a5ca7ba4512e32a3d3b84c871909fed3a4e9a6
pi0,7,pick_up_the_black_bowl_on_the_ramekin_and_place_it_on_the_plate,37,fixed_initial_state,17037,0,220,8a9f98014dea8b5aba02cba766a5ca7ba4512e32a3d3b84c871909fed3a4e9a6
pi0,7,pick_up_the_black_bowl_on_the_ramekin_and_place_it_on_the_plate,38,fixed_initial_state,17038,1,88,8a9f98014dea8b5aba02cba766a5ca7ba4512e32a3d3b84c871909fed3a4e9a6
pi0,7,pick_up_the_black_bowl_on_the_ramekin_and_place_it_on_the_plate,39,fixed_initial_state,17039,1,89,8a9f98014dea8b5aba02cba766a5ca7ba4512e32a3d3b84c871909fed3a4e9a6
pi0,7,pick_up_the_black_bowl_on_the_ramekin_and_place_it_on_the_plate,40,fixed_initial_state,17040,1,111,8a9f98014dea8b5aba02cba766a5ca7ba4512e32a3d3b84c871909fed3a4e9a6
pi0,7,pick_up_the_black_bowl_on_the_ramekin_and_place_it_on_the_plate,41,fixed_initial_state,17041,1,87,8a9f98014dea8b5aba02cba766a5ca7ba4512e32a3d3b84c871909fed3a4e9a6
pi0,7,pick_up_the_black_bowl_on_the_ramekin_and_place_it_on_the_plate,42,fixed_initial_state,17042,1,94,8a9f98014dea8b5aba02cba766a5ca7ba4512e32a3d3b84c871909fed3a4e9a6
pi0,7,pick_up_the_black_bowl_on_the_ramekin_and_place_it_on_the_plate,43,fixed_initial_state,17043,1,127,8a9f98014dea8b5aba02cba766a5ca7ba4512e32a3d3b84c871909fed3a4e9a6
pi0,7,pick_up_the_black_bowl_on_the_ramekin_and_place_it_on_the_plate,44,fixed_initial_state,17044,1,86,8a9f98014dea8b5aba02cba766a5ca7ba4512e32a3d3b84c871909fed3a4e9a6
pi0,7,pick_up_the_black_bowl_on_the_ramekin_and_place_it_on_the_plate,45,fixed_initial_state,17045,1,97,8a9f98014dea8b5aba02cba766a5ca7ba4512e32a3d3b84c871909fed3a4e9a6
pi0,7,pick_up_the_black_bowl_on_the_ramekin_and_place_it_on_the_plate,46,fixed_initial_state,17046,1,85,8a9f98014dea8b5aba02cba766a5ca7ba4512e32a3d3b84c871909fed3a4e9a6
pi0,7,pick_up_the_black_bowl_on_the_ramekin_and_place_it_on_the_plate,47,fixed_initial_state,17047,1,86,8a9f98014dea8b5aba02cba766a5ca7ba4512e32a3d3b84c871909fed3a4e9a6
pi0,7,pick_up_the_black_bowl_on_the_ramekin_and_place_it_on_the_plate,48,fixed_initial_state,17048,1,96,8a9f98014dea8b5aba02cba766a5ca7ba4512e32a3d3b84c871909fed3a4e9a6
pi0,7,pick_up_the_black_bowl_on_the_ramekin_and_place_it_on_the_plate,49,fixed_initial_state,17049,1,92,8a9f98014dea8b5aba02cba766a5ca7ba4512e32a3d3b84c871909fed3a4e9a6
pi0,9,pick_up_the_black_bowl_on_the_wooden_cabinet_and_place_it_on_the_plate,0,fixed_initial_state,19000,1,121,8a9f98014dea8b5aba02cba766a5ca7ba4512e32a3d3b84c871909fed3a4e9a6
pi0,9,pick_up_the_black_bowl_on_the_wooden_cabinet_and_place_it_on_the_plate,1,fixed_initial_state,19001,1,123,8a9f98014dea8b5aba02cba766a5ca7ba4512e32a3d3b84c871909fed3a4e9a6
pi0,9,pick_up_the_black_bowl_on_the_wooden_cabinet_and_place_it_on_the_plate,2,fixed_initial_state,19002,1,121,8a9f98014dea8b5aba02cba766a5ca7ba4512e32a3d3b84c871909fed3a4e9a6
pi0,9,pick_up_the_black_bowl_on_the_wooden_cabinet_and_place_it_on_the_plate,3,fixed_initial_state,19003,1,113,8a9f98014dea8b5aba02cba766a5ca7ba4512e32a3d3b84c871909fed3a4e9a6
pi0,9,pick_up_the_black_bowl_on_the_wooden_cabinet_and_place_it_on_the_plate,4,fixed_initial_state,19004,1,122,8a9f98014dea8b5aba02cba766a5ca7ba4512e32a3d3b84c871909fed3a4e9a6
pi0,9,pick_up_the_black_bowl_on_the_wooden_cabinet_and_place_it_on_the_plate,5,fixed_initial_state,19005,1,126,8a9f98014dea8b5aba02cba766a5ca7ba4512e32a3d3b84c871909fed3a4e9a6
pi0,9,pick_up_the_black_bowl_on_the_wooden_cabinet_and_place_it_on_the_plate,6,fixed_initial_state,19006,1,117,8a9f98014dea8b5aba02cba766a5ca7ba4512e32a3d3b84c871909fed3a4e9a6
pi0,9,pick_up_the_black_bowl_on_the_wooden_cabinet_and_place_it_on_the_plate,7,fixed_initial_state,19007,1,130,8a9f98014dea8b5aba02cba766a5ca7ba4512e32a3d3b84c871909fed3a4e9a6
pi0,9,pick_up_the_black_bowl_on_the_wooden_cabinet_and_place_it_on_the_plate,8,fixed_initial_state,19008,0,220,8a9f98014dea8b5aba02cba766a5ca7ba4512e32a3d3b84c871909fed3a4e9a6
pi0,9,pick_up_the_black_bowl_on_the_wooden_cabinet_and_place_it_on_the_plate,9,fixed_initial_state,19009,1,123,8a9f98014dea8b5aba02cba766a5ca7ba4512e32a3d3b84c871909fed3a4e9a6
pi0,9,pick_up_the_black_bowl_on_the_wooden_cabinet_and_place_it_on_the_plate,10,fixed_initial_state,19010,1,121,8a9f98014dea8b5aba02cba766a5ca7ba4512e32a3d3b84c871909fed3a4e9a6
pi0,9,pick_up_the_black_bowl_on_the_wooden_cabinet_and_place_it_on_the_plate,11,fixed_initial_state,19011,1,112,8a9f98014dea8b5aba02cba766a5ca7ba4512e32a3d3b84c871909fed3a4e9a6
pi0,9,pick_up_the_black_bowl_on_the_wooden_cabinet_and_place_it_on_the_plate,12,fixed_initial_state,19012,1,120,8a9f98014dea8b5aba02cba766a5ca7ba4512e32a3d3b84c871909fed3a4e9a6
pi0,9,pick_up_the_black_bowl_on_the_wooden_cabinet_and_place_it_on_the_plate,13,fixed_initial_state,19013,1,120,8a9f98014dea8b5aba02cba766a5ca7ba4512e32a3d3b84c871909fed3a4e9a6
pi0,9,pick_up_the_black_bowl_on_the_wooden_cabinet_and_place_it_on_the_plate,14,fixed_initial_state,19014,1,112,8a9f98014dea8b5aba02cba766a5ca7ba4512e32a3d3b84c871909fed3a4e9a6
pi0,9,pick_up_the_black_bowl_on_the_wooden_cabinet_and_place_it_on_the_plate,15,fixed_initial_state,19015,1,120,8a9f98014dea8b5aba02cba766a5ca7ba4512e32a3d3b84c871909fed3a4e9a6
pi0,9,pick_up_the_black_bowl_on_the_wooden_cabinet_and_place_it_on_the_plate,16,fixed_initial_state,19016,1,115,8a9f98014dea8b5aba02cba766a5ca7ba4512e32a3d3b84c871909fed3a4e9a6
pi0,9,pick_up_the_black_bowl_on_the_wooden_cabinet_and_place_it_on_the_plate,17,fixed_initial_state,19017,1,118,8a9f98014dea8b5aba02cba766a5ca7ba4512e32a3d3b84c871909fed3a4e9a6
pi0,9,pick_up_the_black_bowl_on_the_wooden_cabinet_and_place_it_on_the_plate,18,fixed_initial_state,19018,1,128,8a9f98014dea8b5aba02cba766a5ca7ba4512e32a3d3b84c871909fed3a4e9a6
pi0,9,pick_up_the_black_bowl_on_the_wooden_cabinet_and_place_it_on_the_plate,19,fixed_initial_state,19019,1,120,8a9f98014dea8b5aba02cba766a5ca7ba4512e32a3d3b84c871909fed3a4e9a6
pi0,9,pick_up_the_black_bowl_on_the_wooden_cabinet_and_place_it_on_the_plate,20,fixed_initial_state,19020,1,117,8a9f98014dea8b5aba02cba766a5ca7ba4512e32a3d3b84c871909fed3a4e9a6
pi0,9,pick_up_the_black_bowl_on_the_wooden_cabinet_and_place_it_on_the_plate,21,fixed_initial_state,19021,0,220,8a9f98014dea8b5aba02cba766a5ca7ba4512e32a3d3b84c871909fed3a4e9a6
pi0,9,pick_up_the_black_bowl_on_the_wooden_cabinet_and_place_it_on_the_plate,22,fixed_initial_state,19022,1,107,8a9f98014dea8b5aba02cba766a5ca7ba4512e32a3d3b84c871909fed3a4e9a6
pi0,9,pick_up_the_black_bowl_on_the_wooden_cabinet_and_place_it_on_the_plate,23,fixed_initial_state,19023,1,112,8a9f98014dea8b5aba02cba766a5ca7ba4512e32a3d3b84c871909fed3a4e9a6
pi0,9,pick_up_the_black_bowl_on_the_wooden_cabinet_and_place_it_on_the_plate,24,fixed_initial_state,19024,1,113,8a9f98014dea8b5aba02cba766a5ca7ba4512e32a3d3b84c871909fed3a4e9a6
pi0,9,pick_up_the_black_bowl_on_the_wooden_cabinet_and_place_it_on_the_plate,25,fixed_initial_state,19025,1,136,8a9f98014dea8b5aba02cba766a5ca7ba4512e32a3d3b84c871909fed3a4e9a6
pi0,9,pick_up_the_black_bowl_on_the_wooden_cabinet_and_place_it_on_the_plate,26,fixed_initial_state,19026,1,110,8a9f98014dea8b5aba02cba766a5ca7ba4512e32a3d3b84c871909fed3a4e9a6
pi0,9,pick_up_the_black_bowl_on_the_wooden_cabinet_and_place_it_on_the_plate,27,fixed_initial_state,19027,0,220,8a9f98014dea8b5aba02cba766a5ca7ba4512e32a3d3b84c871909fed3a4e9a6
pi0,9,pick_up_the_black_bowl_on_the_wooden_cabinet_and_place_it_on_the_plate,28,fixed_initial_state,19028,0,220,8a9f98014dea8b5aba02cba766a5ca7ba4512e32a3d3b84c871909fed3a4e9a6
pi0,9,pick_up_the_black_bowl_on_the_wooden_cabinet_and_place_it_on_the_plate,29,fixed_initial_state,19029,1,117,8a9f98014dea8b5aba02cba766a5ca7ba4512e32a3d3b84c871909fed3a4e9a6
pi0,9,pick_up_the_black_bowl_on_the_wooden_cabinet_and_place_it_on_the_plate,30,fixed_initial_state,19030,1,116,8a9f98014dea8b5aba02cba766a5ca7ba4512e32a3d3b84c871909fed3a4e9a6
pi0,9,pick_up_the_black_bowl_on_the_wooden_cabinet_and_place_it_on_the_plate,31,fixed_initial_state,19031,1,126,8a9f98014dea8b5aba02cba766a5ca7ba4512e32a3d3b84c871909fed3a4e9a6
pi0,9,pick_up_the_black_bowl_on_the_wooden_cabinet_and_place_it_on_the_plate,32,fixed_initial_state,19032,1,129,8a9f98014dea8b5aba02cba766a5ca7ba4512e32a3d3b84c871909fed3a4e9a6
pi0,9,pick_up_the_black_bowl_on_the_wooden_cabinet_and_place_it_on_the_plate,33,fixed_initial_state,19033,0,220,8a9f98014dea8b5aba02cba766a5ca7ba4512e32a3d3b84c871909fed3a4e9a6
pi0,9,pick_up_the_black_bowl_on_the_wooden_cabinet_and_place_it_on_the_plate,34,fixed_initial_state,19034,1,112,8a9f98014dea8b5aba02cba766a5ca7ba4512e32a3d3b84c871909fed3a4e9a6
pi0,9,pick_up_the_black_bowl_on_the_wooden_cabinet_and_place_it_on_the_plate,35,fixed_initial_state,19035,1,118,8a9f98014dea8b5aba02cba766a5ca7ba4512e32a3d3b84c871909fed3a4e9a6
pi0,9,pick_up_the_black_bowl_on_the_wooden_cabinet_and_place_it_on_the_plate,36,fixed_initial_state,19036,0,220,8a9f98014dea8b5aba02cba766a5ca7ba4512e32a3d3b84c871909fed3a4e9a6
pi0,9,pick_up_the_black_bowl_on_the_wooden_cabinet_and_place_it_on_the_plate,37,fixed_initial_state,19037,1,132,8a9f98014dea8b5aba02cba766a5ca7ba4512e32a3d3b84c871909fed3a4e9a6
pi0,9,pick_up_the_black_bowl_on_the_wooden_cabinet_and_place_it_on_the_plate,38,fixed_initial_state,19038,1,125,8a9f98014dea8b5aba02cba766a5ca7ba4512e32a3d3b84c871909fed3a4e9a6
pi0,9,pick_up_the_black_bowl_on_the_wooden_cabinet_and_place_it_on_the_plate,39,fixed_initial_state,19039,0,220,8a9f98014dea8b5aba02cba766a5ca7ba4512e32a3d3b84c871909fed3a4e9a6
pi0,9,pick_up_the_black_bowl_on_the_wooden_cabinet_and_place_it_on_the_plate,40,fixed_initial_state,19040,1,107,8a9f98014dea8b5aba02cba766a5ca7ba4512e32a3d3b84c871909fed3a4e9a6
pi0,9,pick_up_the_black_bowl_on_the_wooden_cabinet_and_place_it_on_the_plate,41,fixed_initial_state,19041,1,129,8a9f98014dea8b5aba02cba766a5ca7ba4512e32a3d3b84c871909fed3a4e9a6
pi0,9,pick_up_the_black_bowl_on_the_wooden_cabinet_and_place_it_on_the_plate,42,fixed_initial_state,19042,1,115,8a9f98014dea8b5aba02cba766a5ca7ba4512e32a3d3b84c871909fed3a4e9a6
pi0,9,pick_up_the_black_bowl_on_the_wooden_cabinet_and_place_it_on_the_plate,43,fixed_initial_state,19043,1,120,8a9f98014dea8b5aba02cba766a5ca7ba4512e32a3d3b84c871909fed3a4e9a6
pi0,9,pick_up_the_black_bowl_on_the_wooden_cabinet_and_place_it_on_the_plate,44,fixed_initial_state,19044,1,118,8a9f98014dea8b5aba02cba766a5ca7ba4512e32a3d3b84c871909fed3a4e9a6
pi0,9,pick_up_the_black_bowl_on_the_wooden_cabinet_and_place_it_on_the_plate,45,fixed_initial_state,19045,1,121,8a9f98014dea8b5aba02cba766a5ca7ba4512e32a3d3b84c871909fed3a4e9a6
pi0,9,pick_up_the_black_bowl_on_the_wooden_cabinet_and_place_it_on_the_plate,46,fixed_initial_state,19046,1,111,8a9f98014dea8b5aba02cba766a5ca7ba4512e32a3d3b84c871909fed3a4e9a6
pi0,9,pick_up_the_black_bowl_on_the_wooden_cabinet_and_place_it_on_the_plate,47,fixed_initial_state,19047,0,220,8a9f98014dea8b5aba02cba766a5ca7ba4512e32a3d3b84c871909fed3a4e9a6
pi0,9,pick_up_the_black_bowl_on_the_wooden_cabinet_and_place_it_on_the_plate,48,fixed_initial_state,19048,1,115,8a9f98014dea8b5aba02cba766a5ca7ba4512e32a3d3b84c871909fed3a4e9a6
pi0,9,pick_up_the_black_bowl_on_the_wooden_cabinet_and_place_it_on_the_plate,49,fixed_initial_state,19049,1,122,8a9f98014dea8b5aba02cba766a5ca7ba4512e32a3d3b84c871909fed3a4e9a6
