experiment,task_id,task_name,initial_state_id,eval_seed,success,steps,model_calls,checkpoint_sha256
act_final,0,pick_up_the_black_bowl_between_the_plate_and_the_ramekin_and_place_it_on_the_plate,6,10006,1,80,10,22ac24d35a50252bced84f93747106b3267de468f55b9113bfd7dd0f37c49cc0
act_final,0,pick_up_the_black_bowl_between_the_plate_and_the_ramekin_and_place_it_on_the_plate,0,10000,1,87,11,22ac24d35a50252bced84f93747106b3267de468f55b9113bfd7dd0f37c49cc0
act_final,0,pick_up_the_black_bowl_between_the_plate_and_the_ramekin_and_place_it_on_the_plate,4,10004,1,87,11,22ac24d35a50252bced84f93747106b3267de468f55b9113bfd7dd0f37c49cc0
act_final,0,pick_up_the_black_bowl_between_the_plate_and_the_ramekin_and_place_it_on_the_plate,7,10007,1,89,12,22ac24d35a50252bced84f93747106b3267de468f55b9113bfd7dd0f37c49cc0
act_final,0,pick_up_the_black_bowl_between_the_plate_and_the_ramekin_and_place_it_on_the_plate,2,10002,1,92,12,22ac24d35a50252bced84f93747106b3267de468f55b9113bfd7dd0f37c49cc0
act_final,0,pick_up_the_black_bowl_between_the_plate_and_the_ramekin_and_place_it_on_the_plate,8,10008,1,82,11,22ac24d35a50252bced84f93747106b3267de468f55b9113bfd7dd0f37c49cc0
act_final,0,pick_up_the_black_bowl_between_the_plate_and_the_ramekin_and_place_it_on_the_plate,12,10012,1,79,10,22ac24d35a50252bced84f93747106b3267de468f55b9113bfd7dd0f37c49cc0
act_final,0,pick_up_the_black_bowl_between_the_plate_and_the_ramekin_and_place_it_on_the_plate,11,10011,1,82,11,22ac24d35a50252bced84f93747106b3267de468f55b9113bfd7dd0f37c49cc0
act_final,0,pick_up_the_black_bowl_between_the_plate_and_the_ramekin_and_place_it_on_the_plate,9,10009,1,96,12,22ac24d35a50252bced84f93747106b3267de468f55b9113bfd7dd0f37c49cc0
act_final,0,pick_up_the_black_bowl_between_the_plate_and_the_ramekin_and_place_it_on_the_plate,1,10001,1,247,31,22ac24d35a50252bced84f93747106b3267de468f55b9113bfd7dd0f37c49cc0
act_final,0,pick_up_the_black_bowl_between_the_plate_and_the_ramekin_and_place_it_on_the_plate,15,10015,1,74,10,22ac24d35a50252bced84f93747106b3267de468f55b9113bfd7dd0f37c49cc0
act_final,0,pick_up_the_black_bowl_between_the_plate_and_the_ramekin_and_place_it_on_the_plate,16,10016,1,86,11,22ac24d35a50252bced84f93747106b3267de468f55b9113bfd7dd0f37c49cc0
act_final,0,pick_up_the_black_bowl_between_the_plate_and_the_ramekin_and_place_it_on_the_plate,13,10013,1,110,14,22ac24d35a50252bced84f93747106b3267de468f55b9113bfd7dd0f37c49cc0
act_final,0,pick_up_the_black_bowl_between_the_plate_and_the_ramekin_and_place_it_on_the_plate,17,10017,1,83,11,22ac24d35a50252bced84f93747106b3267de468f55b9113bfd7dd0f37c49cc0
act_final,0,pick_up_the_black_bowl_between_the_plate_and_the_ramekin_and_place_it_on_the_plate,19,10019,1,84,11,22ac24d35a50252bced84f93747106b3267de468f55b9113bfd7dd0f37c49cc0
act_final,0,pick_up_the_black_bowl_between_the_plate_and_the_ramekin_and_place_it_on_the_plate,18,10018,1,149,19,22ac24d35a50252bced84f93747106b3267de468f55b9113bfd7dd0f37c49cc0
act_final,0,pick_up_the_black_bowl_between_the_plate_and_the_ramekin_and_place_it_on_the_plate,21,10021,1,82,11,22ac24d35a50252bced84f93747106b3267de468f55b9113bfd7dd0f37c49cc0
act_final,0,pick_up_the_black_bowl_between_the_plate_and_the_ramekin_and_place_it_on_the_plate,22,10022,1,78,10,22ac24d35a50252bced84f93747106b3267de468f55b9113bfd7dd0f37c49cc0
act_final,0,pick_up_the_black_bowl_between_the_plate_and_the_ramekin_and_place_it_on_the_plate,23,10023,1,83,11,22ac24d35a50252bced84f93747106b3267de468f55b9113bfd7dd0f37c49cc0
act_final,0,pick_up_the_black_bowl_between_the_plate_and_the_ramekin_and_place_it_on_the_plate,24,10024,1,88,11,22ac24d35a50252bced84f93747106b3267de468f55b9113bfd7dd0f37c49cc0
act_final,0,pick_up_the_black_bowl_between_the_plate_and_the_ramekin_and_place_it_on_the_plate,10,10010,1,425,54,22ac24d35a50252bced84f93747106b3267de468f55b9113bfd7dd0f37c49cc0
act_final,0,pick_up_the_black_bowl_between_the_plate_and_the_ramekin_and_place_it_on_the_plate,25,10025,1,81,11,22ac24d35a50252bced84f93747106b3267de468f55b9113bfd7dd0f37c49cc0
act_final,0,pick_up_the_black_bowl_between_the_plate_and_the_ramekin_and_place_it_on_the_plate,26,10026,1,81,11,22ac24d35a50252bced84f93747106b3267de468f55b9113bfd7dd0f37c49cc0
act_final,0,pick_up_the_black_bowl_between_the_plate_and_the_ramekin_and_place_it_on_the_plate,29,10029,1,79,10,22ac24d35a50252bced84f93747106b3267de468f55b9113bfd7dd0f37c49cc0
act_final,0,pick_up_the_black_bowl_between_the_plate_and_the_ramekin_and_place_it_on_the_plate,3,10003,0,600,75,22ac24d35a50252bced84f93747106b3267de468f55b9113bfd7dd0f37c49cc0
act_final,0,pick_up_the_black_bowl_between_the_plate_and_the_ramekin_and_place_it_on_the_plate,5,10005,0,600,75,22ac24d35a50252bced84f93747106b3267de468f55b9113bfd7dd0f37c49cc0
act_final,0,pick_up_the_black_bowl_between_the_plate_and_the_ramekin_and_place_it_on_the_plate,27,10027,1,116,15,22ac24d35a50252bced84f93747106b3267de468f55b9113bfd7dd0f37c49cc0
act_final,0,pick_up_the_black_bowl_between_the_plate_and_the_ramekin_and_place_it_on_the_plate,30,10030,1,83,11,22ac24d35a50252bced84f93747106b3267de468f55b9113bfd7dd0f37c49cc0
act_final,0,pick_up_the_black_bowl_between_the_plate_and_the_ramekin_and_place_it_on_the_plate,32,10032,1,87,11,22ac24d35a50252bced84f93747106b3267de468f55b9113bfd7dd0f37c49cc0
act_final,0,pick_up_the_black_bowl_between_the_plate_and_the_ramekin_and_place_it_on_the_plate,33,10033,1,92,12,22ac24d35a50252bced84f93747106b3267de468f55b9113bfd7dd0f37c49cc0
act_final,0,pick_up_the_black_bowl_between_the_plate_and_the_ramekin_and_place_it_on_the_plate,34,10034,1,83,11,22ac24d35a50252bced84f93747106b3267de468f55b9113bfd7dd0f37c49cc0
act_final,0,pick_up_the_black_bowl_between_the_plate_and_the_ramekin_and_place_it_on_the_plate,37,10037,1,78,10,22ac24d35a50252bced84f93747106b3267de468f55b9113bfd7dd0f37c49cc0
act_final,0,pick_up_the_black_bowl_between_the_plate_and_the_ramekin_and_place_it_on_the_plate,14,10014,0,600,75,22ac24d35a50252bced84f93747106b3267de468f55b9113bfd7dd0f37c49cc0
act_final,0,pick_up_the_black_bowl_between_the_plate_and_the_ramekin_and_place_it_on_the_plate,36,10036,1,89,12,22ac24d35a50252bced84f93747106b3267de468f55b9113bfd7dd0f37c49cc0
act_final,0,pick_up_the_black_bowl_between_the_plate_and_the_ramekin_and_place_it_on_the_plate,31,10031,1,232,29,22ac24d35a50252bced84f93747106b3267de468f55b9113bfd7dd0f37c49cc0
act_final,0,pick_up_the_black_bowl_between_the_plate_and_the_ramekin_and_place_it_on_the_plate,40,10040,1,79,10,22ac24d35a50252bced84f93747106b3267de468f55b9113bfd7dd0f37c49cc0
act_final,0,pick_up_the_black_bowl_between_the_plate_and_the_ramekin_and_place_it_on_the_plate,41,10041,1,82,11,22ac24d35a50252bced84f93747106b3267de468f55b9113bfd7dd0f37c49cc0
act_final,0,pick_up_the_black_bowl_between_the_plate_and_the_ramekin_and_place_it_on_the_plate,20,10020,0,600,75,22ac24d35a50252bced84f93747106b3267de468f55b9113bfd7dd0f37c49cc0
act_final,0,pick_up_the_black_bowl_between_the_plate_and_the_ramekin_and_place_it_on_the_plate,44,10044,1,76,10,22ac24d35a50252bced84f93747106b3267de468f55b9113bfd7dd0f37c49cc0
act_final,0,pick_up_the_black_bowl_between_the_plate_and_the_ramekin_and_place_it_on_the_plate,43,10043,1,98,13,22ac24d35a50252bced84f93747106b3267de468f55b9113bfd7dd0f37c49cc0
act_final,0,pick_up_the_black_bowl_between_the_plate_and_the_ramekin_and_place_it_on_the_plate,45,10045,1,79,10,22ac24d35a50252bced84f93747106b3267de468f55b9113bfd7dd0f37c49cc0
act_final,0,pick_up_the_black_bowl_between_the_plate_and_the_ramekin_and_place_it_on_the_plate,42,10042,1,137,18,22ac24d35a50252bced84f93747106b3267de468f55b9113bfd7dd0f37c49cc0
act_final,0,pick_up_the_black_bowl_between_the_plate_and_the_ramekin_and_place_it_on_the_plate,46,10046,1,86,11,22ac24d35a50252bced84f93747106b3267de468f55b9113bfd7dd0f37c49cc0
act_final,0,pick_up_the_black_bowl_between_the_plate_and_the_ramekin_and_place_it_on_the_plate,48,10048,1,86,11,22ac24d35a50252bced84f93747106b3267de468f55b9113bfd7dd0f37c49cc0
act_final,0,pick_up_the_black_bowl_between_the_plate_and_the_ramekin_and_place_it_on_the_plate,47,10047,1,97,13,22ac24d35a50252bced84f93747106b3267de468f55b9113bfd7dd0f37c49cc0
act_final,0,pick_up_the_black_bowl_between_the_plate_and_the_ramekin_and_place_it_on_the_plate,49,10049,1,89,12,22ac24d35a50252bced84f93747106b3267de468f55b9113bfd7dd0f37c49cc0
act_final,0,pick_up_the_black_bowl_between_the_plate_and_the_ramekin_and_place_it_on_the_plate,28,10028,0,600,75,22ac24d35a50252bced84f93747106b3267de468f55b9113bfd7dd0f37c49cc0
act_final,2,pick_up_the_black_bowl_in_the_top_drawer_of_the_wooden_cabinet_and_place_it_on_the_plate,1,12001,1,125,16,22ac24d35a50252bced84f93747106b3267de468f55b9113bfd7dd0f37c49cc0
act_final,2,pick_up_the_black_bowl_in_the_top_drawer_of_the_wooden_cabinet_and_place_it_on_the_plate,3,12003,1,132,17,22ac24d35a50252bced84f93747106b3267de468f55b9113bfd7dd0f37c49cc0
act_final,2,pick_up_the_black_bowl_in_the_top_drawer_of_the_wooden_cabinet_and_place_it_on_the_plate,4,12004,1,118,15,22ac24d35a50252bced84f93747106b3267de468f55b9113bfd7dd0f37c49cc0
act_final,0,pick_up_the_black_bowl_between_the_plate_and_the_ramekin_and_place_it_on_the_plate,35,10035,0,600,75,22ac24d35a50252bced84f93747106b3267de468f55b9113bfd7dd0f37c49cc0
act_final,2,pick_up_the_black_bowl_in_the_top_drawer_of_the_wooden_cabinet_and_place_it_on_the_plate,5,12005,1,123,16,22ac24d35a50252bced84f93747106b3267de468f55b9113bfd7dd0f37c49cc0
act_final,0,pick_up_the_black_bowl_between_the_plate_and_the_ramekin_and_place_it_on_the_plate,38,10038,0,600,75,22ac24d35a50252bced84f93747106b3267de468f55b9113bfd7dd0f37c49cc0
act_final,2,pick_up_the_black_bowl_in_the_top_drawer_of_the_wooden_cabinet_and_place_it_on_the_plate,6,12006,1,117,15,22ac24d35a50252bced84f93747106b3267de468f55b9113bfd7dd0f37c49cc0
act_final,2,pick_up_the_black_bowl_in_the_top_drawer_of_the_wooden_cabinet_and_place_it_on_the_plate,7,12007,1,119,15,22ac24d35a50252bced84f93747106b3267de468f55b9113bfd7dd0f37c49cc0
act_final,0,pick_up_the_black_bowl_between_the_plate_and_the_ramekin_and_place_it_on_the_plate,39,10039,0,600,75,22ac24d35a50252bced84f93747106b3267de468f55b9113bfd7dd0f37c49cc0
act_final,2,pick_up_the_black_bowl_in_the_top_drawer_of_the_wooden_cabinet_and_place_it_on_the_plate,8,12008,1,129,17,22ac24d35a50252bced84f93747106b3267de468f55b9113bfd7dd0f37c49cc0
act_final,2,pick_up_the_black_bowl_in_the_top_drawer_of_the_wooden_cabinet_and_place_it_on_the_plate,9,12009,1,126,16,22ac24d35a50252bced84f93747106b3267de468f55b9113bfd7dd0f37c49cc0
act_final,2,pick_up_the_black_bowl_in_the_top_drawer_of_the_wooden_cabinet_and_place_it_on_the_plate,11,12011,1,122,16,22ac24d35a50252bced84f93747106b3267de468f55b9113bfd7dd0f37c49cc0
act_final,2,pick_up_the_black_bowl_in_the_top_drawer_of_the_wooden_cabinet_and_place_it_on_the_plate,10,12010,1,132,17,22ac24d35a50252bced84f93747106b3267de468f55b9113bfd7dd0f37c49cc0
act_final,2,pick_up_the_black_bowl_in_the_top_drawer_of_the_wooden_cabinet_and_place_it_on_the_plate,12,12012,1,121,16,22ac24d35a50252bced84f93747106b3267de468f55b9113bfd7dd0f37c49cc0
act_final,2,pick_up_the_black_bowl_in_the_top_drawer_of_the_wooden_cabinet_and_place_it_on_the_plate,13,12013,1,123,16,22ac24d35a50252bced84f93747106b3267de468f55b9113bfd7dd0f37c49cc0
act_final,2,pick_up_the_black_bowl_in_the_top_drawer_of_the_wooden_cabinet_and_place_it_on_the_plate,14,12014,1,119,15,22ac24d35a50252bced84f93747106b3267de468f55b9113bfd7dd0f37c49cc0
act_final,2,pick_up_the_black_bowl_in_the_top_drawer_of_the_wooden_cabinet_and_place_it_on_the_plate,15,12015,1,116,15,22ac24d35a50252bced84f93747106b3267de468f55b9113bfd7dd0f37c49cc0
act_final,2,pick_up_the_black_bowl_in_the_top_drawer_of_the_wooden_cabinet_and_place_it_on_the_plate,16,12016,1,125,16,22ac24d35a50252bced84f93747106b3267de468f55b9113bfd7dd0f37c49cc0
act_final,2,pick_up_the_black_bowl_in_the_top_drawer_of_the_wooden_cabinet_and_place_it_on_the_plate,17,12017,1,133,17,22ac24d35a50252bced84f93747106b3267de468f55b9113bfd7dd0f37c49cc0
act_final,2,pick_up_the_black_bowl_in_the_top_drawer_of_the_wooden_cabinet_and_place_it_on_the_plate,19,12019,1,124,16,22ac24d35a50252bced84f93747106b3267de468f55b9113bfd7dd0f37c49cc0
act_final,2,pick_up_the_black_bowl_in_the_top_drawer_of_the_wooden_cabinet_and_place_it_on_the_plate,0,12000,0,600,75,22ac24d35a50252bced84f93747106b3267de468f55b9113bfd7dd0f37c49cc0
act_final,2,pick_up_the_black_bowl_in_the_top_drawer_of_the_wooden_cabinet_and_place_it_on_the_plate,20,12020,1,130,17,22ac24d35a50252bced84f93747106b3267de468f55b9113bfd7dd0f37c49cc0
act_final,2,pick_up_the_black_bowl_in_the_top_drawer_of_the_wooden_cabinet_and_place_it_on_the_plate,2,12002,0,600,75,22ac24d35a50252bced84f93747106b3267de468f55b9113bfd7dd0f37c49cc0
act_final,2,pick_up_the_black_bowl_in_the_top_drawer_of_the_wooden_cabinet_and_place_it_on_the_plate,21,12021,1,115,15,22ac24d35a50252bced84f93747106b3267de468f55b9113bfd7dd0f37c49cc0
act_final,2,pick_up_the_black_bowl_in_the_top_drawer_of_the_wooden_cabinet_and_place_it_on_the_plate,22,12022,1,118,15,22ac24d35a50252bced84f93747106b3267de468f55b9113bfd7dd0f37c49cc0
act_final,2,pick_up_the_black_bowl_in_the_top_drawer_of_the_wooden_cabinet_and_place_it_on_the_plate,23,12023,1,118,15,22ac24d35a50252bced84f93747106b3267de468f55b9113bfd7dd0f37c49cc0
act_final,2,pick_up_the_black_bowl_in_the_top_drawer_of_the_wooden_cabinet_and_place_it_on_the_plate,26,12026,1,113,15,22ac24d35a50252bced84f93747106b3267de468f55b9113bfd7dd0f37c49cc0
act_final,2,pick_up_the_black_bowl_in_the_top_drawer_of_the_wooden_cabinet_and_place_it_on_the_plate,24,12024,1,123,16,22ac24d35a50252bced84f93747106b3267de468f55b9113bfd7dd0f37c49cc0
act_final,2,pick_up_the_black_bowl_in_the_top_drawer_of_the_wooden_cabinet_and_place_it_on_the_plate,28,12028,1,121,16,22ac24d35a50252bced84f93747106b3267de468f55b9113bfd7dd0f37c49cc0
act_final,2,pick_up_the_black_bowl_in_the_top_drawer_of_the_wooden_cabinet_and_place_it_on_the_plate,27,12027,1,125,16,22ac24d35a50252bced84f93747106b3267de468f55b9113bfd7dd0f37c49cc0
act_final,2,pick_up_the_black_bowl_in_the_top_drawer_of_the_wooden_cabinet_and_place_it_on_the_plate,29,12029,1,130,17,22ac24d35a50252bced84f93747106b3267de468f55b9113bfd7dd0f37c49cc0
act_final,2,pick_up_the_black_bowl_in_the_top_drawer_of_the_wooden_cabinet_and_place_it_on_the_plate,30,12030,1,129,17,22ac24d35a50252bced84f93747106b3267de468f55b9113bfd7dd0f37c49cc0
act_final,2,pick_up_the_black_bowl_in_the_top_drawer_of_the_wooden_cabinet_and_place_it_on_the_plate,32,12032,1,121,16,22ac24d35a50252bced84f93747106b3267de468f55b9113bfd7dd0f37c49cc0
act_final,2,pick_up_the_black_bowl_in_the_top_drawer_of_the_wooden_cabinet_and_place_it_on_the_plate,31,12031,1,124,16,22ac24d35a50252bced84f93747106b3267de468f55b9113bfd7dd0f37c49cc0
act_final,2,pick_up_the_black_bowl_in_the_top_drawer_of_the_wooden_cabinet_and_place_it_on_the_plate,34,12034,1,124,16,22ac24d35a50252bced84f93747106b3267de468f55b9113bfd7dd0f37c49cc0
act_final,2,pick_up_the_black_bowl_in_the_top_drawer_of_the_wooden_cabinet_and_place_it_on_the_plate,33,12033,1,129,17,22ac24d35a50252bced84f93747106b3267de468f55b9113bfd7dd0f37c49cc0
act_final,2,pick_up_the_black_bowl_in_the_top_drawer_of_the_wooden_cabinet_and_place_it_on_the_plate,35,12035,1,119,15,22ac24d35a50252bced84f93747106b3267de468f55b9113bfd7dd0f37c49cc0
act_final,2,pick_up_the_black_bowl_in_the_top_drawer_of_the_wooden_cabinet_and_place_it_on_the_plate,36,12036,1,115,15,22ac24d35a50252bced84f93747106b3267de468f55b9113bfd7dd0f37c49cc0
act_final,2,pick_up_the_black_bowl_in_the_top_drawer_of_the_wooden_cabinet_and_place_it_on_the_plate,38,12038,1,122,16,22ac24d35a50252bced84f93747106b3267de468f55b9113bfd7dd0f37c49cc0
act_final,2,pick_up_the_black_bowl_in_the_top_drawer_of_the_wooden_cabinet_and_place_it_on_the_plate,37,12037,1,127,16,22ac24d35a50252bced84f93747106b3267de468f55b9113bfd7dd0f37c49cc0
act_final,2,pick_up_the_black_bowl_in_the_top_drawer_of_the_wooden_cabinet_and_place_it_on_the_plate,40,12040,1,115,15,22ac24d35a50252bced84f93747106b3267de468f55b9113bfd7dd0f37c49cc0
act_final,2,pick_up_the_black_bowl_in_the_top_drawer_of_the_wooden_cabinet_and_place_it_on_the_plate,39,12039,1,120,15,22ac24d35a50252bced84f93747106b3267de468f55b9113bfd7dd0f37c49cc0
act_final,2,pick_up_the_black_bowl_in_the_top_drawer_of_the_wooden_cabinet_and_place_it_on_the_plate,41,12041,1,120,15,22ac24d35a50252bced84f93747106b3267de468f55b9113bfd7dd0f37c49cc0
act_final,2,pick_up_the_black_bowl_in_the_top_drawer_of_the_wooden_cabinet_and_place_it_on_the_plate,42,12042,1,125,16,22ac24d35a50252bced84f93747106b3267de468f55b9113bfd7dd0f37c49cc0
act_final,2,pick_up_the_black_bowl_in_the_top_drawer_of_the_wooden_cabinet_and_place_it_on_the_plate,18,12018,0,600,75,22ac24d35a50252bced84f93747106b3267de468f55b9113bfd7dd0f37c49cc0
act_final,2,pick_up_the_black_bowl_in_the_top_drawer_of_the_wooden_cabinet_and_place_it_on_the_plate,43,12043,1,119,15,22ac24d35a50252bced84f93747106b3267de468f55b9113bfd7dd0f37c49cc0
act_final,2,pick_up_the_black_bowl_in_the_top_drawer_of_the_wooden_cabinet_and_place_it_on_the_plate,44,12044,1,122,16,22ac24d35a50252bced84f93747106b3267de468f55b9113bfd7dd0f37c49cc0
act_final,2,pick_up_the_black_bowl_in_the_top_drawer_of_the_wooden_cabinet_and_place_it_on_the_plate,45,12045,1,118,15,22ac24d35a50252bced84f93747106b3267de468f55b9113bfd7dd0f37c49cc0
act_final,2,pick_up_the_black_bowl_in_the_top_drawer_of_the_wooden_cabinet_and_place_it_on_the_plate,46,12046,1,119,15,22ac24d35a50252bced84f93747106b3267de468f55b9113bfd7dd0f37c49cc0
act_final,2,pick_up_the_black_bowl_in_the_top_drawer_of_the_wooden_cabinet_and_place_it_on_the_plate,47,12047,1,122,16,22ac24d35a50252bced84f93747106b3267de468f55b9113bfd7dd0f37c49cc0
act_final,2,pick_up_the_black_bowl_in_the_top_drawer_of_the_wooden_cabinet_and_place_it_on_the_plate,49,12049,1,124,16,22ac24d35a50252bced84f93747106b3267de468f55b9113bfd7dd0f37c49cc0
act_final,2,pick_up_the_black_bowl_in_the_top_drawer_of_the_wooden_cabinet_and_place_it_on_the_plate,25,12025,0,600,75,22ac24d35a50252bced84f93747106b3267de468f55b9113bfd7dd0f37c49cc0
act_final,4,pick_up_the_black_bowl_next_to_the_plate_and_place_it_on_the_plate,3,14003,1,93,12,22ac24d35a50252bced84f93747106b3267de468f55b9113bfd7dd0f37c49cc0
act_final,4,pick_up_the_black_bowl_next_to_the_plate_and_place_it_on_the_plate,2,14002,1,99,13,22ac24d35a50252bced84f93747106b3267de468f55b9113bfd7dd0f37c49cc0
act_final,4,pick_up_the_black_bowl_next_to_the_plate_and_place_it_on_the_plate,4,14004,1,113,15,22ac24d35a50252bced84f93747106b3267de468f55b9113bfd7dd0f37c49cc0
act_final,4,pick_up_the_black_bowl_next_to_the_plate_and_place_it_on_the_plate,6,14006,1,102,13,22ac24d35a50252bced84f93747106b3267de468f55b9113bfd7dd0f37c49cc0
act_final,4,pick_up_the_black_bowl_next_to_the_plate_and_place_it_on_the_plate,7,14007,1,99,13,22ac24d35a50252bced84f93747106b3267de468f55b9113bfd7dd0f37c49cc0
act_final,4,pick_up_the_black_bowl_next_to_the_plate_and_place_it_on_the_plate,8,14008,1,116,15,22ac24d35a50252bced84f93747106b3267de468f55b9113bfd7dd0f37c49cc0
act_final,4,pick_up_the_black_bowl_next_to_the_plate_and_place_it_on_the_plate,5,14005,1,172,22,22ac24d35a50252bced84f93747106b3267de468f55b9113bfd7dd0f37c49cc0
act_final,4,pick_up_the_black_bowl_next_to_the_plate_and_place_it_on_the_plate,0,14000,1,265,34,22ac24d35a50252bced84f93747106b3267de468f55b9113bfd7dd0f37c49cc0
act_final,4,pick_up_the_black_bowl_next_to_the_plate_and_place_it_on_the_plate,12,14012,1,91,12,22ac24d35a50252bced84f93747106b3267de468f55b9113bfd7dd0f37c49cc0
act_final,4,pick_up_the_black_bowl_next_to_the_plate_and_place_it_on_the_plate,9,14009,1,165,21,22ac24d35a50252bced84f93747106b3267de468f55b9113bfd7dd0f37c49cc0
act_final,4,pick_up_the_black_bowl_next_to_the_plate_and_place_it_on_the_plate,14,14014,1,97,13,22ac24d35a50252bced84f93747106b3267de468f55b9113bfd7dd0f37c49cc0
act_final,4,pick_up_the_black_bowl_next_to_the_plate_and_place_it_on_the_plate,11,14011,1,139,18,22ac24d35a50252bced84f93747106b3267de468f55b9113bfd7dd0f37c49cc0
act_final,4,pick_up_the_black_bowl_next_to_the_plate_and_place_it_on_the_plate,18,14018,1,93,12,22ac24d35a50252bced84f93747106b3267de468f55b9113bfd7dd0f37c49cc0
act_final,4,pick_up_the_black_bowl_next_to_the_plate_and_place_it_on_the_plate,15,14015,1,122,16,22ac24d35a50252bced84f93747106b3267de468f55b9113bfd7dd0f37c49cc0
act_final,4,pick_up_the_black_bowl_next_to_the_plate_and_place_it_on_the_plate,17,14017,1,162,21,22ac24d35a50252bced84f93747106b3267de468f55b9113bfd7dd0f37c49cc0
act_final,2,pick_up_the_black_bowl_in_the_top_drawer_of_the_wooden_cabinet_and_place_it_on_the_plate,48,12048,0,600,75,22ac24d35a50252bced84f93747106b3267de468f55b9113bfd7dd0f37c49cc0
act_final,4,pick_up_the_black_bowl_next_to_the_plate_and_place_it_on_the_plate,20,14020,1,96,12,22ac24d35a50252bced84f93747106b3267de468f55b9113bfd7dd0f37c49cc0
act_final,4,pick_up_the_black_bowl_next_to_the_plate_and_place_it_on_the_plate,1,14001,0,600,75,22ac24d35a50252bced84f93747106b3267de468f55b9113bfd7dd0f37c49cc0
act_final,4,pick_up_the_black_bowl_next_to_the_plate_and_place_it_on_the_plate,23,14023,1,100,13,22ac24d35a50252bced84f93747106b3267de468f55b9113bfd7dd0f37c49cc0
act_final,4,pick_up_the_black_bowl_next_to_the_plate_and_place_it_on_the_plate,22,14022,1,114,15,22ac24d35a50252bced84f93747106b3267de468f55b9113bfd7dd0f37c49cc0
act_final,4,pick_up_the_black_bowl_next_to_the_plate_and_place_it_on_the_plate,10,14010,1,462,58,22ac24d35a50252bced84f93747106b3267de468f55b9113bfd7dd0f37c49cc0
act_final,4,pick_up_the_black_bowl_next_to_the_plate_and_place_it_on_the_plate,24,14024,1,110,14,22ac24d35a50252bced84f93747106b3267de468f55b9113bfd7dd0f37c49cc0
act_final,4,pick_up_the_black_bowl_next_to_the_plate_and_place_it_on_the_plate,25,14025,1,102,13,22ac24d35a50252bced84f93747106b3267de468f55b9113bfd7dd0f37c49cc0
act_final,4,pick_up_the_black_bowl_next_to_the_plate_and_place_it_on_the_plate,26,14026,1,102,13,22ac24d35a50252bced84f93747106b3267de468f55b9113bfd7dd0f37c49cc0
act_final,4,pick_up_the_black_bowl_next_to_the_plate_and_place_it_on_the_plate,28,14028,1,125,16,22ac24d35a50252bced84f93747106b3267de468f55b9113bfd7dd0f37c49cc0
act_final,4,pick_up_the_black_bowl_next_to_the_plate_and_place_it_on_the_plate,29,14029,1,101,13,22ac24d35a50252bced84f93747106b3267de468f55b9113bfd7dd0f37c49cc0
act_final,4,pick_up_the_black_bowl_next_to_the_plate_and_place_it_on_the_plate,13,14013,0,600,75,22ac24d35a50252bced84f93747106b3267de468f55b9113bfd7dd0f37c49cc0
act_final,4,pick_up_the_black_bowl_next_to_the_plate_and_place_it_on_the_plate,16,14016,0,600,75,22ac24d35a50252bced84f93747106b3267de468f55b9113bfd7dd0f37c49cc0
act_final,4,pick_up_the_black_bowl_next_to_the_plate_and_place_it_on_the_plate,32,14032,1,108,14,22ac24d35a50252bced84f93747106b3267de468f55b9113bfd7dd0f37c49cc0
act_final,4,pick_up_the_black_bowl_next_to_the_plate_and_place_it_on_the_plate,31,14031,1,161,21,22ac24d35a50252bced84f93747106b3267de468f55b9113bfd7dd0f37c49cc0
act_final,4,pick_up_the_black_bowl_next_to_the_plate_and_place_it_on_the_plate,19,14019,0,600,75,22ac24d35a50252bced84f93747106b3267de468f55b9113bfd7dd0f37c49cc0
act_final,4,pick_up_the_black_bowl_next_to_the_plate_and_place_it_on_the_plate,35,14035,1,88,11,22ac24d35a50252bced84f93747106b3267de468f55b9113bfd7dd0f37c49cc0
act_final,4,pick_up_the_black_bowl_next_to_the_plate_and_place_it_on_the_plate,36,14036,1,111,14,22ac24d35a50252bced84f93747106b3267de468f55b9113bfd7dd0f37c49cc0
act_final,4,pick_up_the_black_bowl_next_to_the_plate_and_place_it_on_the_plate,21,14021,0,600,75,22ac24d35a50252bced84f93747106b3267de468f55b9113bfd7dd0f37c49cc0
act_final,4,pick_up_the_black_bowl_next_to_the_plate_and_place_it_on_the_plate,37,14037,1,94,12,22ac24d35a50252bced84f93747106b3267de468f55b9113bfd7dd0f37c49cc0
act_final,4,pick_up_the_black_bowl_next_to_the_plate_and_place_it_on_the_plate,40,14040,1,98,13,22ac24d35a50252bced84f93747106b3267de468f55b9113bfd7dd0f37c49cc0
act_final,4,pick_up_the_black_bowl_next_to_the_plate_and_place_it_on_the_plate,41,14041,1,103,13,22ac24d35a50252bced84f93747106b3267de468f55b9113bfd7dd0f37c49cc0
act_final,4,pick_up_the_black_bowl_next_to_the_plate_and_place_it_on_the_plate,27,14027,0,600,75,22ac24d35a50252bced84f93747106b3267de468f55b9113bfd7dd0f37c49cc0
act_final,4,pick_up_the_black_bowl_next_to_the_plate_and_place_it_on_the_plate,42,14042,1,97,13,22ac24d35a50252bced84f93747106b3267de468f55b9113bfd7dd0f37c49cc0
act_final,4,pick_up_the_black_bowl_next_to_the_plate_and_place_it_on_the_plate,30,14030,0,600,75,22ac24d35a50252bced84f93747106b3267de468f55b9113bfd7dd0f37c49cc0
act_final,4,pick_up_the_black_bowl_next_to_the_plate_and_place_it_on_the_plate,39,14039,1,259,33,22ac24d35a50252bced84f93747106b3267de468f55b9113bfd7dd0f37c49cc0
act_final,4,pick_up_the_black_bowl_next_to_the_plate_and_place_it_on_the_plate,44,14044,1,107,14,22ac24d35a50252bced84f93747106b3267de468f55b9113bfd7dd0f37c49cc0
act_final,4,pick_up_the_black_bowl_next_to_the_plate_and_place_it_on_the_plate,38,14038,1,343,43,22ac24d35a50252bced84f93747106b3267de468f55b9113bfd7dd0f37c49cc0
act_final,4,pick_up_the_black_bowl_next_to_the_plate_and_place_it_on_the_plate,45,14045,1,102,13,22ac24d35a50252bced84f93747106b3267de468f55b9113bfd7dd0f37c49cc0
act_final,4,pick_up_the_black_bowl_next_to_the_plate_and_place_it_on_the_plate,33,14033,0,600,75,22ac24d35a50252bced84f93747106b3267de468f55b9113bfd7dd0f37c49cc0
act_final,4,pick_up_the_black_bowl_next_to_the_plate_and_place_it_on_the_plate,48,14048,1,92,12,22ac24d35a50252bced84f93747106b3267de468f55b9113bfd7dd0f37c49cc0
act_final,4,pick_up_the_black_bowl_next_to_the_plate_and_place_it_on_the_plate,49,14049,1,99,13,22ac24d35a50252bced84f93747106b3267de468f55b9113bfd7dd0f37c49cc0
act_final,4,pick_up_the_black_bowl_next_to_the_plate_and_place_it_on_the_plate,34,14034,0,600,75,22ac24d35a50252bced84f93747106b3267de468f55b9113bfd7dd0f37c49cc0
act_final,6,pick_up_the_black_bowl_on_the_cookie_box_and_place_it_on_the_plate,0,16000,1,127,16,22ac24d35a50252bced84f93747106b3267de468f55b9113bfd7dd0f37c49cc0
act_final,6,pick_up_the_black_bowl_on_the_cookie_box_and_place_it_on_the_plate,1,16001,1,101,13,22ac24d35a50252bced84f93747106b3267de468f55b9113bfd7dd0f37c49cc0
act_final,6,pick_up_the_black_bowl_on_the_cookie_box_and_place_it_on_the_plate,2,16002,1,83,11,22ac24d35a50252bced84f93747106b3267de468f55b9113bfd7dd0f37c49cc0
act_final,6,pick_up_the_black_bowl_on_the_cookie_box_and_place_it_on_the_plate,3,16003,1,92,12,22ac24d35a50252bced84f93747106b3267de468f55b9113bfd7dd0f37c49cc0
act_final,6,pick_up_the_black_bowl_on_the_cookie_box_and_place_it_on_the_plate,4,16004,1,87,11,22ac24d35a50252bced84f93747106b3267de468f55b9113bfd7dd0f37c49cc0
act_final,6,pick_up_the_black_bowl_on_the_cookie_box_and_place_it_on_the_plate,7,16007,1,83,11,22ac24d35a50252bced84f93747106b3267de468f55b9113bfd7dd0f37c49cc0
act_final,6,pick_up_the_black_bowl_on_the_cookie_box_and_place_it_on_the_plate,6,16006,1,85,11,22ac24d35a50252bced84f93747106b3267de468f55b9113bfd7dd0f37c49cc0
act_final,6,pick_up_the_black_bowl_on_the_cookie_box_and_place_it_on_the_plate,5,16005,1,163,21,22ac24d35a50252bced84f93747106b3267de468f55b9113bfd7dd0f37c49cc0
act_final,6,pick_up_the_black_bowl_on_the_cookie_box_and_place_it_on_the_plate,9,16009,1,98,13,22ac24d35a50252bced84f93747106b3267de468f55b9113bfd7dd0f37c49cc0
act_final,6,pick_up_the_black_bowl_on_the_cookie_box_and_place_it_on_the_plate,11,16011,1,108,14,22ac24d35a50252bced84f93747106b3267de468f55b9113bfd7dd0f37c49cc0
act_final,6,pick_up_the_black_bowl_on_the_cookie_box_and_place_it_on_the_plate,12,16012,1,97,13,22ac24d35a50252bced84f93747106b3267de468f55b9113bfd7dd0f37c49cc0
act_final,6,pick_up_the_black_bowl_on_the_cookie_box_and_place_it_on_the_plate,13,16013,1,110,14,22ac24d35a50252bced84f93747106b3267de468f55b9113bfd7dd0f37c49cc0
act_final,6,pick_up_the_black_bowl_on_the_cookie_box_and_place_it_on_the_plate,8,16008,1,249,32,22ac24d35a50252bced84f93747106b3267de468f55b9113bfd7dd0f37c49cc0
act_final,6,pick_up_the_black_bowl_on_the_cookie_box_and_place_it_on_the_plate,14,16014,1,95,12,22ac24d35a50252bced84f93747106b3267de468f55b9113bfd7dd0f37c49cc0
act_final,4,pick_up_the_black_bowl_next_to_the_plate_and_place_it_on_the_plate,43,14043,0,600,75,22ac24d35a50252bced84f93747106b3267de468f55b9113bfd7dd0f37c49cc0
act_final,6,pick_up_the_black_bowl_on_the_cookie_box_and_place_it_on_the_plate,15,16015,1,90,12,22ac24d35a50252bced84f93747106b3267de468f55b9113bfd7dd0f37c49cc0
act_final,6,pick_up_the_black_bowl_on_the_cookie_box_and_place_it_on_the_plate,19,16019,1,82,11,22ac24d35a50252bced84f93747106b3267de468f55b9113bfd7dd0f37c49cc0
act_final,6,pick_up_the_black_bowl_on_the_cookie_box_and_place_it_on_the_plate,16,16016,1,109,14,22ac24d35a50252bced84f93747106b3267de468f55b9113bfd7dd0f37c49cc0
act_final,6,pick_up_the_black_bowl_on_the_cookie_box_and_place_it_on_the_plate,18,16018,1,96,12,22ac24d35a50252bced84f93747106b3267de468f55b9113bfd7dd0f37c49cc0
act_final,4,pick_up_the_black_bowl_next_to_the_plate_and_place_it_on_the_plate,46,14046,0,600,75,22ac24d35a50252bced84f93747106b3267de468f55b9113bfd7dd0f37c49cc0
act_final,4,pick_up_the_black_bowl_next_to_the_plate_and_place_it_on_the_plate,47,14047,0,600,75,22ac24d35a50252bced84f93747106b3267de468f55b9113bfd7dd0f37c49cc0
act_final,6,pick_up_the_black_bowl_on_the_cookie_box_and_place_it_on_the_plate,21,16021,1,94,12,22ac24d35a50252bced84f93747106b3267de468f55b9113bfd7dd0f37c49cc0
act_final,6,pick_up_the_black_bowl_on_the_cookie_box_and_place_it_on_the_plate,22,16022,1,89,12,22ac24d35a50252bced84f93747106b3267de468f55b9113bfd7dd0f37c49cc0
act_final,6,pick_up_the_black_bowl_on_the_cookie_box_and_place_it_on_the_plate,25,16025,1,82,11,22ac24d35a50252bced84f93747106b3267de468f55b9113bfd7dd0f37c49cc0
act_final,6,pick_up_the_black_bowl_on_the_cookie_box_and_place_it_on_the_plate,24,16024,1,130,17,22ac24d35a50252bced84f93747106b3267de468f55b9113bfd7dd0f37c49cc0
act_final,6,pick_up_the_black_bowl_on_the_cookie_box_and_place_it_on_the_plate,27,16027,1,80,10,22ac24d35a50252bced84f93747106b3267de468f55b9113bfd7dd0f37c49cc0
act_final,6,pick_up_the_black_bowl_on_the_cookie_box_and_place_it_on_the_plate,26,16026,1,85,11,22ac24d35a50252bced84f93747106b3267de468f55b9113bfd7dd0f37c49cc0
act_final,6,pick_up_the_black_bowl_on_the_cookie_box_and_place_it_on_the_plate,29,16029,1,90,12,22ac24d35a50252bced84f93747106b3267de468f55b9113bfd7dd0f37c49cc0
act_final,6,pick_up_the_black_bowl_on_the_cookie_box_and_place_it_on_the_plate,23,16023,1,241,31,22ac24d35a50252bced84f93747106b3267de468f55b9113bfd7dd0f37c49cc0
act_final,6,pick_up_the_black_bowl_on_the_cookie_box_and_place_it_on_the_plate,30,16030,1,101,13,22ac24d35a50252bced84f93747106b3267de468f55b9113bfd7dd0f37c49cc0
act_final,6,pick_up_the_black_bowl_on_the_cookie_box_and_place_it_on_the_plate,31,16031,1,125,16,22ac24d35a50252bced84f93747106b3267de468f55b9113bfd7dd0f37c49cc0
act_final,6,pick_up_the_black_bowl_on_the_cookie_box_and_place_it_on_the_plate,10,16010,0,600,75,22ac24d35a50252bced84f93747106b3267de468f55b9113bfd7dd0f37c49cc0
act_final,6,pick_up_the_black_bowl_on_the_cookie_box_and_place_it_on_the_plate,32,16032,1,81,11,22ac24d35a50252bced84f93747106b3267de468f55b9113bfd7dd0f37c49cc0
act_final,6,pick_up_the_black_bowl_on_the_cookie_box_and_place_it_on_the_plate,33,16033,1,84,11,22ac24d35a50252bced84f93747106b3267de468f55b9113bfd7dd0f37c49cc0
act_final,6,pick_up_the_black_bowl_on_the_cookie_box_and_place_it_on_the_plate,34,16034,1,82,11,22ac24d35a50252bced84f93747106b3267de468f55b9113bfd7dd0f37c49cc0
act_final,6,pick_up_the_black_bowl_on_the_cookie_box_and_place_it_on_the_plate,36,16036,1,88,11,22ac24d35a50252bced84f93747106b3267de468f55b9113bfd7dd0f37c49cc0
act_final,6,pick_up_the_black_bowl_on_the_cookie_box_and_place_it_on_the_plate,37,16037,1,87,11,22ac24d35a50252bced84f93747106b3267de468f55b9113bfd7dd0f37c49cc0
act_final,6,pick_up_the_black_bowl_on_the_cookie_box_and_place_it_on_the_plate,38,16038,1,92,12,22ac24d35a50252bced84f93747106b3267de468f55b9113bfd7dd0f37c49cc0
act_final,6,pick_up_the_black_bowl_on_the_cookie_box_and_place_it_on_the_plate,20,16020,1,523,66,22ac24d35a50252bced84f93747106b3267de468f55b9113bfd7dd0f37c49cc0
act_final,6,pick_up_the_black_bowl_on_the_cookie_box_and_place_it_on_the_plate,40,16040,1,102,13,22ac24d35a50252bced84f93747106b3267de468f55b9113bfd7dd0f37c49cc0
act_final,6,pick_up_the_black_bowl_on_the_cookie_box_and_place_it_on_the_plate,17,16017,0,600,75,22ac24d35a50252bced84f93747106b3267de468f55b9113bfd7dd0f37c49cc0
act_final,6,pick_up_the_black_bowl_on_the_cookie_box_and_place_it_on_the_plate,41,16041,1,88,11,22ac24d35a50252bced84f93747106b3267de468f55b9113bfd7dd0f37c49cc0
act_final,6,pick_up_the_black_bowl_on_the_cookie_box_and_place_it_on_the_plate,42,16042,1,88,11,22ac24d35a50252bced84f93747106b3267de468f55b9113bfd7dd0f37c49cc0
act_final,6,pick_up_the_black_bowl_on_the_cookie_box_and_place_it_on_the_plate,43,16043,1,89,12,22ac24d35a50252bced84f93747106b3267de468f55b9113bfd7dd0f37c49cc0
act_final,6,pick_up_the_black_bowl_on_the_cookie_box_and_place_it_on_the_plate,44,16044,1,80,10,22ac24d35a50252bced84f93747106b3267de468f55b9113bfd7dd0f37c49cc0
act_final,6,pick_up_the_black_bowl_on_the_cookie_box_and_place_it_on_the_plate,45,16045,1,101,13,22ac24d35a50252bced84f93747106b3267de468f55b9113bfd7dd0f37c49cc0
act_final,6,pick_up_the_black_bowl_on_the_cookie_box_and_place_it_on_the_plate,47,16047,1,90,12,22ac24d35a50252bced84f93747106b3267de468f55b9113bfd7dd0f37c49cc0
act_final,6,pick_up_the_black_bowl_on_the_cookie_box_and_place_it_on_the_plate,48,16048,1,99,13,22ac24d35a50252bced84f93747106b3267de468f55b9113bfd7dd0f37c49cc0
act_final,6,pick_up_the_black_bowl_on_the_cookie_box_and_place_it_on_the_plate,49,16049,1,101,13,22ac24d35a50252bced84f93747106b3267de468f55b9113bfd7dd0f37c49cc0
act_final,6,pick_up_the_black_bowl_on_the_cookie_box_and_place_it_on_the_plate,39,16039,1,357,45,22ac24d35a50252bced84f93747106b3267de468f55b9113bfd7dd0f37c49cc0
act_final,6,pick_up_the_black_bowl_on_the_cookie_box_and_place_it_on_the_plate,28,16028,0,600,75,22ac24d35a50252bced84f93747106b3267de468f55b9113bfd7dd0f37c49cc0
act_final,6,pick_up_the_black_bowl_on_the_cookie_box_and_place_it_on_the_plate,46,16046,1,229,29,22ac24d35a50252bced84f93747106b3267de468f55b9113bfd7dd0f37c49cc0
act_final,8,pick_up_the_black_bowl_on_the_stove_and_place_it_on_the_plate,1,18001,1,152,19,22ac24d35a50252bced84f93747106b3267de468f55b9113bfd7dd0f37c49cc0
act_final,8,pick_up_the_black_bowl_on_the_stove_and_place_it_on_the_plate,2,18002,1,127,16,22ac24d35a50252bced84f93747106b3267de468f55b9113bfd7dd0f37c49cc0
act_final,8,pick_up_the_black_bowl_on_the_stove_and_place_it_on_the_plate,3,18003,1,146,19,22ac24d35a50252bced84f93747106b3267de468f55b9113bfd7dd0f37c49cc0
act_final,8,pick_up_the_black_bowl_on_the_stove_and_place_it_on_the_plate,4,18004,1,129,17,22ac24d35a50252bced84f93747106b3267de468f55b9113bfd7dd0f37c49cc0
act_final,8,pick_up_the_black_bowl_on_the_stove_and_place_it_on_the_plate,5,18005,1,135,17,22ac24d35a50252bced84f93747106b3267de468f55b9113bfd7dd0f37c49cc0
act_final,8,pick_up_the_black_bowl_on_the_stove_and_place_it_on_the_plate,6,18006,1,129,17,22ac24d35a50252bced84f93747106b3267de468f55b9113bfd7dd0f37c49cc0
act_final,8,pick_up_the_black_bowl_on_the_stove_and_place_it_on_the_plate,7,18007,1,131,17,22ac24d35a50252bced84f93747106b3267de468f55b9113bfd7dd0f37c49cc0
act_final,6,pick_up_the_black_bowl_on_the_cookie_box_and_place_it_on_the_plate,35,16035,0,600,75,22ac24d35a50252bced84f93747106b3267de468f55b9113bfd7dd0f37c49cc0
act_final,8,pick_up_the_black_bowl_on_the_stove_and_place_it_on_the_plate,8,18008,1,127,16,22ac24d35a50252bced84f93747106b3267de468f55b9113bfd7dd0f37c49cc0
act_final,8,pick_up_the_black_bowl_on_the_stove_and_place_it_on_the_plate,9,18009,1,125,16,22ac24d35a50252bced84f93747106b3267de468f55b9113bfd7dd0f37c49cc0
act_final,8,pick_up_the_black_bowl_on_the_stove_and_place_it_on_the_plate,12,18012,1,111,14,22ac24d35a50252bced84f93747106b3267de468f55b9113bfd7dd0f37c49cc0
act_final,8,pick_up_the_black_bowl_on_the_stove_and_place_it_on_the_plate,10,18010,1,145,19,22ac24d35a50252bced84f93747106b3267de468f55b9113bfd7dd0f37c49cc0
act_final,8,pick_up_the_black_bowl_on_the_stove_and_place_it_on_the_plate,13,18013,1,118,15,22ac24d35a50252bced84f93747106b3267de468f55b9113bfd7dd0f37c49cc0
act_final,8,pick_up_the_black_bowl_on_the_stove_and_place_it_on_the_plate,14,18014,1,113,15,22ac24d35a50252bced84f93747106b3267de468f55b9113bfd7dd0f37c49cc0
act_final,8,pick_up_the_black_bowl_on_the_stove_and_place_it_on_the_plate,15,18015,1,122,16,22ac24d35a50252bced84f93747106b3267de468f55b9113bfd7dd0f37c49cc0
act_final,8,pick_up_the_black_bowl_on_the_stove_and_place_it_on_the_plate,16,18016,1,122,16,22ac24d35a50252bced84f93747106b3267de468f55b9113bfd7dd0f37c49cc0
act_final,8,pick_up_the_black_bowl_on_the_stove_and_place_it_on_the_plate,19,18019,1,119,15,22ac24d35a50252bced84f93747106b3267de468f55b9113bfd7dd0f37c49cc0
act_final,8,pick_up_the_black_bowl_on_the_stove_and_place_it_on_the_plate,20,18020,1,123,16,22ac24d35a50252bced84f93747106b3267de468f55b9113bfd7dd0f37c49cc0
act_final,8,pick_up_the_black_bowl_on_the_stove_and_place_it_on_the_plate,17,18017,1,178,23,22ac24d35a50252bced84f93747106b3267de468f55b9113bfd7dd0f37c49cc0
act_final,8,pick_up_the_black_bowl_on_the_stove_and_place_it_on_the_plate,0,18000,0,600,75,22ac24d35a50252bced84f93747106b3267de468f55b9113bfd7dd0f37c49cc0
act_final,8,pick_up_the_black_bowl_on_the_stove_and_place_it_on_the_plate,18,18018,1,213,27,22ac24d35a50252bced84f93747106b3267de468f55b9113bfd7dd0f37c49cc0
act_final,8,pick_up_the_black_bowl_on_the_stove_and_place_it_on_the_plate,23,18023,1,120,15,22ac24d35a50252bced84f93747106b3267de468f55b9113bfd7dd0f37c49cc0
act_final,8,pick_up_the_black_bowl_on_the_stove_and_place_it_on_the_plate,24,18024,1,117,15,22ac24d35a50252bced84f93747106b3267de468f55b9113bfd7dd0f37c49cc0
act_final,8,pick_up_the_black_bowl_on_the_stove_and_place_it_on_the_plate,25,18025,1,126,16,22ac24d35a50252bced84f93747106b3267de468f55b9113bfd7dd0f37c49cc0
act_final,8,pick_up_the_black_bowl_on_the_stove_and_place_it_on_the_plate,21,18021,1,265,34,22ac24d35a50252bced84f93747106b3267de468f55b9113bfd7dd0f37c49cc0
act_final,8,pick_up_the_black_bowl_on_the_stove_and_place_it_on_the_plate,26,18026,1,124,16,22ac24d35a50252bced84f93747106b3267de468f55b9113bfd7dd0f37c49cc0
act_final,8,pick_up_the_black_bowl_on_the_stove_and_place_it_on_the_plate,27,18027,1,123,16,22ac24d35a50252bced84f93747106b3267de468f55b9113bfd7dd0f37c49cc0
act_final,8,pick_up_the_black_bowl_on_the_stove_and_place_it_on_the_plate,28,18028,1,156,20,22ac24d35a50252bced84f93747106b3267de468f55b9113bfd7dd0f37c49cc0
act_final,8,pick_up_the_black_bowl_on_the_stove_and_place_it_on_the_plate,30,18030,1,129,17,22ac24d35a50252bced84f93747106b3267de468f55b9113bfd7dd0f37c49cc0
act_final,8,pick_up_the_black_bowl_on_the_stove_and_place_it_on_the_plate,22,18022,1,337,43,22ac24d35a50252bced84f93747106b3267de468f55b9113bfd7dd0f37c49cc0
act_final,8,pick_up_the_black_bowl_on_the_stove_and_place_it_on_the_plate,29,18029,1,161,21,22ac24d35a50252bced84f93747106b3267de468f55b9113bfd7dd0f37c49cc0
act_final,8,pick_up_the_black_bowl_on_the_stove_and_place_it_on_the_plate,31,18031,1,114,15,22ac24d35a50252bced84f93747106b3267de468f55b9113bfd7dd0f37c49cc0
act_final,8,pick_up_the_black_bowl_on_the_stove_and_place_it_on_the_plate,11,18011,0,600,75,22ac24d35a50252bced84f93747106b3267de468f55b9113bfd7dd0f37c49cc0
act_final,8,pick_up_the_black_bowl_on_the_stove_and_place_it_on_the_plate,33,18033,1,131,17,22ac24d35a50252bced84f93747106b3267de468f55b9113bfd7dd0f37c49cc0
act_final,8,pick_up_the_black_bowl_on_the_stove_and_place_it_on_the_plate,34,18034,1,130,17,22ac24d35a50252bced84f93747106b3267de468f55b9113bfd7dd0f37c49cc0
act_final,8,pick_up_the_black_bowl_on_the_stove_and_place_it_on_the_plate,35,18035,1,127,16,22ac24d35a50252bced84f93747106b3267de468f55b9113bfd7dd0f37c49cc0
act_final,8,pick_up_the_black_bowl_on_the_stove_and_place_it_on_the_plate,36,18036,1,143,18,22ac24d35a50252bced84f93747106b3267de468f55b9113bfd7dd0f37c49cc0
act_final,8,pick_up_the_black_bowl_on_the_stove_and_place_it_on_the_plate,38,18038,1,127,16,22ac24d35a50252bced84f93747106b3267de468f55b9113bfd7dd0f37c49cc0
act_final,8,pick_up_the_black_bowl_on_the_stove_and_place_it_on_the_plate,40,18040,1,114,15,22ac24d35a50252bced84f93747106b3267de468f55b9113bfd7dd0f37c49cc0
act_final,8,pick_up_the_black_bowl_on_the_stove_and_place_it_on_the_plate,39,18039,1,130,17,22ac24d35a50252bced84f93747106b3267de468f55b9113bfd7dd0f37c49cc0
act_final,8,pick_up_the_black_bowl_on_the_stove_and_place_it_on_the_plate,41,18041,1,111,14,22ac24d35a50252bced84f93747106b3267de468f55b9113bfd7dd0f37c49cc0
act_final,8,pick_up_the_black_bowl_on_the_stove_and_place_it_on_the_plate,43,18043,1,116,15,22ac24d35a50252bced84f93747106b3267de468f55b9113bfd7dd0f37c49cc0
act_final,8,pick_up_the_black_bowl_on_the_stove_and_place_it_on_the_plate,45,18045,1,118,15,22ac24d35a50252bced84f93747106b3267de468f55b9113bfd7dd0f37c49cc0
act_final,8,pick_up_the_black_bowl_on_the_stove_and_place_it_on_the_plate,46,18046,1,129,17,22ac24d35a50252bced84f93747106b3267de468f55b9113bfd7dd0f37c49cc0
act_final,8,pick_up_the_black_bowl_on_the_stove_and_place_it_on_the_plate,47,18047,1,142,18,22ac24d35a50252bced84f93747106b3267de468f55b9113bfd7dd0f37c49cc0
act_final,8,pick_up_the_black_bowl_on_the_stove_and_place_it_on_the_plate,48,18048,1,123,16,22ac24d35a50252bced84f93747106b3267de468f55b9113bfd7dd0f37c49cc0
act_final,8,pick_up_the_black_bowl_on_the_stove_and_place_it_on_the_plate,32,18032,0,600,75,22ac24d35a50252bced84f93747106b3267de468f55b9113bfd7dd0f37c49cc0
act_final,8,pick_up_the_black_bowl_on_the_stove_and_place_it_on_the_plate,37,18037,0,600,75,22ac24d35a50252bced84f93747106b3267de468f55b9113bfd7dd0f37c49cc0
act_final,8,pick_up_the_black_bowl_on_the_stove_and_place_it_on_the_plate,42,18042,0,600,75,22ac24d35a50252bced84f93747106b3267de468f55b9113bfd7dd0f37c49cc0
act_final,8,pick_up_the_black_bowl_on_the_stove_and_place_it_on_the_plate,44,18044,0,600,75,22ac24d35a50252bced84f93747106b3267de468f55b9113bfd7dd0f37c49cc0
act_final,8,pick_up_the_black_bowl_on_the_stove_and_place_it_on_the_plate,49,18049,0,600,75,22ac24d35a50252bced84f93747106b3267de468f55b9113bfd7dd0f37c49cc0
act_final,1,pick_up_the_black_bowl_from_table_center_and_place_it_on_the_plate,6,11006,1,95,12,22ac24d35a50252bced84f93747106b3267de468f55b9113bfd7dd0f37c49cc0
act_final,1,pick_up_the_black_bowl_from_table_center_and_place_it_on_the_plate,3,11003,1,96,12,22ac24d35a50252bced84f93747106b3267de468f55b9113bfd7dd0f37c49cc0
act_final,1,pick_up_the_black_bowl_from_table_center_and_place_it_on_the_plate,7,11007,1,100,13,22ac24d35a50252bced84f93747106b3267de468f55b9113bfd7dd0f37c49cc0
act_final,1,pick_up_the_black_bowl_from_table_center_and_place_it_on_the_plate,1,11001,1,101,13,22ac24d35a50252bced84f93747106b3267de468f55b9113bfd7dd0f37c49cc0
act_final,1,pick_up_the_black_bowl_from_table_center_and_place_it_on_the_plate,2,11002,1,101,13,22ac24d35a50252bced84f93747106b3267de468f55b9113bfd7dd0f37c49cc0
act_final,1,pick_up_the_black_bowl_from_table_center_and_place_it_on_the_plate,0,11000,1,104,13,22ac24d35a50252bced84f93747106b3267de468f55b9113bfd7dd0f37c49cc0
act_final,1,pick_up_the_black_bowl_from_table_center_and_place_it_on_the_plate,4,11004,1,113,15,22ac24d35a50252bced84f93747106b3267de468f55b9113bfd7dd0f37c49cc0
act_final,1,pick_up_the_black_bowl_from_table_center_and_place_it_on_the_plate,10,11010,1,98,13,22ac24d35a50252bced84f93747106b3267de468f55b9113bfd7dd0f37c49cc0
act_final,1,pick_up_the_black_bowl_from_table_center_and_place_it_on_the_plate,9,11009,1,104,13,22ac24d35a50252bced84f93747106b3267de468f55b9113bfd7dd0f37c49cc0
act_final,1,pick_up_the_black_bowl_from_table_center_and_place_it_on_the_plate,11,11011,1,100,13,22ac24d35a50252bced84f93747106b3267de468f55b9113bfd7dd0f37c49cc0
act_final,1,pick_up_the_black_bowl_from_table_center_and_place_it_on_the_plate,12,11012,1,101,13,22ac24d35a50252bced84f93747106b3267de468f55b9113bfd7dd0f37c49cc0
act_final,1,pick_up_the_black_bowl_from_table_center_and_place_it_on_the_plate,13,11013,1,100,13,22ac24d35a50252bced84f93747106b3267de468f55b9113bfd7dd0f37c49cc0
act_final,1,pick_up_the_black_bowl_from_table_center_and_place_it_on_the_plate,14,11014,1,119,15,22ac24d35a50252bced84f93747106b3267de468f55b9113bfd7dd0f37c49cc0
act_final,1,pick_up_the_black_bowl_from_table_center_and_place_it_on_the_plate,5,11005,1,265,34,22ac24d35a50252bced84f93747106b3267de468f55b9113bfd7dd0f37c49cc0
act_final,1,pick_up_the_black_bowl_from_table_center_and_place_it_on_the_plate,16,11016,1,92,12,22ac24d35a50252bced84f93747106b3267de468f55b9113bfd7dd0f37c49cc0
act_final,1,pick_up_the_black_bowl_from_table_center_and_place_it_on_the_plate,15,11015,1,94,12,22ac24d35a50252bced84f93747106b3267de468f55b9113bfd7dd0f37c49cc0
act_final,1,pick_up_the_black_bowl_from_table_center_and_place_it_on_the_plate,19,11019,1,95,12,22ac24d35a50252bced84f93747106b3267de468f55b9113bfd7dd0f37c49cc0
act_final,1,pick_up_the_black_bowl_from_table_center_and_place_it_on_the_plate,18,11018,1,103,13,22ac24d35a50252bced84f93747106b3267de468f55b9113bfd7dd0f37c49cc0
act_final,1,pick_up_the_black_bowl_from_table_center_and_place_it_on_the_plate,17,11017,1,112,14,22ac24d35a50252bced84f93747106b3267de468f55b9113bfd7dd0f37c49cc0
act_final,1,pick_up_the_black_bowl_from_table_center_and_place_it_on_the_plate,20,11020,1,102,13,22ac24d35a50252bced84f93747106b3267de468f55b9113bfd7dd0f37c49cc0
act_final,1,pick_up_the_black_bowl_from_table_center_and_place_it_on_the_plate,21,11021,1,106,14,22ac24d35a50252bced84f93747106b3267de468f55b9113bfd7dd0f37c49cc0
act_final,1,pick_up_the_black_bowl_from_table_center_and_place_it_on_the_plate,23,11023,1,97,13,22ac24d35a50252bced84f93747106b3267de468f55b9113bfd7dd0f37c49cc0
act_final,1,pick_up_the_black_bowl_from_table_center_and_place_it_on_the_plate,22,11022,1,106,14,22ac24d35a50252bced84f93747106b3267de468f55b9113bfd7dd0f37c49cc0
act_final,1,pick_up_the_black_bowl_from_table_center_and_place_it_on_the_plate,26,11026,1,105,14,22ac24d35a50252bced84f93747106b3267de468f55b9113bfd7dd0f37c49cc0
act_final,1,pick_up_the_black_bowl_from_table_center_and_place_it_on_the_plate,25,11025,1,119,15,22ac24d35a50252bced84f93747106b3267de468f55b9113bfd7dd0f37c49cc0
act_final,1,pick_up_the_black_bowl_from_table_center_and_place_it_on_the_plate,28,11028,1,103,13,22ac24d35a50252bced84f93747106b3267de468f55b9113bfd7dd0f37c49cc0
act_final,1,pick_up_the_black_bowl_from_table_center_and_place_it_on_the_plate,27,11027,1,147,19,22ac24d35a50252bced84f93747106b3267de468f55b9113bfd7dd0f37c49cc0
act_final,1,pick_up_the_black_bowl_from_table_center_and_place_it_on_the_plate,30,11030,1,94,12,22ac24d35a50252bced84f93747106b3267de468f55b9113bfd7dd0f37c49cc0
act_final,1,pick_up_the_black_bowl_from_table_center_and_place_it_on_the_plate,29,11029,1,103,13,22ac24d35a50252bced84f93747106b3267de468f55b9113bfd7dd0f37c49cc0
act_final,1,pick_up_the_black_bowl_from_table_center_and_place_it_on_the_plate,24,11024,1,205,26,22ac24d35a50252bced84f93747106b3267de468f55b9113bfd7dd0f37c49cc0
act_final,1,pick_up_the_black_bowl_from_table_center_and_place_it_on_the_plate,32,11032,1,106,14,22ac24d35a50252bced84f93747106b3267de468f55b9113bfd7dd0f37c49cc0
act_final,1,pick_up_the_black_bowl_from_table_center_and_place_it_on_the_plate,34,11034,1,93,12,22ac24d35a50252bced84f93747106b3267de468f55b9113bfd7dd0f37c49cc0
act_final,1,pick_up_the_black_bowl_from_table_center_and_place_it_on_the_plate,33,11033,1,103,13,22ac24d35a50252bced84f93747106b3267de468f55b9113bfd7dd0f37c49cc0
act_final,1,pick_up_the_black_bowl_from_table_center_and_place_it_on_the_plate,35,11035,1,99,13,22ac24d35a50252bced84f93747106b3267de468f55b9113bfd7dd0f37c49cc0
act_final,1,pick_up_the_black_bowl_from_table_center_and_place_it_on_the_plate,36,11036,1,111,14,22ac24d35a50252bced84f93747106b3267de468f55b9113bfd7dd0f37c49cc0
act_final,1,pick_up_the_black_bowl_from_table_center_and_place_it_on_the_plate,38,11038,1,97,13,22ac24d35a50252bced84f93747106b3267de468f55b9113bfd7dd0f37c49cc0
act_final,1,pick_up_the_black_bowl_from_table_center_and_place_it_on_the_plate,37,11037,1,160,20,22ac24d35a50252bced84f93747106b3267de468f55b9113bfd7dd0f37c49cc0
act_final,1,pick_up_the_black_bowl_from_table_center_and_place_it_on_the_plate,39,11039,1,92,12,22ac24d35a50252bced84f93747106b3267de468f55b9113bfd7dd0f37c49cc0
act_final,1,pick_up_the_black_bowl_from_table_center_and_place_it_on_the_plate,41,11041,1,94,12,22ac24d35a50252bced84f93747106b3267de468f55b9113bfd7dd0f37c49cc0
act_final,1,pick_up_the_black_bowl_from_table_center_and_place_it_on_the_plate,8,11008,0,600,75,22ac24d35a50252bced84f93747106b3267de468f55b9113bfd7dd0f37c49cc0
act_final,1,pick_up_the_black_bowl_from_table_center_and_place_it_on_the_plate,42,11042,1,92,12,22ac24d35a50252bced84f93747106b3267de468f55b9113bfd7dd0f37c49cc0
act_final,1,pick_up_the_black_bowl_from_table_center_and_place_it_on_the_plate,43,11043,1,100,13,22ac24d35a50252bced84f93747106b3267de468f55b9113bfd7dd0f37c49cc0
act_final,1,pick_up_the_black_bowl_from_table_center_and_place_it_on_the_plate,40,11040,1,166,21,22ac24d35a50252bced84f93747106b3267de468f55b9113bfd7dd0f37c49cc0
act_final,1,pick_up_the_black_bowl_from_table_center_and_place_it_on_the_plate,44,11044,1,105,14,22ac24d35a50252bced84f93747106b3267de468f55b9113bfd7dd0f37c49cc0
act_final,1,pick_up_the_black_bowl_from_table_center_and_place_it_on_the_plate,46,11046,1,103,13,22ac24d35a50252bced84f93747106b3267de468f55b9113bfd7dd0f37c49cc0
act_final,1,pick_up_the_black_bowl_from_table_center_and_place_it_on_the_plate,48,11048,1,93,12,22ac24d35a50252bced84f93747106b3267de468f55b9113bfd7dd0f37c49cc0
act_final,1,pick_up_the_black_bowl_from_table_center_and_place_it_on_the_plate,47,11047,1,108,14,22ac24d35a50252bced84f93747106b3267de468f55b9113bfd7dd0f37c49cc0
act_final,1,pick_up_the_black_bowl_from_table_center_and_place_it_on_the_plate,49,11049,1,99,13,22ac24d35a50252bced84f93747106b3267de468f55b9113bfd7dd0f37c49cc0
act_final,1,pick_up_the_black_bowl_from_table_center_and_place_it_on_the_plate,45,11045,1,175,22,22ac24d35a50252bced84f93747106b3267de468f55b9113bfd7dd0f37c49cc0
act_final,3,pick_up_the_black_bowl_next_to_the_cookie_box_and_place_it_on_the_plate,0,13000,1,113,15,22ac24d35a50252bced84f93747106b3267de468f55b9113bfd7dd0f37c49cc0
act_final,3,pick_up_the_black_bowl_next_to_the_cookie_box_and_place_it_on_the_plate,2,13002,1,103,13,22ac24d35a50252bced84f93747106b3267de468f55b9113bfd7dd0f37c49cc0
act_final,3,pick_up_the_black_bowl_next_to_the_cookie_box_and_place_it_on_the_plate,3,13003,1,104,13,22ac24d35a50252bced84f93747106b3267de468f55b9113bfd7dd0f37c49cc0
act_final,3,pick_up_the_black_bowl_next_to_the_cookie_box_and_place_it_on_the_plate,1,13001,1,147,19,22ac24d35a50252bced84f93747106b3267de468f55b9113bfd7dd0f37c49cc0
act_final,3,pick_up_the_black_bowl_next_to_the_cookie_box_and_place_it_on_the_plate,5,13005,1,119,15,22ac24d35a50252bced84f93747106b3267de468f55b9113bfd7dd0f37c49cc0
act_final,3,pick_up_the_black_bowl_next_to_the_cookie_box_and_place_it_on_the_plate,6,13006,1,125,16,22ac24d35a50252bced84f93747106b3267de468f55b9113bfd7dd0f37c49cc0
act_final,3,pick_up_the_black_bowl_next_to_the_cookie_box_and_place_it_on_the_plate,7,13007,1,118,15,22ac24d35a50252bced84f93747106b3267de468f55b9113bfd7dd0f37c49cc0
act_final,3,pick_up_the_black_bowl_next_to_the_cookie_box_and_place_it_on_the_plate,4,13004,1,202,26,22ac24d35a50252bced84f93747106b3267de468f55b9113bfd7dd0f37c49cc0
act_final,3,pick_up_the_black_bowl_next_to_the_cookie_box_and_place_it_on_the_plate,8,13008,1,118,15,22ac24d35a50252bced84f93747106b3267de468f55b9113bfd7dd0f37c49cc0
act_final,3,pick_up_the_black_bowl_next_to_the_cookie_box_and_place_it_on_the_plate,9,13009,1,118,15,22ac24d35a50252bced84f93747106b3267de468f55b9113bfd7dd0f37c49cc0
act_final,1,pick_up_the_black_bowl_from_table_center_and_place_it_on_the_plate,31,11031,0,600,75,22ac24d35a50252bced84f93747106b3267de468f55b9113bfd7dd0f37c49cc0
act_final,3,pick_up_the_black_bowl_next_to_the_cookie_box_and_place_it_on_the_plate,10,13010,1,112,14,22ac24d35a50252bced84f93747106b3267de468f55b9113bfd7dd0f37c49cc0
act_final,3,pick_up_the_black_bowl_next_to_the_cookie_box_and_place_it_on_the_plate,11,13011,1,103,13,22ac24d35a50252bced84f93747106b3267de468f55b9113bfd7dd0f37c49cc0
act_final,3,pick_up_the_black_bowl_next_to_the_cookie_box_and_place_it_on_the_plate,12,13012,1,106,14,22ac24d35a50252bced84f93747106b3267de468f55b9113bfd7dd0f37c49cc0
act_final,3,pick_up_the_black_bowl_next_to_the_cookie_box_and_place_it_on_the_plate,13,13013,1,105,14,22ac24d35a50252bced84f93747106b3267de468f55b9113bfd7dd0f37c49cc0
act_final,3,pick_up_the_black_bowl_next_to_the_cookie_box_and_place_it_on_the_plate,16,13016,1,98,13,22ac24d35a50252bced84f93747106b3267de468f55b9113bfd7dd0f37c49cc0
act_final,3,pick_up_the_black_bowl_next_to_the_cookie_box_and_place_it_on_the_plate,17,13017,1,97,13,22ac24d35a50252bced84f93747106b3267de468f55b9113bfd7dd0f37c49cc0
act_final,3,pick_up_the_black_bowl_next_to_the_cookie_box_and_place_it_on_the_plate,14,13014,1,111,14,22ac24d35a50252bced84f93747106b3267de468f55b9113bfd7dd0f37c49cc0
act_final,3,pick_up_the_black_bowl_next_to_the_cookie_box_and_place_it_on_the_plate,15,13015,1,111,14,22ac24d35a50252bced84f93747106b3267de468f55b9113bfd7dd0f37c49cc0
act_final,3,pick_up_the_black_bowl_next_to_the_cookie_box_and_place_it_on_the_plate,19,13019,1,105,14,22ac24d35a50252bced84f93747106b3267de468f55b9113bfd7dd0f37c49cc0
act_final,3,pick_up_the_black_bowl_next_to_the_cookie_box_and_place_it_on_the_plate,20,13020,1,114,15,22ac24d35a50252bced84f93747106b3267de468f55b9113bfd7dd0f37c49cc0
act_final,3,pick_up_the_black_bowl_next_to_the_cookie_box_and_place_it_on_the_plate,21,13021,1,119,15,22ac24d35a50252bced84f93747106b3267de468f55b9113bfd7dd0f37c49cc0
act_final,3,pick_up_the_black_bowl_next_to_the_cookie_box_and_place_it_on_the_plate,22,13022,1,99,13,22ac24d35a50252bced84f93747106b3267de468f55b9113bfd7dd0f37c49cc0
act_final,3,pick_up_the_black_bowl_next_to_the_cookie_box_and_place_it_on_the_plate,23,13023,1,105,14,22ac24d35a50252bced84f93747106b3267de468f55b9113bfd7dd0f37c49cc0
act_final,3,pick_up_the_black_bowl_next_to_the_cookie_box_and_place_it_on_the_plate,24,13024,1,107,14,22ac24d35a50252bced84f93747106b3267de468f55b9113bfd7dd0f37c49cc0
act_final,3,pick_up_the_black_bowl_next_to_the_cookie_box_and_place_it_on_the_plate,25,13025,1,114,15,22ac24d35a50252bced84f93747106b3267de468f55b9113bfd7dd0f37c49cc0
act_final,3,pick_up_the_black_bowl_next_to_the_cookie_box_and_place_it_on_the_plate,26,13026,1,109,14,22ac24d35a50252bced84f93747106b3267de468f55b9113bfd7dd0f37c49cc0
act_final,3,pick_up_the_black_bowl_next_to_the_cookie_box_and_place_it_on_the_plate,27,13027,1,107,14,22ac24d35a50252bced84f93747106b3267de468f55b9113bfd7dd0f37c49cc0
act_final,3,pick_up_the_black_bowl_next_to_the_cookie_box_and_place_it_on_the_plate,28,13028,1,98,13,22ac24d35a50252bced84f93747106b3267de468f55b9113bfd7dd0f37c49cc0
act_final,3,pick_up_the_black_bowl_next_to_the_cookie_box_and_place_it_on_the_plate,31,13031,1,126,16,22ac24d35a50252bced84f93747106b3267de468f55b9113bfd7dd0f37c49cc0
act_final,3,pick_up_the_black_bowl_next_to_the_cookie_box_and_place_it_on_the_plate,32,13032,1,116,15,22ac24d35a50252bced84f93747106b3267de468f55b9113bfd7dd0f37c49cc0
act_final,3,pick_up_the_black_bowl_next_to_the_cookie_box_and_place_it_on_the_plate,33,13033,1,114,15,22ac24d35a50252bced84f93747106b3267de468f55b9113bfd7dd0f37c49cc0
act_final,3,pick_up_the_black_bowl_next_to_the_cookie_box_and_place_it_on_the_plate,35,13035,1,108,14,22ac24d35a50252bced84f93747106b3267de468f55b9113bfd7dd0f37c49cc0
act_final,3,pick_up_the_black_bowl_next_to_the_cookie_box_and_place_it_on_the_plate,34,13034,1,117,15,22ac24d35a50252bced84f93747106b3267de468f55b9113bfd7dd0f37c49cc0
act_final,3,pick_up_the_black_bowl_next_to_the_cookie_box_and_place_it_on_the_plate,37,13037,1,115,15,22ac24d35a50252bced84f93747106b3267de468f55b9113bfd7dd0f37c49cc0
act_final,3,pick_up_the_black_bowl_next_to_the_cookie_box_and_place_it_on_the_plate,36,13036,1,126,16,22ac24d35a50252bced84f93747106b3267de468f55b9113bfd7dd0f37c49cc0
act_final,3,pick_up_the_black_bowl_next_to_the_cookie_box_and_place_it_on_the_plate,18,13018,1,489,62,22ac24d35a50252bced84f93747106b3267de468f55b9113bfd7dd0f37c49cc0
act_final,3,pick_up_the_black_bowl_next_to_the_cookie_box_and_place_it_on_the_plate,40,13040,1,111,14,22ac24d35a50252bced84f93747106b3267de468f55b9113bfd7dd0f37c49cc0
act_final,3,pick_up_the_black_bowl_next_to_the_cookie_box_and_place_it_on_the_plate,39,13039,1,119,15,22ac24d35a50252bced84f93747106b3267de468f55b9113bfd7dd0f37c49cc0
act_final,3,pick_up_the_black_bowl_next_to_the_cookie_box_and_place_it_on_the_plate,41,13041,1,121,16,22ac24d35a50252bced84f93747106b3267de468f55b9113bfd7dd0f37c49cc0
act_final,3,pick_up_the_black_bowl_next_to_the_cookie_box_and_place_it_on_the_plate,38,13038,1,213,27,22ac24d35a50252bced84f93747106b3267de468f55b9113bfd7dd0f37c49cc0
act_final,3,pick_up_the_black_bowl_next_to_the_cookie_box_and_place_it_on_the_plate,42,13042,1,127,16,22ac24d35a50252bced84f93747106b3267de468f55b9113bfd7dd0f37c49cc0
act_final,3,pick_up_the_black_bowl_next_to_the_cookie_box_and_place_it_on_the_plate,44,13044,1,106,14,22ac24d35a50252bced84f93747106b3267de468f55b9113bfd7dd0f37c49cc0
act_final,3,pick_up_the_black_bowl_next_to_the_cookie_box_and_place_it_on_the_plate,45,13045,1,112,14,22ac24d35a50252bced84f93747106b3267de468f55b9113bfd7dd0f37c49cc0
act_final,3,pick_up_the_black_bowl_next_to_the_cookie_box_and_place_it_on_the_plate,46,13046,1,109,14,22ac24d35a50252bced84f93747106b3267de468f55b9113bfd7dd0f37c49cc0
act_final,3,pick_up_the_black_bowl_next_to_the_cookie_box_and_place_it_on_the_plate,47,13047,1,108,14,22ac24d35a50252bced84f93747106b3267de468f55b9113bfd7dd0f37c49cc0
act_final,3,pick_up_the_black_bowl_next_to_the_cookie_box_and_place_it_on_the_plate,48,13048,1,112,14,22ac24d35a50252bced84f93747106b3267de468f55b9113bfd7dd0f37c49cc0
act_final,3,pick_up_the_black_bowl_next_to_the_cookie_box_and_place_it_on_the_plate,49,13049,1,115,15,22ac24d35a50252bced84f93747106b3267de468f55b9113bfd7dd0f37c49cc0
act_final,5,pick_up_the_black_bowl_next_to_the_ramekin_and_place_it_on_the_plate,0,15000,1,112,14,22ac24d35a50252bced84f93747106b3267de468f55b9113bfd7dd0f37c49cc0
act_final,3,pick_up_the_black_bowl_next_to_the_cookie_box_and_place_it_on_the_plate,43,13043,1,267,34,22ac24d35a50252bced84f93747106b3267de468f55b9113bfd7dd0f37c49cc0
act_final,5,pick_up_the_black_bowl_next_to_the_ramekin_and_place_it_on_the_plate,1,15001,1,100,13,22ac24d35a50252bced84f93747106b3267de468f55b9113bfd7dd0f37c49cc0
act_final,3,pick_up_the_black_bowl_next_to_the_cookie_box_and_place_it_on_the_plate,29,13029,0,600,75,22ac24d35a50252bced84f93747106b3267de468f55b9113bfd7dd0f37c49cc0
act_final,3,pick_up_the_black_bowl_next_to_the_cookie_box_and_place_it_on_the_plate,30,13030,0,600,75,22ac24d35a50252bced84f93747106b3267de468f55b9113bfd7dd0f37c49cc0
act_final,5,pick_up_the_black_bowl_next_to_the_ramekin_and_place_it_on_the_plate,2,15002,1,119,15,22ac24d35a50252bced84f93747106b3267de468f55b9113bfd7dd0f37c49cc0
act_final,5,pick_up_the_black_bowl_next_to_the_ramekin_and_place_it_on_the_plate,3,15003,1,109,14,22ac24d35a50252bced84f93747106b3267de468f55b9113bfd7dd0f37c49cc0
act_final,5,pick_up_the_black_bowl_next_to_the_ramekin_and_place_it_on_the_plate,4,15004,1,112,14,22ac24d35a50252bced84f93747106b3267de468f55b9113bfd7dd0f37c49cc0
act_final,5,pick_up_the_black_bowl_next_to_the_ramekin_and_place_it_on_the_plate,7,15007,1,122,16,22ac24d35a50252bced84f93747106b3267de468f55b9113bfd7dd0f37c49cc0
act_final,5,pick_up_the_black_bowl_next_to_the_ramekin_and_place_it_on_the_plate,8,15008,1,114,15,22ac24d35a50252bced84f93747106b3267de468f55b9113bfd7dd0f37c49cc0
act_final,5,pick_up_the_black_bowl_next_to_the_ramekin_and_place_it_on_the_plate,10,15010,1,109,14,22ac24d35a50252bced84f93747106b3267de468f55b9113bfd7dd0f37c49cc0
act_final,5,pick_up_the_black_bowl_next_to_the_ramekin_and_place_it_on_the_plate,9,15009,1,117,15,22ac24d35a50252bced84f93747106b3267de468f55b9113bfd7dd0f37c49cc0
act_final,5,pick_up_the_black_bowl_next_to_the_ramekin_and_place_it_on_the_plate,11,15011,1,116,15,22ac24d35a50252bced84f93747106b3267de468f55b9113bfd7dd0f37c49cc0
act_final,5,pick_up_the_black_bowl_next_to_the_ramekin_and_place_it_on_the_plate,12,15012,1,122,16,22ac24d35a50252bced84f93747106b3267de468f55b9113bfd7dd0f37c49cc0
act_final,5,pick_up_the_black_bowl_next_to_the_ramekin_and_place_it_on_the_plate,14,15014,1,111,14,22ac24d35a50252bced84f93747106b3267de468f55b9113bfd7dd0f37c49cc0
act_final,5,pick_up_the_black_bowl_next_to_the_ramekin_and_place_it_on_the_plate,13,15013,1,112,14,22ac24d35a50252bced84f93747106b3267de468f55b9113bfd7dd0f37c49cc0
act_final,5,pick_up_the_black_bowl_next_to_the_ramekin_and_place_it_on_the_plate,15,15015,1,108,14,22ac24d35a50252bced84f93747106b3267de468f55b9113bfd7dd0f37c49cc0
act_final,5,pick_up_the_black_bowl_next_to_the_ramekin_and_place_it_on_the_plate,17,15017,1,110,14,22ac24d35a50252bced84f93747106b3267de468f55b9113bfd7dd0f37c49cc0
act_final,5,pick_up_the_black_bowl_next_to_the_ramekin_and_place_it_on_the_plate,16,15016,1,124,16,22ac24d35a50252bced84f93747106b3267de468f55b9113bfd7dd0f37c49cc0
act_final,5,pick_up_the_black_bowl_next_to_the_ramekin_and_place_it_on_the_plate,18,15018,1,107,14,22ac24d35a50252bced84f93747106b3267de468f55b9113bfd7dd0f37c49cc0
act_final,5,pick_up_the_black_bowl_next_to_the_ramekin_and_place_it_on_the_plate,19,15019,1,104,13,22ac24d35a50252bced84f93747106b3267de468f55b9113bfd7dd0f37c49cc0
act_final,5,pick_up_the_black_bowl_next_to_the_ramekin_and_place_it_on_the_plate,21,15021,1,122,16,22ac24d35a50252bced84f93747106b3267de468f55b9113bfd7dd0f37c49cc0
act_final,5,pick_up_the_black_bowl_next_to_the_ramekin_and_place_it_on_the_plate,22,15022,1,113,15,22ac24d35a50252bced84f93747106b3267de468f55b9113bfd7dd0f37c49cc0
act_final,5,pick_up_the_black_bowl_next_to_the_ramekin_and_place_it_on_the_plate,23,15023,1,109,14,22ac24d35a50252bced84f93747106b3267de468f55b9113bfd7dd0f37c49cc0
act_final,5,pick_up_the_black_bowl_next_to_the_ramekin_and_place_it_on_the_plate,24,15024,1,118,15,22ac24d35a50252bced84f93747106b3267de468f55b9113bfd7dd0f37c49cc0
act_final,5,pick_up_the_black_bowl_next_to_the_ramekin_and_place_it_on_the_plate,25,15025,1,110,14,22ac24d35a50252bced84f93747106b3267de468f55b9113bfd7dd0f37c49cc0
act_final,5,pick_up_the_black_bowl_next_to_the_ramekin_and_place_it_on_the_plate,26,15026,1,121,16,22ac24d35a50252bced84f93747106b3267de468f55b9113bfd7dd0f37c49cc0
act_final,5,pick_up_the_black_bowl_next_to_the_ramekin_and_place_it_on_the_plate,20,15020,1,280,35,22ac24d35a50252bced84f93747106b3267de468f55b9113bfd7dd0f37c49cc0
act_final,5,pick_up_the_black_bowl_next_to_the_ramekin_and_place_it_on_the_plate,29,15029,1,118,15,22ac24d35a50252bced84f93747106b3267de468f55b9113bfd7dd0f37c49cc0
act_final,5,pick_up_the_black_bowl_next_to_the_ramekin_and_place_it_on_the_plate,5,15005,0,600,75,22ac24d35a50252bced84f93747106b3267de468f55b9113bfd7dd0f37c49cc0
act_final,5,pick_up_the_black_bowl_next_to_the_ramekin_and_place_it_on_the_plate,6,15006,0,600,75,22ac24d35a50252bced84f93747106b3267de468f55b9113bfd7dd0f37c49cc0
act_final,5,pick_up_the_black_bowl_next_to_the_ramekin_and_place_it_on_the_plate,34,15034,1,101,13,22ac24d35a50252bced84f93747106b3267de468f55b9113bfd7dd0f37c49cc0
act_final,5,pick_up_the_black_bowl_next_to_the_ramekin_and_place_it_on_the_plate,35,15035,1,106,14,22ac24d35a50252bced84f93747106b3267de468f55b9113bfd7dd0f37c49cc0
act_final,5,pick_up_the_black_bowl_next_to_the_ramekin_and_place_it_on_the_plate,31,15031,1,232,29,22ac24d35a50252bced84f93747106b3267de468f55b9113bfd7dd0f37c49cc0
act_final,5,pick_up_the_black_bowl_next_to_the_ramekin_and_place_it_on_the_plate,32,15032,1,207,26,22ac24d35a50252bced84f93747106b3267de468f55b9113bfd7dd0f37c49cc0
act_final,5,pick_up_the_black_bowl_next_to_the_ramekin_and_place_it_on_the_plate,37,15037,1,132,17,22ac24d35a50252bced84f93747106b3267de468f55b9113bfd7dd0f37c49cc0
act_final,5,pick_up_the_black_bowl_next_to_the_ramekin_and_place_it_on_the_plate,39,15039,1,111,14,22ac24d35a50252bced84f93747106b3267de468f55b9113bfd7dd0f37c49cc0
act_final,5,pick_up_the_black_bowl_next_to_the_ramekin_and_place_it_on_the_plate,36,15036,1,243,31,22ac24d35a50252bced84f93747106b3267de468f55b9113bfd7dd0f37c49cc0
act_final,5,pick_up_the_black_bowl_next_to_the_ramekin_and_place_it_on_the_plate,40,15040,1,120,15,22ac24d35a50252bced84f93747106b3267de468f55b9113bfd7dd0f37c49cc0
act_final,5,pick_up_the_black_bowl_next_to_the_ramekin_and_place_it_on_the_plate,41,15041,1,108,14,22ac24d35a50252bced84f93747106b3267de468f55b9113bfd7dd0f37c49cc0
act_final,5,pick_up_the_black_bowl_next_to_the_ramekin_and_place_it_on_the_plate,27,15027,0,600,75,22ac24d35a50252bced84f93747106b3267de468f55b9113bfd7dd0f37c49cc0
act_final,5,pick_up_the_black_bowl_next_to_the_ramekin_and_place_it_on_the_plate,28,15028,0,600,75,22ac24d35a50252bced84f93747106b3267de468f55b9113bfd7dd0f37c49cc0
act_final,5,pick_up_the_black_bowl_next_to_the_ramekin_and_place_it_on_the_plate,42,15042,1,120,15,22ac24d35a50252bced84f93747106b3267de468f55b9113bfd7dd0f37c49cc0
act_final,5,pick_up_the_black_bowl_next_to_the_ramekin_and_place_it_on_the_plate,43,15043,1,104,13,22ac24d35a50252bced84f93747106b3267de468f55b9113bfd7dd0f37c49cc0
act_final,5,pick_up_the_black_bowl_next_to_the_ramekin_and_place_it_on_the_plate,44,15044,1,105,14,22ac24d35a50252bced84f93747106b3267de468f55b9113bfd7dd0f37c49cc0
act_final,5,pick_up_the_black_bowl_next_to_the_ramekin_and_place_it_on_the_plate,30,15030,0,600,75,22ac24d35a50252bced84f93747106b3267de468f55b9113bfd7dd0f37c49cc0
act_final,5,pick_up_the_black_bowl_next_to_the_ramekin_and_place_it_on_the_plate,45,15045,1,115,15,22ac24d35a50252bced84f93747106b3267de468f55b9113bfd7dd0f37c49cc0
act_final,5,pick_up_the_black_bowl_next_to_the_ramekin_and_place_it_on_the_plate,33,15033,0,600,75,22ac24d35a50252bced84f93747106b3267de468f55b9113bfd7dd0f37c49cc0
act_final,5,pick_up_the_black_bowl_next_to_the_ramekin_and_place_it_on_the_plate,49,15049,1,114,15,22ac24d35a50252bced84f93747106b3267de468f55b9113bfd7dd0f37c49cc0
act_final,5,pick_up_the_black_bowl_next_to_the_ramekin_and_place_it_on_the_plate,48,15048,1,119,15,22ac24d35a50252bced84f93747106b3267de468f55b9113bfd7dd0f37c49cc0
act_final,5,pick_up_the_black_bowl_next_to_the_ramekin_and_place_it_on_the_plate,38,15038,0,600,75,22ac24d35a50252bced84f93747106b3267de468f55b9113bfd7dd0f37c49cc0
act_final,5,pick_up_the_black_bowl_next_to_the_ramekin_and_place_it_on_the_plate,46,15046,0,600,75,22ac24d35a50252bced84f93747106b3267de468f55b9113bfd7dd0f37c49cc0
act_final,5,pick_up_the_black_bowl_next_to_the_ramekin_and_place_it_on_the_plate,47,15047,0,600,75,22ac24d35a50252bced84f93747106b3267de468f55b9113bfd7dd0f37c49cc0
act_final,7,pick_up_the_black_bowl_on_the_ramekin_and_place_it_on_the_plate,0,17000,0,600,75,22ac24d35a50252bced84f93747106b3267de468f55b9113bfd7dd0f37c49cc0
act_final,7,pick_up_the_black_bowl_on_the_ramekin_and_place_it_on_the_plate,1,17001,0,600,75,22ac24d35a50252bced84f93747106b3267de468f55b9113bfd7dd0f37c49cc0
act_final,7,pick_up_the_black_bowl_on_the_ramekin_and_place_it_on_the_plate,7,17007,1,103,13,22ac24d35a50252bced84f93747106b3267de468f55b9113bfd7dd0f37c49cc0
act_final,7,pick_up_the_black_bowl_on_the_ramekin_and_place_it_on_the_plate,6,17006,1,156,20,22ac24d35a50252bced84f93747106b3267de468f55b9113bfd7dd0f37c49cc0
act_final,7,pick_up_the_black_bowl_on_the_ramekin_and_place_it_on_the_plate,2,17002,0,600,75,22ac24d35a50252bced84f93747106b3267de468f55b9113bfd7dd0f37c49cc0
act_final,7,pick_up_the_black_bowl_on_the_ramekin_and_place_it_on_the_plate,3,17003,0,600,75,22ac24d35a50252bced84f93747106b3267de468f55b9113bfd7dd0f37c49cc0
act_final,7,pick_up_the_black_bowl_on_the_ramekin_and_place_it_on_the_plate,4,17004,0,600,75,22ac24d35a50252bced84f93747106b3267de468f55b9113bfd7dd0f37c49cc0
act_final,7,pick_up_the_black_bowl_on_the_ramekin_and_place_it_on_the_plate,14,17014,1,145,19,22ac24d35a50252bced84f93747106b3267de468f55b9113bfd7dd0f37c49cc0
act_final,7,pick_up_the_black_bowl_on_the_ramekin_and_place_it_on_the_plate,5,17005,0,600,75,22ac24d35a50252bced84f93747106b3267de468f55b9113bfd7dd0f37c49cc0
act_final,7,pick_up_the_black_bowl_on_the_ramekin_and_place_it_on_the_plate,15,17015,1,210,27,22ac24d35a50252bced84f93747106b3267de468f55b9113bfd7dd0f37c49cc0
act_final,7,pick_up_the_black_bowl_on_the_ramekin_and_place_it_on_the_plate,8,17008,0,600,75,22ac24d35a50252bced84f93747106b3267de468f55b9113bfd7dd0f37c49cc0
act_final,7,pick_up_the_black_bowl_on_the_ramekin_and_place_it_on_the_plate,9,17009,0,600,75,22ac24d35a50252bced84f93747106b3267de468f55b9113bfd7dd0f37c49cc0
act_final,7,pick_up_the_black_bowl_on_the_ramekin_and_place_it_on_the_plate,10,17010,0,600,75,22ac24d35a50252bced84f93747106b3267de468f55b9113bfd7dd0f37c49cc0
act_final,7,pick_up_the_black_bowl_on_the_ramekin_and_place_it_on_the_plate,11,17011,0,600,75,22ac24d35a50252bced84f93747106b3267de468f55b9113bfd7dd0f37c49cc0
act_final,7,pick_up_the_black_bowl_on_the_ramekin_and_place_it_on_the_plate,12,17012,0,600,75,22ac24d35a50252bced84f93747106b3267de468f55b9113bfd7dd0f37c49cc0
act_final,7,pick_up_the_black_bowl_on_the_ramekin_and_place_it_on_the_plate,13,17013,0,600,75,22ac24d35a50252bced84f93747106b3267de468f55b9113bfd7dd0f37c49cc0
act_final,7,pick_up_the_black_bowl_on_the_ramekin_and_place_it_on_the_plate,19,17019,1,111,14,22ac24d35a50252bced84f93747106b3267de468f55b9113bfd7dd0f37c49cc0
act_final,7,pick_up_the_black_bowl_on_the_ramekin_and_place_it_on_the_plate,21,17021,1,94,12,22ac24d35a50252bced84f93747106b3267de468f55b9113bfd7dd0f37c49cc0
act_final,7,pick_up_the_black_bowl_on_the_ramekin_and_place_it_on_the_plate,23,17023,1,112,14,22ac24d35a50252bced84f93747106b3267de468f55b9113bfd7dd0f37c49cc0
act_final,7,pick_up_the_black_bowl_on_the_ramekin_and_place_it_on_the_plate,24,17024,1,104,13,22ac24d35a50252bced84f93747106b3267de468f55b9113bfd7dd0f37c49cc0
act_final,7,pick_up_the_black_bowl_on_the_ramekin_and_place_it_on_the_plate,16,17016,0,600,75,22ac24d35a50252bced84f93747106b3267de468f55b9113bfd7dd0f37c49cc0
act_final,7,pick_up_the_black_bowl_on_the_ramekin_and_place_it_on_the_plate,28,17028,1,171,22,22ac24d35a50252bced84f93747106b3267de468f55b9113bfd7dd0f37c49cc0
act_final,7,pick_up_the_black_bowl_on_the_ramekin_and_place_it_on_the_plate,17,17017,0,600,75,22ac24d35a50252bced84f93747106b3267de468f55b9113bfd7dd0f37c49cc0
act_final,7,pick_up_the_black_bowl_on_the_ramekin_and_place_it_on_the_plate,18,17018,0,600,75,22ac24d35a50252bced84f93747106b3267de468f55b9113bfd7dd0f37c49cc0
act_final,7,pick_up_the_black_bowl_on_the_ramekin_and_place_it_on_the_plate,20,17020,0,600,75,22ac24d35a50252bced84f93747106b3267de468f55b9113bfd7dd0f37c49cc0
act_final,7,pick_up_the_black_bowl_on_the_ramekin_and_place_it_on_the_plate,22,17022,0,600,75,22ac24d35a50252bced84f93747106b3267de468f55b9113bfd7dd0f37c49cc0
act_final,7,pick_up_the_black_bowl_on_the_ramekin_and_place_it_on_the_plate,25,17025,0,600,75,22ac24d35a50252bced84f93747106b3267de468f55b9113bfd7dd0f37c49cc0
act_final,7,pick_up_the_black_bowl_on_the_ramekin_and_place_it_on_the_plate,26,17026,0,600,75,22ac24d35a50252bced84f93747106b3267de468f55b9113bfd7dd0f37c49cc0
act_final,7,pick_up_the_black_bowl_on_the_ramekin_and_place_it_on_the_plate,27,17027,0,600,75,22ac24d35a50252bced84f93747106b3267de468f55b9113bfd7dd0f37c49cc0
act_final,7,pick_up_the_black_bowl_on_the_ramekin_and_place_it_on_the_plate,29,17029,0,600,75,22ac24d35a50252bced84f93747106b3267de468f55b9113bfd7dd0f37c49cc0
act_final,7,pick_up_the_black_bowl_on_the_ramekin_and_place_it_on_the_plate,30,17030,0,600,75,22ac24d35a50252bced84f93747106b3267de468f55b9113bfd7dd0f37c49cc0
act_final,7,pick_up_the_black_bowl_on_the_ramekin_and_place_it_on_the_plate,37,17037,1,104,13,22ac24d35a50252bced84f93747106b3267de468f55b9113bfd7dd0f37c49cc0
act_final,7,pick_up_the_black_bowl_on_the_ramekin_and_place_it_on_the_plate,31,17031,0,600,75,22ac24d35a50252bced84f93747106b3267de468f55b9113bfd7dd0f37c49cc0
act_final,7,pick_up_the_black_bowl_on_the_ramekin_and_place_it_on_the_plate,39,17039,1,121,16,22ac24d35a50252bced84f93747106b3267de468f55b9113bfd7dd0f37c49cc0
act_final,7,pick_up_the_black_bowl_on_the_ramekin_and_place_it_on_the_plate,32,17032,0,600,75,22ac24d35a50252bced84f93747106b3267de468f55b9113bfd7dd0f37c49cc0
act_final,7,pick_up_the_black_bowl_on_the_ramekin_and_place_it_on_the_plate,33,17033,0,600,75,22ac24d35a50252bced84f93747106b3267de468f55b9113bfd7dd0f37c49cc0
act_final,7,pick_up_the_black_bowl_on_the_ramekin_and_place_it_on_the_plate,34,17034,0,600,75,22ac24d35a50252bced84f93747106b3267de468f55b9113bfd7dd0f37c49cc0
act_final,7,pick_up_the_black_bowl_on_the_ramekin_and_place_it_on_the_plate,42,17042,1,111,14,22ac24d35a50252bced84f93747106b3267de468f55b9113bfd7dd0f37c49cc0
act_final,7,pick_up_the_black_bowl_on_the_ramekin_and_place_it_on_the_plate,35,17035,0,600,75,22ac24d35a50252bced84f93747106b3267de468f55b9113bfd7dd0f37c49cc0
act_final,7,pick_up_the_black_bowl_on_the_ramekin_and_place_it_on_the_plate,36,17036,0,600,75,22ac24d35a50252bced84f93747106b3267de468f55b9113bfd7dd0f37c49cc0
act_final,7,pick_up_the_black_bowl_on_the_ramekin_and_place_it_on_the_plate,46,17046,1,102,13,22ac24d35a50252bced84f93747106b3267de468f55b9113bfd7dd0f37c49cc0
act_final,7,pick_up_the_black_bowl_on_the_ramekin_and_place_it_on_the_plate,47,17047,1,143,18,22ac24d35a50252bced84f93747106b3267de468f55b9113bfd7dd0f37c49cc0
act_final,7,pick_up_the_black_bowl_on_the_ramekin_and_place_it_on_the_plate,38,17038,0,600,75,22ac24d35a50252bced84f93747106b3267de468f55b9113bfd7dd0f37c49cc0
act_final,7,pick_up_the_black_bowl_on_the_ramekin_and_place_it_on_the_plate,49,17049,1,101,13,22ac24d35a50252bced84f93747106b3267de468f55b9113bfd7dd0f37c49cc0
act_final,9,pick_up_the_black_bowl_on_the_wooden_cabinet_and_place_it_on_the_plate,0,19000,1,112,14,22ac24d35a50252bced84f93747106b3267de468f55b9113bfd7dd0f37c49cc0
act_final,7,pick_up_the_black_bowl_on_the_ramekin_and_place_it_on_the_plate,40,17040,0,600,75,22ac24d35a50252bced84f93747106b3267de468f55b9113bfd7dd0f37c49cc0
act_final,9,pick_up_the_black_bowl_on_the_wooden_cabinet_and_place_it_on_the_plate,1,19001,1,124,16,22ac24d35a50252bced84f93747106b3267de468f55b9113bfd7dd0f37c49cc0
act_final,7,pick_up_the_black_bowl_on_the_ramekin_and_place_it_on_the_plate,41,17041,0,600,75,22ac24d35a50252bced84f93747106b3267de468f55b9113bfd7dd0f37c49cc0
act_final,7,pick_up_the_black_bowl_on_the_ramekin_and_place_it_on_the_plate,43,17043,0,600,75,22ac24d35a50252bced84f93747106b3267de468f55b9113bfd7dd0f37c49cc0
act_final,9,pick_up_the_black_bowl_on_the_wooden_cabinet_and_place_it_on_the_plate,2,19002,1,123,16,22ac24d35a50252bced84f93747106b3267de468f55b9113bfd7dd0f37c49cc0
act_final,9,pick_up_the_black_bowl_on_the_wooden_cabinet_and_place_it_on_the_plate,4,19004,1,108,14,22ac24d35a50252bced84f93747106b3267de468f55b9113bfd7dd0f37c49cc0
act_final,7,pick_up_the_black_bowl_on_the_ramekin_and_place_it_on_the_plate,44,17044,0,600,75,22ac24d35a50252bced84f93747106b3267de468f55b9113bfd7dd0f37c49cc0
act_final,7,pick_up_the_black_bowl_on_the_ramekin_and_place_it_on_the_plate,45,17045,0,600,75,22ac24d35a50252bced84f93747106b3267de468f55b9113bfd7dd0f37c49cc0
act_final,9,pick_up_the_black_bowl_on_the_wooden_cabinet_and_place_it_on_the_plate,3,19003,1,188,24,22ac24d35a50252bced84f93747106b3267de468f55b9113bfd7dd0f37c49cc0
act_final,9,pick_up_the_black_bowl_on_the_wooden_cabinet_and_place_it_on_the_plate,6,19006,1,118,15,22ac24d35a50252bced84f93747106b3267de468f55b9113bfd7dd0f37c49cc0
act_final,9,pick_up_the_black_bowl_on_the_wooden_cabinet_and_place_it_on_the_plate,7,19007,1,137,18,22ac24d35a50252bced84f93747106b3267de468f55b9113bfd7dd0f37c49cc0
act_final,9,pick_up_the_black_bowl_on_the_wooden_cabinet_and_place_it_on_the_plate,8,19008,1,129,17,22ac24d35a50252bced84f93747106b3267de468f55b9113bfd7dd0f37c49cc0
act_final,9,pick_up_the_black_bowl_on_the_wooden_cabinet_and_place_it_on_the_plate,9,19009,1,128,16,22ac24d35a50252bced84f93747106b3267de468f55b9113bfd7dd0f37c49cc0
act_final,9,pick_up_the_black_bowl_on_the_wooden_cabinet_and_place_it_on_the_plate,10,19010,1,123,16,22ac24d35a50252bced84f93747106b3267de468f55b9113bfd7dd0f37c49cc0
act_final,9,pick_up_the_black_bowl_on_the_wooden_cabinet_and_place_it_on_the_plate,11,19011,1,116,15,22ac24d35a50252bced84f93747106b3267de468f55b9113bfd7dd0f37c49cc0
act_final,7,pick_up_the_black_bowl_on_the_ramekin_and_place_it_on_the_plate,48,17048,0,600,75,22ac24d35a50252bced84f93747106b3267de468f55b9113bfd7dd0f37c49cc0
act_final,9,pick_up_the_black_bowl_on_the_wooden_cabinet_and_place_it_on_the_plate,12,19012,1,137,18,22ac24d35a50252bced84f93747106b3267de468f55b9113bfd7dd0f37c49cc0
act_final,9,pick_up_the_black_bowl_on_the_wooden_cabinet_and_place_it_on_the_plate,13,19013,1,121,16,22ac24d35a50252bced84f93747106b3267de468f55b9113bfd7dd0f37c49cc0
act_final,9,pick_up_the_black_bowl_on_the_wooden_cabinet_and_place_it_on_the_plate,14,19014,1,125,16,22ac24d35a50252bced84f93747106b3267de468f55b9113bfd7dd0f37c49cc0
act_final,9,pick_up_the_black_bowl_on_the_wooden_cabinet_and_place_it_on_the_plate,15,19015,1,116,15,22ac24d35a50252bced84f93747106b3267de468f55b9113bfd7dd0f37c49cc0
act_final,9,pick_up_the_black_bowl_on_the_wooden_cabinet_and_place_it_on_the_plate,17,19017,1,110,14,22ac24d35a50252bced84f93747106b3267de468f55b9113bfd7dd0f37c49cc0
act_final,9,pick_up_the_black_bowl_on_the_wooden_cabinet_and_place_it_on_the_plate,16,19016,1,134,17,22ac24d35a50252bced84f93747106b3267de468f55b9113bfd7dd0f37c49cc0
act_final,9,pick_up_the_black_bowl_on_the_wooden_cabinet_and_place_it_on_the_plate,19,19019,1,125,16,22ac24d35a50252bced84f93747106b3267de468f55b9113bfd7dd0f37c49cc0
act_final,9,pick_up_the_black_bowl_on_the_wooden_cabinet_and_place_it_on_the_plate,20,19020,1,112,14,22ac24d35a50252bced84f93747106b3267de468f55b9113bfd7dd0f37c49cc0
act_final,9,pick_up_the_black_bowl_on_the_wooden_cabinet_and_place_it_on_the_plate,21,19021,1,121,16,22ac24d35a50252bced84f93747106b3267de468f55b9113bfd7dd0f37c49cc0
act_final,9,pick_up_the_black_bowl_on_the_wooden_cabinet_and_place_it_on_the_plate,18,19018,1,177,23,22ac24d35a50252bced84f93747106b3267de468f55b9113bfd7dd0f37c49cc0
act_final,9,pick_up_the_black_bowl_on_the_wooden_cabinet_and_place_it_on_the_plate,22,19022,1,113,15,22ac24d35a50252bced84f93747106b3267de468f55b9113bfd7dd0f37c49cc0
act_final,9,pick_up_the_black_bowl_on_the_wooden_cabinet_and_place_it_on_the_plate,23,19023,1,119,15,22ac24d35a50252bced84f93747106b3267de468f55b9113bfd7dd0f37c49cc0
act_final,9,pick_up_the_black_bowl_on_the_wooden_cabinet_and_place_it_on_the_plate,24,19024,1,121,16,22ac24d35a50252bced84f93747106b3267de468f55b9113bfd7dd0f37c49cc0
act_final,9,pick_up_the_black_bowl_on_the_wooden_cabinet_and_place_it_on_the_plate,25,19025,1,122,16,22ac24d35a50252bced84f93747106b3267de468f55b9113bfd7dd0f37c49cc0
act_final,9,pick_up_the_black_bowl_on_the_wooden_cabinet_and_place_it_on_the_plate,26,19026,1,112,14,22ac24d35a50252bced84f93747106b3267de468f55b9113bfd7dd0f37c49cc0
act_final,9,pick_up_the_black_bowl_on_the_wooden_cabinet_and_place_it_on_the_plate,28,19028,1,122,16,22ac24d35a50252bced84f93747106b3267de468f55b9113bfd7dd0f37c49cc0
act_final,9,pick_up_the_black_bowl_on_the_wooden_cabinet_and_place_it_on_the_plate,29,19029,1,121,16,22ac24d35a50252bced84f93747106b3267de468f55b9113bfd7dd0f37c49cc0
act_final,9,pick_up_the_black_bowl_on_the_wooden_cabinet_and_place_it_on_the_plate,5,19005,0,600,75,22ac24d35a50252bced84f93747106b3267de468f55b9113bfd7dd0f37c49cc0
act_final,9,pick_up_the_black_bowl_on_the_wooden_cabinet_and_place_it_on_the_plate,31,19031,1,119,15,22ac24d35a50252bced84f93747106b3267de468f55b9113bfd7dd0f37c49cc0
act_final,9,pick_up_the_black_bowl_on_the_wooden_cabinet_and_place_it_on_the_plate,27,19027,1,178,23,22ac24d35a50252bced84f93747106b3267de468f55b9113bfd7dd0f37c49cc0
act_final,9,pick_up_the_black_bowl_on_the_wooden_cabinet_and_place_it_on_the_plate,30,19030,1,158,20,22ac24d35a50252bced84f93747106b3267de468f55b9113bfd7dd0f37c49cc0
act_final,9,pick_up_the_black_bowl_on_the_wooden_cabinet_and_place_it_on_the_plate,32,19032,1,115,15,22ac24d35a50252bced84f93747106b3267de468f55b9113bfd7dd0f37c49cc0
act_final,9,pick_up_the_black_bowl_on_the_wooden_cabinet_and_place_it_on_the_plate,33,19033,1,126,16,22ac24d35a50252bced84f93747106b3267de468f55b9113bfd7dd0f37c49cc0
act_final,9,pick_up_the_black_bowl_on_the_wooden_cabinet_and_place_it_on_the_plate,34,19034,1,111,14,22ac24d35a50252bced84f93747106b3267de468f55b9113bfd7dd0f37c49cc0
act_final,9,pick_up_the_black_bowl_on_the_wooden_cabinet_and_place_it_on_the_plate,36,19036,1,128,16,22ac24d35a50252bced84f93747106b3267de468f55b9113bfd7dd0f37c49cc0
act_final,9,pick_up_the_black_bowl_on_the_wooden_cabinet_and_place_it_on_the_plate,38,19038,1,122,16,22ac24d35a50252bced84f93747106b3267de468f55b9113bfd7dd0f37c49cc0
act_final,9,pick_up_the_black_bowl_on_the_wooden_cabinet_and_place_it_on_the_plate,37,19037,1,126,16,22ac24d35a50252bced84f93747106b3267de468f55b9113bfd7dd0f37c49cc0
act_final,9,pick_up_the_black_bowl_on_the_wooden_cabinet_and_place_it_on_the_plate,40,19040,1,119,15,22ac24d35a50252bced84f93747106b3267de468f55b9113bfd7dd0f37c49cc0
act_final,9,pick_up_the_black_bowl_on_the_wooden_cabinet_and_place_it_on_the_plate,39,19039,1,138,18,22ac24d35a50252bced84f93747106b3267de468f55b9113bfd7dd0f37c49cc0
act_final,9,pick_up_the_black_bowl_on_the_wooden_cabinet_and_place_it_on_the_plate,42,19042,1,103,13,22ac24d35a50252bced84f93747106b3267de468f55b9113bfd7dd0f37c49cc0
act_final,9,pick_up_the_black_bowl_on_the_wooden_cabinet_and_place_it_on_the_plate,41,19041,1,154,20,22ac24d35a50252bced84f93747106b3267de468f55b9113bfd7dd0f37c49cc0
act_final,9,pick_up_the_black_bowl_on_the_wooden_cabinet_and_place_it_on_the_plate,43,19043,1,112,14,22ac24d35a50252bced84f93747106b3267de468f55b9113bfd7dd0f37c49cc0
act_final,9,pick_up_the_black_bowl_on_the_wooden_cabinet_and_place_it_on_the_plate,35,19035,1,263,33,22ac24d35a50252bced84f93747106b3267de468f55b9113bfd7dd0f37c49cc0
act_final,9,pick_up_the_black_bowl_on_the_wooden_cabinet_and_place_it_on_the_plate,44,19044,1,117,15,22ac24d35a50252bced84f93747106b3267de468f55b9113bfd7dd0f37c49cc0
act_final,9,pick_up_the_black_bowl_on_the_wooden_cabinet_and_place_it_on_the_plate,46,19046,1,118,15,22ac24d35a50252bced84f93747106b3267de468f55b9113bfd7dd0f37c49cc0
act_final,9,pick_up_the_black_bowl_on_the_wooden_cabinet_and_place_it_on_the_plate,45,19045,1,139,18,22ac24d35a50252bced84f93747106b3267de468f55b9113bfd7dd0f37c49cc0
act_final,9,pick_up_the_black_bowl_on_the_wooden_cabinet_and_place_it_on_the_plate,48,19048,1,116,15,22ac24d35a50252bced84f93747106b3267de468f55b9113bfd7dd0f37c49cc0
act_final,9,pick_up_the_black_bowl_on_the_wooden_cabinet_and_place_it_on_the_plate,47,19047,1,130,17,22ac24d35a50252bced84f93747106b3267de468f55b9113bfd7dd0f37c49cc0
act_final,9,pick_up_the_black_bowl_on_the_wooden_cabinet_and_place_it_on_the_plate,49,19049,1,122,16,22ac24d35a50252bced84f93747106b3267de468f55b9113bfd7dd0f37c49cc0
dp_best,0,pick_up_the_black_bowl_between_the_plate_and_the_ramekin_and_place_it_on_the_plate,3,10003,1,104,13,22d80af3dce5342b66c414ffc4644d6df6b0c067f9aeb5cfa6d50356235ac20a
dp_best,0,pick_up_the_black_bowl_between_the_plate_and_the_ramekin_and_place_it_on_the_plate,7,10007,1,115,15,22d80af3dce5342b66c414ffc4644d6df6b0c067f9aeb5cfa6d50356235ac20a
dp_best,0,pick_up_the_black_bowl_between_the_plate_and_the_ramekin_and_place_it_on_the_plate,4,10004,1,146,19,22d80af3dce5342b66c414ffc4644d6df6b0c067f9aeb5cfa6d50356235ac20a
dp_best,0,pick_up_the_black_bowl_between_the_plate_and_the_ramekin_and_place_it_on_the_plate,2,10002,1,153,20,22d80af3dce5342b66c414ffc4644d6df6b0c067f9aeb5cfa6d50356235ac20a
dp_best,0,pick_up_the_black_bowl_between_the_plate_and_the_ramekin_and_place_it_on_the_plate,5,10005,1,194,25,22d80af3dce5342b66c414ffc4644d6df6b0c067f9aeb5cfa6d50356235ac20a
dp_best,0,pick_up_the_black_bowl_between_the_plate_and_the_ramekin_and_place_it_on_the_plate,9,10009,1,90,12,22d80af3dce5342b66c414ffc4644d6df6b0c067f9aeb5cfa6d50356235ac20a
dp_best,0,pick_up_the_black_bowl_between_the_plate_and_the_ramekin_and_place_it_on_the_plate,11,10011,1,90,12,22d80af3dce5342b66c414ffc4644d6df6b0c067f9aeb5cfa6d50356235ac20a
dp_best,0,pick_up_the_black_bowl_between_the_plate_and_the_ramekin_and_place_it_on_the_plate,12,10012,1,94,12,22d80af3dce5342b66c414ffc4644d6df6b0c067f9aeb5cfa6d50356235ac20a
dp_best,0,pick_up_the_black_bowl_between_the_plate_and_the_ramekin_and_place_it_on_the_plate,13,10013,1,90,12,22d80af3dce5342b66c414ffc4644d6df6b0c067f9aeb5cfa6d50356235ac20a
dp_best,0,pick_up_the_black_bowl_between_the_plate_and_the_ramekin_and_place_it_on_the_plate,15,10015,1,92,12,22d80af3dce5342b66c414ffc4644d6df6b0c067f9aeb5cfa6d50356235ac20a
dp_best,0,pick_up_the_black_bowl_between_the_plate_and_the_ramekin_and_place_it_on_the_plate,16,10016,1,87,11,22d80af3dce5342b66c414ffc4644d6df6b0c067f9aeb5cfa6d50356235ac20a
dp_best,0,pick_up_the_black_bowl_between_the_plate_and_the_ramekin_and_place_it_on_the_plate,17,10017,1,76,10,22d80af3dce5342b66c414ffc4644d6df6b0c067f9aeb5cfa6d50356235ac20a
dp_best,0,pick_up_the_black_bowl_between_the_plate_and_the_ramekin_and_place_it_on_the_plate,18,10018,1,108,14,22d80af3dce5342b66c414ffc4644d6df6b0c067f9aeb5cfa6d50356235ac20a
dp_best,0,pick_up_the_black_bowl_between_the_plate_and_the_ramekin_and_place_it_on_the_plate,0,10000,0,600,75,22d80af3dce5342b66c414ffc4644d6df6b0c067f9aeb5cfa6d50356235ac20a
dp_best,0,pick_up_the_black_bowl_between_the_plate_and_the_ramekin_and_place_it_on_the_plate,1,10001,0,600,75,22d80af3dce5342b66c414ffc4644d6df6b0c067f9aeb5cfa6d50356235ac20a
dp_best,0,pick_up_the_black_bowl_between_the_plate_and_the_ramekin_and_place_it_on_the_plate,6,10006,0,600,75,22d80af3dce5342b66c414ffc4644d6df6b0c067f9aeb5cfa6d50356235ac20a
dp_best,0,pick_up_the_black_bowl_between_the_plate_and_the_ramekin_and_place_it_on_the_plate,21,10021,1,94,12,22d80af3dce5342b66c414ffc4644d6df6b0c067f9aeb5cfa6d50356235ac20a
dp_best,0,pick_up_the_black_bowl_between_the_plate_and_the_ramekin_and_place_it_on_the_plate,8,10008,0,600,75,22d80af3dce5342b66c414ffc4644d6df6b0c067f9aeb5cfa6d50356235ac20a
dp_best,0,pick_up_the_black_bowl_between_the_plate_and_the_ramekin_and_place_it_on_the_plate,10,10010,0,600,75,22d80af3dce5342b66c414ffc4644d6df6b0c067f9aeb5cfa6d50356235ac20a
dp_best,0,pick_up_the_black_bowl_between_the_plate_and_the_ramekin_and_place_it_on_the_plate,25,10025,1,117,15,22d80af3dce5342b66c414ffc4644d6df6b0c067f9aeb5cfa6d50356235ac20a
dp_best,0,pick_up_the_black_bowl_between_the_plate_and_the_ramekin_and_place_it_on_the_plate,14,10014,0,600,75,22d80af3dce5342b66c414ffc4644d6df6b0c067f9aeb5cfa6d50356235ac20a
dp_best,0,pick_up_the_black_bowl_between_the_plate_and_the_ramekin_and_place_it_on_the_plate,26,10026,1,97,13,22d80af3dce5342b66c414ffc4644d6df6b0c067f9aeb5cfa6d50356235ac20a
dp_best,0,pick_up_the_black_bowl_between_the_plate_and_the_ramekin_and_place_it_on_the_plate,27,10027,1,119,15,22d80af3dce5342b66c414ffc4644d6df6b0c067f9aeb5cfa6d50356235ac20a
dp_best,0,pick_up_the_black_bowl_between_the_plate_and_the_ramekin_and_place_it_on_the_plate,28,10028,1,129,17,22d80af3dce5342b66c414ffc4644d6df6b0c067f9aeb5cfa6d50356235ac20a
dp_best,0,pick_up_the_black_bowl_between_the_plate_and_the_ramekin_and_place_it_on_the_plate,19,10019,0,600,75,22d80af3dce5342b66c414ffc4644d6df6b0c067f9aeb5cfa6d50356235ac20a
dp_best,0,pick_up_the_black_bowl_between_the_plate_and_the_ramekin_and_place_it_on_the_plate,30,10030,1,117,15,22d80af3dce5342b66c414ffc4644d6df6b0c067f9aeb5cfa6d50356235ac20a
dp_best,0,pick_up_the_black_bowl_between_the_plate_and_the_ramekin_and_place_it_on_the_plate,31,10031,1,95,12,22d80af3dce5342b66c414ffc4644d6df6b0c067f9aeb5cfa6d50356235ac20a
dp_best,0,pick_up_the_black_bowl_between_the_plate_and_the_ramekin_and_place_it_on_the_plate,20,10020,0,600,75,22d80af3dce5342b66c414ffc4644d6df6b0c067f9aeb5cfa6d50356235ac20a
dp_best,0,pick_up_the_black_bowl_between_the_plate_and_the_ramekin_and_place_it_on_the_plate,33,10033,1,90,12,22d80af3dce5342b66c414ffc4644d6df6b0c067f9aeb5cfa6d50356235ac20a
dp_best,0,pick_up_the_black_bowl_between_the_plate_and_the_ramekin_and_place_it_on_the_plate,32,10032,1,98,13,22d80af3dce5342b66c414ffc4644d6df6b0c067f9aeb5cfa6d50356235ac20a
dp_best,0,pick_up_the_black_bowl_between_the_plate_and_the_ramekin_and_place_it_on_the_plate,22,10022,0,600,75,22d80af3dce5342b66c414ffc4644d6df6b0c067f9aeb5cfa6d50356235ac20a
dp_best,0,pick_up_the_black_bowl_between_the_plate_and_the_ramekin_and_place_it_on_the_plate,23,10023,0,600,75,22d80af3dce5342b66c414ffc4644d6df6b0c067f9aeb5cfa6d50356235ac20a
dp_best,0,pick_up_the_black_bowl_between_the_plate_and_the_ramekin_and_place_it_on_the_plate,34,10034,1,155,20,22d80af3dce5342b66c414ffc4644d6df6b0c067f9aeb5cfa6d50356235ac20a
dp_best,0,pick_up_the_black_bowl_between_the_plate_and_the_ramekin_and_place_it_on_the_plate,36,10036,1,96,12,22d80af3dce5342b66c414ffc4644d6df6b0c067f9aeb5cfa6d50356235ac20a
dp_best,0,pick_up_the_black_bowl_between_the_plate_and_the_ramekin_and_place_it_on_the_plate,37,10037,1,95,12,22d80af3dce5342b66c414ffc4644d6df6b0c067f9aeb5cfa6d50356235ac20a
dp_best,0,pick_up_the_black_bowl_between_the_plate_and_the_ramekin_and_place_it_on_the_plate,24,10024,0,600,75,22d80af3dce5342b66c414ffc4644d6df6b0c067f9aeb5cfa6d50356235ac20a
dp_best,0,pick_up_the_black_bowl_between_the_plate_and_the_ramekin_and_place_it_on_the_plate,38,10038,1,102,13,22d80af3dce5342b66c414ffc4644d6df6b0c067f9aeb5cfa6d50356235ac20a
dp_best,0,pick_up_the_black_bowl_between_the_plate_and_the_ramekin_and_place_it_on_the_plate,40,10040,1,96,12,22d80af3dce5342b66c414ffc4644d6df6b0c067f9aeb5cfa6d50356235ac20a
dp_best,0,pick_up_the_black_bowl_between_the_plate_and_the_ramekin_and_place_it_on_the_plate,41,10041,1,92,12,22d80af3dce5342b66c414ffc4644d6df6b0c067f9aeb5cfa6d50356235ac20a
dp_best,0,pick_up_the_black_bowl_between_the_plate_and_the_ramekin_and_place_it_on_the_plate,42,10042,1,88,11,22d80af3dce5342b66c414ffc4644d6df6b0c067f9aeb5cfa6d50356235ac20a
dp_best,0,pick_up_the_black_bowl_between_the_plate_and_the_ramekin_and_place_it_on_the_plate,44,10044,1,84,11,22d80af3dce5342b66c414ffc4644d6df6b0c067f9aeb5cfa6d50356235ac20a
dp_best,0,pick_up_the_black_bowl_between_the_plate_and_the_ramekin_and_place_it_on_the_plate,43,10043,1,98,13,22d80af3dce5342b66c414ffc4644d6df6b0c067f9aeb5cfa6d50356235ac20a
dp_best,0,pick_up_the_black_bowl_between_the_plate_and_the_ramekin_and_place_it_on_the_plate,45,10045,1,88,11,22d80af3dce5342b66c414ffc4644d6df6b0c067f9aeb5cfa6d50356235ac20a
dp_best,0,pick_up_the_black_bowl_between_the_plate_and_the_ramekin_and_place_it_on_the_plate,46,10046,1,83,11,22d80af3dce5342b66c414ffc4644d6df6b0c067f9aeb5cfa6d50356235ac20a
dp_best,0,pick_up_the_black_bowl_between_the_plate_and_the_ramekin_and_place_it_on_the_plate,29,10029,0,600,75,22d80af3dce5342b66c414ffc4644d6df6b0c067f9aeb5cfa6d50356235ac20a
dp_best,0,pick_up_the_black_bowl_between_the_plate_and_the_ramekin_and_place_it_on_the_plate,47,10047,1,132,17,22d80af3dce5342b66c414ffc4644d6df6b0c067f9aeb5cfa6d50356235ac20a
dp_best,0,pick_up_the_black_bowl_between_the_plate_and_the_ramekin_and_place_it_on_the_plate,48,10048,1,106,14,22d80af3dce5342b66c414ffc4644d6df6b0c067f9aeb5cfa6d50356235ac20a
dp_best,0,pick_up_the_black_bowl_between_the_plate_and_the_ramekin_and_place_it_on_the_plate,49,10049,1,120,15,22d80af3dce5342b66c414ffc4644d6df6b0c067f9aeb5cfa6d50356235ac20a
dp_best,2,pick_up_the_black_bowl_in_the_top_drawer_of_the_wooden_cabinet_and_place_it_on_the_plate,0,12000,1,152,19,22d80af3dce5342b66c414ffc4644d6df6b0c067f9aeb5cfa6d50356235ac20a
dp_best,2,pick_up_the_black_bowl_in_the_top_drawer_of_the_wooden_cabinet_and_place_it_on_the_plate,4,12004,1,172,22,22d80af3dce5342b66c414ffc4644d6df6b0c067f9aeb5cfa6d50356235ac20a
dp_best,0,pick_up_the_black_bowl_between_the_plate_and_the_ramekin_and_place_it_on_the_plate,35,10035,0,600,75,22d80af3dce5342b66c414ffc4644d6df6b0c067f9aeb5cfa6d50356235ac20a
dp_best,2,pick_up_the_black_bowl_in_the_top_drawer_of_the_wooden_cabinet_and_place_it_on_the_plate,7,12007,1,126,16,22d80af3dce5342b66c414ffc4644d6df6b0c067f9aeb5cfa6d50356235ac20a
dp_best,0,pick_up_the_black_bowl_between_the_plate_and_the_ramekin_and_place_it_on_the_plate,39,10039,0,600,75,22d80af3dce5342b66c414ffc4644d6df6b0c067f9aeb5cfa6d50356235ac20a
dp_best,2,pick_up_the_black_bowl_in_the_top_drawer_of_the_wooden_cabinet_and_place_it_on_the_plate,8,12008,1,128,16,22d80af3dce5342b66c414ffc4644d6df6b0c067f9aeb5cfa6d50356235ac20a
dp_best,2,pick_up_the_black_bowl_in_the_top_drawer_of_the_wooden_cabinet_and_place_it_on_the_plate,9,12009,1,136,17,22d80af3dce5342b66c414ffc4644d6df6b0c067f9aeb5cfa6d50356235ac20a
dp_best,2,pick_up_the_black_bowl_in_the_top_drawer_of_the_wooden_cabinet_and_place_it_on_the_plate,1,12001,0,600,75,22d80af3dce5342b66c414ffc4644d6df6b0c067f9aeb5cfa6d50356235ac20a
dp_best,2,pick_up_the_black_bowl_in_the_top_drawer_of_the_wooden_cabinet_and_place_it_on_the_plate,2,12002,0,600,75,22d80af3dce5342b66c414ffc4644d6df6b0c067f9aeb5cfa6d50356235ac20a
dp_best,2,pick_up_the_black_bowl_in_the_top_drawer_of_the_wooden_cabinet_and_place_it_on_the_plate,3,12003,0,600,75,22d80af3dce5342b66c414ffc4644d6df6b0c067f9aeb5cfa6d50356235ac20a
dp_best,2,pick_up_the_black_bowl_in_the_top_drawer_of_the_wooden_cabinet_and_place_it_on_the_plate,5,12005,0,600,75,22d80af3dce5342b66c414ffc4644d6df6b0c067f9aeb5cfa6d50356235ac20a
dp_best,2,pick_up_the_black_bowl_in_the_top_drawer_of_the_wooden_cabinet_and_place_it_on_the_plate,6,12006,0,600,75,22d80af3dce5342b66c414ffc4644d6df6b0c067f9aeb5cfa6d50356235ac20a
dp_best,2,pick_up_the_black_bowl_in_the_top_drawer_of_the_wooden_cabinet_and_place_it_on_the_plate,13,12013,1,141,18,22d80af3dce5342b66c414ffc4644d6df6b0c067f9aeb5cfa6d50356235ac20a
dp_best,2,pick_up_the_black_bowl_in_the_top_drawer_of_the_wooden_cabinet_and_place_it_on_the_plate,14,12014,1,134,17,22d80af3dce5342b66c414ffc4644d6df6b0c067f9aeb5cfa6d50356235ac20a
dp_best,2,pick_up_the_black_bowl_in_the_top_drawer_of_the_wooden_cabinet_and_place_it_on_the_plate,15,12015,1,139,18,22d80af3dce5342b66c414ffc4644d6df6b0c067f9aeb5cfa6d50356235ac20a
dp_best,2,pick_up_the_black_bowl_in_the_top_drawer_of_the_wooden_cabinet_and_place_it_on_the_plate,16,12016,1,130,17,22d80af3dce5342b66c414ffc4644d6df6b0c067f9aeb5cfa6d50356235ac20a
dp_best,2,pick_up_the_black_bowl_in_the_top_drawer_of_the_wooden_cabinet_and_place_it_on_the_plate,19,12019,1,124,16,22d80af3dce5342b66c414ffc4644d6df6b0c067f9aeb5cfa6d50356235ac20a
dp_best,2,pick_up_the_black_bowl_in_the_top_drawer_of_the_wooden_cabinet_and_place_it_on_the_plate,18,12018,1,145,19,22d80af3dce5342b66c414ffc4644d6df6b0c067f9aeb5cfa6d50356235ac20a
dp_best,2,pick_up_the_black_bowl_in_the_top_drawer_of_the_wooden_cabinet_and_place_it_on_the_plate,17,12017,1,157,20,22d80af3dce5342b66c414ffc4644d6df6b0c067f9aeb5cfa6d50356235ac20a
dp_best,2,pick_up_the_black_bowl_in_the_top_drawer_of_the_wooden_cabinet_and_place_it_on_the_plate,10,12010,0,600,75,22d80af3dce5342b66c414ffc4644d6df6b0c067f9aeb5cfa6d50356235ac20a
dp_best,2,pick_up_the_black_bowl_in_the_top_drawer_of_the_wooden_cabinet_and_place_it_on_the_plate,11,12011,0,600,75,22d80af3dce5342b66c414ffc4644d6df6b0c067f9aeb5cfa6d50356235ac20a
dp_best,2,pick_up_the_black_bowl_in_the_top_drawer_of_the_wooden_cabinet_and_place_it_on_the_plate,23,12023,1,162,21,22d80af3dce5342b66c414ffc4644d6df6b0c067f9aeb5cfa6d50356235ac20a
dp_best,2,pick_up_the_black_bowl_in_the_top_drawer_of_the_wooden_cabinet_and_place_it_on_the_plate,12,12012,0,600,75,22d80af3dce5342b66c414ffc4644d6df6b0c067f9aeb5cfa6d50356235ac20a
dp_best,2,pick_up_the_black_bowl_in_the_top_drawer_of_the_wooden_cabinet_and_place_it_on_the_plate,26,12026,1,177,23,22d80af3dce5342b66c414ffc4644d6df6b0c067f9aeb5cfa6d50356235ac20a
dp_best,2,pick_up_the_black_bowl_in_the_top_drawer_of_the_wooden_cabinet_and_place_it_on_the_plate,28,12028,1,146,19,22d80af3dce5342b66c414ffc4644d6df6b0c067f9aeb5cfa6d50356235ac20a
dp_best,2,pick_up_the_black_bowl_in_the_top_drawer_of_the_wooden_cabinet_and_place_it_on_the_plate,20,12020,0,600,75,22d80af3dce5342b66c414ffc4644d6df6b0c067f9aeb5cfa6d50356235ac20a
dp_best,2,pick_up_the_black_bowl_in_the_top_drawer_of_the_wooden_cabinet_and_place_it_on_the_plate,21,12021,0,600,75,22d80af3dce5342b66c414ffc4644d6df6b0c067f9aeb5cfa6d50356235ac20a
dp_best,2,pick_up_the_black_bowl_in_the_top_drawer_of_the_wooden_cabinet_and_place_it_on_the_plate,22,12022,0,600,75,22d80af3dce5342b66c414ffc4644d6df6b0c067f9aeb5cfa6d50356235ac20a
dp_best,2,pick_up_the_black_bowl_in_the_top_drawer_of_the_wooden_cabinet_and_place_it_on_the_plate,24,12024,0,600,75,22d80af3dce5342b66c414ffc4644d6df6b0c067f9aeb5cfa6d50356235ac20a
dp_best,2,pick_up_the_black_bowl_in_the_top_drawer_of_the_wooden_cabinet_and_place_it_on_the_plate,32,12032,1,151,19,22d80af3dce5342b66c414ffc4644d6df6b0c067f9aeb5cfa6d50356235ac20a
dp_best,2,pick_up_the_black_bowl_in_the_top_drawer_of_the_wooden_cabinet_and_place_it_on_the_plate,25,12025,0,600,75,22d80af3dce5342b66c414ffc4644d6df6b0c067f9aeb5cfa6d50356235ac20a
dp_best,2,pick_up_the_black_bowl_in_the_top_drawer_of_the_wooden_cabinet_and_place_it_on_the_plate,27,12027,0,600,75,22d80af3dce5342b66c414ffc4644d6df6b0c067f9aeb5cfa6d50356235ac20a
dp_best,2,pick_up_the_black_bowl_in_the_top_drawer_of_the_wooden_cabinet_and_place_it_on_the_plate,35,12035,1,141,18,22d80af3dce5342b66c414ffc4644d6df6b0c067f9aeb5cfa6d50356235ac20a
dp_best,2,pick_up_the_black_bowl_in_the_top_drawer_of_the_wooden_cabinet_and_place_it_on_the_plate,36,12036,1,192,24,22d80af3dce5342b66c414ffc4644d6df6b0c067f9aeb5cfa6d50356235ac20a
dp_best,2,pick_up_the_black_bowl_in_the_top_drawer_of_the_wooden_cabinet_and_place_it_on_the_plate,29,12029,0,600,75,22d80af3dce5342b66c414ffc4644d6df6b0c067f9aeb5cfa6d50356235ac20a
dp_best,2,pick_up_the_black_bowl_in_the_top_drawer_of_the_wooden_cabinet_and_place_it_on_the_plate,37,12037,1,138,18,22d80af3dce5342b66c414ffc4644d6df6b0c067f9aeb5cfa6d50356235ac20a
dp_best,2,pick_up_the_black_bowl_in_the_top_drawer_of_the_wooden_cabinet_and_place_it_on_the_plate,30,12030,0,600,75,22d80af3dce5342b66c414ffc4644d6df6b0c067f9aeb5cfa6d50356235ac20a
dp_best,2,pick_up_the_black_bowl_in_the_top_drawer_of_the_wooden_cabinet_and_place_it_on_the_plate,41,12041,1,164,21,22d80af3dce5342b66c414ffc4644d6df6b0c067f9aeb5cfa6d50356235ac20a
dp_best,2,pick_up_the_black_bowl_in_the_top_drawer_of_the_wooden_cabinet_and_place_it_on_the_plate,39,12039,1,207,26,22d80af3dce5342b66c414ffc4644d6df6b0c067f9aeb5cfa6d50356235ac20a
dp_best,2,pick_up_the_black_bowl_in_the_top_drawer_of_the_wooden_cabinet_and_place_it_on_the_plate,31,12031,0,600,75,22d80af3dce5342b66c414ffc4644d6df6b0c067f9aeb5cfa6d50356235ac20a
dp_best,2,pick_up_the_black_bowl_in_the_top_drawer_of_the_wooden_cabinet_and_place_it_on_the_plate,42,12042,1,139,18,22d80af3dce5342b66c414ffc4644d6df6b0c067f9aeb5cfa6d50356235ac20a
dp_best,2,pick_up_the_black_bowl_in_the_top_drawer_of_the_wooden_cabinet_and_place_it_on_the_plate,33,12033,0,600,75,22d80af3dce5342b66c414ffc4644d6df6b0c067f9aeb5cfa6d50356235ac20a
dp_best,2,pick_up_the_black_bowl_in_the_top_drawer_of_the_wooden_cabinet_and_place_it_on_the_plate,34,12034,0,600,75,22d80af3dce5342b66c414ffc4644d6df6b0c067f9aeb5cfa6d50356235ac20a
dp_best,2,pick_up_the_black_bowl_in_the_top_drawer_of_the_wooden_cabinet_and_place_it_on_the_plate,43,12043,1,152,19,22d80af3dce5342b66c414ffc4644d6df6b0c067f9aeb5cfa6d50356235ac20a
dp_best,2,pick_up_the_black_bowl_in_the_top_drawer_of_the_wooden_cabinet_and_place_it_on_the_plate,47,12047,1,154,20,22d80af3dce5342b66c414ffc4644d6df6b0c067f9aeb5cfa6d50356235ac20a
dp_best,2,pick_up_the_black_bowl_in_the_top_drawer_of_the_wooden_cabinet_and_place_it_on_the_plate,49,12049,1,156,20,22d80af3dce5342b66c414ffc4644d6df6b0c067f9aeb5cfa6d50356235ac20a
dp_best,2,pick_up_the_black_bowl_in_the_top_drawer_of_the_wooden_cabinet_and_place_it_on_the_plate,38,12038,0,600,75,22d80af3dce5342b66c414ffc4644d6df6b0c067f9aeb5cfa6d50356235ac20a
dp_best,4,pick_up_the_black_bowl_next_to_the_plate_and_place_it_on_the_plate,0,14000,1,97,13,22d80af3dce5342b66c414ffc4644d6df6b0c067f9aeb5cfa6d50356235ac20a
dp_best,2,pick_up_the_black_bowl_in_the_top_drawer_of_the_wooden_cabinet_and_place_it_on_the_plate,40,12040,0,600,75,22d80af3dce5342b66c414ffc4644d6df6b0c067f9aeb5cfa6d50356235ac20a
dp_best,4,pick_up_the_black_bowl_next_to_the_plate_and_place_it_on_the_plate,3,14003,1,98,13,22d80af3dce5342b66c414ffc4644d6df6b0c067f9aeb5cfa6d50356235ac20a
dp_best,4,pick_up_the_black_bowl_next_to_the_plate_and_place_it_on_the_plate,2,14002,1,140,18,22d80af3dce5342b66c414ffc4644d6df6b0c067f9aeb5cfa6d50356235ac20a
dp_best,4,pick_up_the_black_bowl_next_to_the_plate_and_place_it_on_the_plate,1,14001,1,253,32,22d80af3dce5342b66c414ffc4644d6df6b0c067f9aeb5cfa6d50356235ac20a
dp_best,4,pick_up_the_black_bowl_next_to_the_plate_and_place_it_on_the_plate,5,14005,1,109,14,22d80af3dce5342b66c414ffc4644d6df6b0c067f9aeb5cfa6d50356235ac20a
dp_best,4,pick_up_the_black_bowl_next_to_the_plate_and_place_it_on_the_plate,6,14006,1,96,12,22d80af3dce5342b66c414ffc4644d6df6b0c067f9aeb5cfa6d50356235ac20a
dp_best,2,pick_up_the_black_bowl_in_the_top_drawer_of_the_wooden_cabinet_and_place_it_on_the_plate,44,12044,0,600,75,22d80af3dce5342b66c414ffc4644d6df6b0c067f9aeb5cfa6d50356235ac20a
dp_best,2,pick_up_the_black_bowl_in_the_top_drawer_of_the_wooden_cabinet_and_place_it_on_the_plate,45,12045,0,600,75,22d80af3dce5342b66c414ffc4644d6df6b0c067f9aeb5cfa6d50356235ac20a
dp_best,2,pick_up_the_black_bowl_in_the_top_drawer_of_the_wooden_cabinet_and_place_it_on_the_plate,46,12046,0,600,75,22d80af3dce5342b66c414ffc4644d6df6b0c067f9aeb5cfa6d50356235ac20a
dp_best,4,pick_up_the_black_bowl_next_to_the_plate_and_place_it_on_the_plate,7,14007,1,111,14,22d80af3dce5342b66c414ffc4644d6df6b0c067f9aeb5cfa6d50356235ac20a
dp_best,4,pick_up_the_black_bowl_next_to_the_plate_and_place_it_on_the_plate,8,14008,1,108,14,22d80af3dce5342b66c414ffc4644d6df6b0c067f9aeb5cfa6d50356235ac20a
dp_best,4,pick_up_the_black_bowl_next_to_the_plate_and_place_it_on_the_plate,9,14009,1,99,13,22d80af3dce5342b66c414ffc4644d6df6b0c067f9aeb5cfa6d50356235ac20a
dp_best,4,pick_up_the_black_bowl_next_to_the_plate_and_place_it_on_the_plate,12,14012,1,90,12,22d80af3dce5342b66c414ffc4644d6df6b0c067f9aeb5cfa6d50356235ac20a
dp_best,2,pick_up_the_black_bowl_in_the_top_drawer_of_the_wooden_cabinet_and_place_it_on_the_plate,48,12048,0,600,75,22d80af3dce5342b66c414ffc4644d6df6b0c067f9aeb5cfa6d50356235ac20a
dp_best,4,pick_up_the_black_bowl_next_to_the_plate_and_place_it_on_the_plate,14,14014,1,102,13,22d80af3dce5342b66c414ffc4644d6df6b0c067f9aeb5cfa6d50356235ac20a
dp_best,4,pick_up_the_black_bowl_next_to_the_plate_and_place_it_on_the_plate,15,14015,1,105,14,22d80af3dce5342b66c414ffc4644d6df6b0c067f9aeb5cfa6d50356235ac20a
dp_best,4,pick_up_the_black_bowl_next_to_the_plate_and_place_it_on_the_plate,17,14017,1,101,13,22d80af3dce5342b66c414ffc4644d6df6b0c067f9aeb5cfa6d50356235ac20a
dp_best,4,pick_up_the_black_bowl_next_to_the_plate_and_place_it_on_the_plate,19,14019,1,98,13,22d80af3dce5342b66c414ffc4644d6df6b0c067f9aeb5cfa6d50356235ac20a
dp_best,4,pick_up_the_black_bowl_next_to_the_plate_and_place_it_on_the_plate,21,14021,1,99,13,22d80af3dce5342b66c414ffc4644d6df6b0c067f9aeb5cfa6d50356235ac20a
dp_best,4,pick_up_the_black_bowl_next_to_the_plate_and_place_it_on_the_plate,4,14004,0,600,75,22d80af3dce5342b66c414ffc4644d6df6b0c067f9aeb5cfa6d50356235ac20a
dp_best,4,pick_up_the_black_bowl_next_to_the_plate_and_place_it_on_the_plate,22,14022,1,107,14,22d80af3dce5342b66c414ffc4644d6df6b0c067f9aeb5cfa6d50356235ac20a
dp_best,4,pick_up_the_black_bowl_next_to_the_plate_and_place_it_on_the_plate,23,14023,1,125,16,22d80af3dce5342b66c414ffc4644d6df6b0c067f9aeb5cfa6d50356235ac20a
dp_best,4,pick_up_the_black_bowl_next_to_the_plate_and_place_it_on_the_plate,24,14024,1,108,14,22d80af3dce5342b66c414ffc4644d6df6b0c067f9aeb5cfa6d50356235ac20a
dp_best,4,pick_up_the_black_bowl_next_to_the_plate_and_place_it_on_the_plate,10,14010,0,600,75,22d80af3dce5342b66c414ffc4644d6df6b0c067f9aeb5cfa6d50356235ac20a
dp_best,4,pick_up_the_black_bowl_next_to_the_plate_and_place_it_on_the_plate,11,14011,0,600,75,22d80af3dce5342b66c414ffc4644d6df6b0c067f9aeb5cfa6d50356235ac20a
dp_best,4,pick_up_the_black_bowl_next_to_the_plate_and_place_it_on_the_plate,25,14025,1,111,14,22d80af3dce5342b66c414ffc4644d6df6b0c067f9aeb5cfa6d50356235ac20a
dp_best,4,pick_up_the_black_bowl_next_to_the_plate_and_place_it_on_the_plate,13,14013,0,600,75,22d80af3dce5342b66c414ffc4644d6df6b0c067f9aeb5cfa6d50356235ac20a
dp_best,4,pick_up_the_black_bowl_next_to_the_plate_and_place_it_on_the_plate,26,14026,1,92,12,22d80af3dce5342b66c414ffc4644d6df6b0c067f9aeb5cfa6d50356235ac20a
dp_best,4,pick_up_the_black_bowl_next_to_the_plate_and_place_it_on_the_plate,27,14027,1,102,13,22d80af3dce5342b66c414ffc4644d6df6b0c067f9aeb5cfa6d50356235ac20a
dp_best,4,pick_up_the_black_bowl_next_to_the_plate_and_place_it_on_the_plate,16,14016,0,600,75,22d80af3dce5342b66c414ffc4644d6df6b0c067f9aeb5cfa6d50356235ac20a
dp_best,4,pick_up_the_black_bowl_next_to_the_plate_and_place_it_on_the_plate,28,14028,1,104,13,22d80af3dce5342b66c414ffc4644d6df6b0c067f9aeb5cfa6d50356235ac20a
dp_best,4,pick_up_the_black_bowl_next_to_the_plate_and_place_it_on_the_plate,29,14029,1,106,14,22d80af3dce5342b66c414ffc4644d6df6b0c067f9aeb5cfa6d50356235ac20a
dp_best,4,pick_up_the_black_bowl_next_to_the_plate_and_place_it_on_the_plate,30,14030,1,100,13,22d80af3dce5342b66c414ffc4644d6df6b0c067f9aeb5cfa6d50356235ac20a
dp_best,4,pick_up_the_black_bowl_next_to_the_plate_and_place_it_on_the_plate,18,14018,0,600,75,22d80af3dce5342b66c414ffc4644d6df6b0c067f9aeb5cfa6d50356235ac20a
dp_best,4,pick_up_the_black_bowl_next_to_the_plate_and_place_it_on_the_plate,31,14031,1,115,15,22d80af3dce5342b66c414ffc4644d6df6b0c067f9aeb5cfa6d50356235ac20a
dp_best,4,pick_up_the_black_bowl_next_to_the_plate_and_place_it_on_the_plate,32,14032,1,103,13,22d80af3dce5342b66c414ffc4644d6df6b0c067f9aeb5cfa6d50356235ac20a
dp_best,4,pick_up_the_black_bowl_next_to_the_plate_and_place_it_on_the_plate,20,14020,0,600,75,22d80af3dce5342b66c414ffc4644d6df6b0c067f9aeb5cfa6d50356235ac20a
dp_best,4,pick_up_the_black_bowl_next_to_the_plate_and_place_it_on_the_plate,34,14034,1,104,13,22d80af3dce5342b66c414ffc4644d6df6b0c067f9aeb5cfa6d50356235ac20a
dp_best,4,pick_up_the_black_bowl_next_to_the_plate_and_place_it_on_the_plate,35,14035,1,107,14,22d80af3dce5342b66c414ffc4644d6df6b0c067f9aeb5cfa6d50356235ac20a
dp_best,4,pick_up_the_black_bowl_next_to_the_plate_and_place_it_on_the_plate,36,14036,1,106,14,22d80af3dce5342b66c414ffc4644d6df6b0c067f9aeb5cfa6d50356235ac20a
dp_best,4,pick_up_the_black_bowl_next_to_the_plate_and_place_it_on_the_plate,37,14037,1,97,13,22d80af3dce5342b66c414ffc4644d6df6b0c067f9aeb5cfa6d50356235ac20a
dp_best,4,pick_up_the_black_bowl_next_to_the_plate_and_place_it_on_the_plate,38,14038,1,99,13,22d80af3dce5342b66c414ffc4644d6df6b0c067f9aeb5cfa6d50356235ac20a
dp_best,4,pick_up_the_black_bowl_next_to_the_plate_and_place_it_on_the_plate,39,14039,1,103,13,22d80af3dce5342b66c414ffc4644d6df6b0c067f9aeb5cfa6d50356235ac20a
dp_best,4,pick_up_the_black_bowl_next_to_the_plate_and_place_it_on_the_plate,41,14041,1,96,12,22d80af3dce5342b66c414ffc4644d6df6b0c067f9aeb5cfa6d50356235ac20a
dp_best,4,pick_up_the_black_bowl_next_to_the_plate_and_place_it_on_the_plate,40,14040,1,99,13,22d80af3dce5342b66c414ffc4644d6df6b0c067f9aeb5cfa6d50356235ac20a
dp_best,4,pick_up_the_black_bowl_next_to_the_plate_and_place_it_on_the_plate,42,14042,1,109,14,22d80af3dce5342b66c414ffc4644d6df6b0c067f9aeb5cfa6d50356235ac20a
dp_best,4,pick_up_the_black_bowl_next_to_the_plate_and_place_it_on_the_plate,33,14033,1,290,37,22d80af3dce5342b66c414ffc4644d6df6b0c067f9aeb5cfa6d50356235ac20a
dp_best,4,pick_up_the_black_bowl_next_to_the_plate_and_place_it_on_the_plate,45,14045,1,98,13,22d80af3dce5342b66c414ffc4644d6df6b0c067f9aeb5cfa6d50356235ac20a
dp_best,4,pick_up_the_black_bowl_next_to_the_plate_and_place_it_on_the_plate,48,14048,1,103,13,22d80af3dce5342b66c414ffc4644d6df6b0c067f9aeb5cfa6d50356235ac20a
dp_best,4,pick_up_the_black_bowl_next_to_the_plate_and_place_it_on_the_plate,46,14046,1,168,21,22d80af3dce5342b66c414ffc4644d6df6b0c067f9aeb5cfa6d50356235ac20a
dp_best,6,pick_up_the_black_bowl_on_the_cookie_box_and_place_it_on_the_plate,0,16000,1,92,12,22d80af3dce5342b66c414ffc4644d6df6b0c067f9aeb5cfa6d50356235ac20a
dp_best,6,pick_up_the_black_bowl_on_the_cookie_box_and_place_it_on_the_plate,1,16001,1,93,12,22d80af3dce5342b66c414ffc4644d6df6b0c067f9aeb5cfa6d50356235ac20a
dp_best,6,pick_up_the_black_bowl_on_the_cookie_box_and_place_it_on_the_plate,2,16002,1,101,13,22d80af3dce5342b66c414ffc4644d6df6b0c067f9aeb5cfa6d50356235ac20a
dp_best,4,pick_up_the_black_bowl_next_to_the_plate_and_place_it_on_the_plate,49,14049,1,177,23,22d80af3dce5342b66c414ffc4644d6df6b0c067f9aeb5cfa6d50356235ac20a
dp_best,6,pick_up_the_black_bowl_on_the_cookie_box_and_place_it_on_the_plate,3,16003,1,95,12,22d80af3dce5342b66c414ffc4644d6df6b0c067f9aeb5cfa6d50356235ac20a
dp_best,6,pick_up_the_black_bowl_on_the_cookie_box_and_place_it_on_the_plate,4,16004,1,86,11,22d80af3dce5342b66c414ffc4644d6df6b0c067f9aeb5cfa6d50356235ac20a
dp_best,6,pick_up_the_black_bowl_on_the_cookie_box_and_place_it_on_the_plate,5,16005,1,104,13,22d80af3dce5342b66c414ffc4644d6df6b0c067f9aeb5cfa6d50356235ac20a
dp_best,6,pick_up_the_black_bowl_on_the_cookie_box_and_place_it_on_the_plate,6,16006,1,89,12,22d80af3dce5342b66c414ffc4644d6df6b0c067f9aeb5cfa6d50356235ac20a
dp_best,6,pick_up_the_black_bowl_on_the_cookie_box_and_place_it_on_the_plate,7,16007,1,93,12,22d80af3dce5342b66c414ffc4644d6df6b0c067f9aeb5cfa6d50356235ac20a
dp_best,6,pick_up_the_black_bowl_on_the_cookie_box_and_place_it_on_the_plate,9,16009,1,93,12,22d80af3dce5342b66c414ffc4644d6df6b0c067f9aeb5cfa6d50356235ac20a
dp_best,6,pick_up_the_black_bowl_on_the_cookie_box_and_place_it_on_the_plate,8,16008,1,96,12,22d80af3dce5342b66c414ffc4644d6df6b0c067f9aeb5cfa6d50356235ac20a
dp_best,6,pick_up_the_black_bowl_on_the_cookie_box_and_place_it_on_the_plate,10,16010,1,91,12,22d80af3dce5342b66c414ffc4644d6df6b0c067f9aeb5cfa6d50356235ac20a
dp_best,6,pick_up_the_black_bowl_on_the_cookie_box_and_place_it_on_the_plate,11,16011,1,92,12,22d80af3dce5342b66c414ffc4644d6df6b0c067f9aeb5cfa6d50356235ac20a
dp_best,6,pick_up_the_black_bowl_on_the_cookie_box_and_place_it_on_the_plate,12,16012,1,93,12,22d80af3dce5342b66c414ffc4644d6df6b0c067f9aeb5cfa6d50356235ac20a
dp_best,6,pick_up_the_black_bowl_on_the_cookie_box_and_place_it_on_the_plate,13,16013,1,96,12,22d80af3dce5342b66c414ffc4644d6df6b0c067f9aeb5cfa6d50356235ac20a
dp_best,6,pick_up_the_black_bowl_on_the_cookie_box_and_place_it_on_the_plate,14,16014,1,100,13,22d80af3dce5342b66c414ffc4644d6df6b0c067f9aeb5cfa6d50356235ac20a
dp_best,6,pick_up_the_black_bowl_on_the_cookie_box_and_place_it_on_the_plate,15,16015,1,91,12,22d80af3dce5342b66c414ffc4644d6df6b0c067f9aeb5cfa6d50356235ac20a
dp_best,6,pick_up_the_black_bowl_on_the_cookie_box_and_place_it_on_the_plate,16,16016,1,101,13,22d80af3dce5342b66c414ffc4644d6df6b0c067f9aeb5cfa6d50356235ac20a
dp_best,6,pick_up_the_black_bowl_on_the_cookie_box_and_place_it_on_the_plate,17,16017,1,97,13,22d80af3dce5342b66c414ffc4644d6df6b0c067f9aeb5cfa6d50356235ac20a
dp_best,4,pick_up_the_black_bowl_next_to_the_plate_and_place_it_on_the_plate,43,14043,0,600,75,22d80af3dce5342b66c414ffc4644d6df6b0c067f9aeb5cfa6d50356235ac20a
dp_best,6,pick_up_the_black_bowl_on_the_cookie_box_and_place_it_on_the_plate,18,16018,1,93,12,22d80af3dce5342b66c414ffc4644d6df6b0c067f9aeb5cfa6d50356235ac20a
dp_best,4,pick_up_the_black_bowl_next_to_the_plate_and_place_it_on_the_plate,44,14044,0,600,75,22d80af3dce5342b66c414ffc4644d6df6b0c067f9aeb5cfa6d50356235ac20a
dp_best,6,pick_up_the_black_bowl_on_the_cookie_box_and_place_it_on_the_plate,19,16019,1,105,14,22d80af3dce5342b66c414ffc4644d6df6b0c067f9aeb5cfa6d50356235ac20a
dp_best,6,pick_up_the_black_bowl_on_the_cookie_box_and_place_it_on_the_plate,20,16020,1,101,13,22d80af3dce5342b66c414ffc4644d6df6b0c067f9aeb5cfa6d50356235ac20a
dp_best,4,pick_up_the_black_bowl_next_to_the_plate_and_place_it_on_the_plate,47,14047,0,600,75,22d80af3dce5342b66c414ffc4644d6df6b0c067f9aeb5cfa6d50356235ac20a
dp_best,6,pick_up_the_black_bowl_on_the_cookie_box_and_place_it_on_the_plate,22,16022,1,105,14,22d80af3dce5342b66c414ffc4644d6df6b0c067f9aeb5cfa6d50356235ac20a
dp_best,6,pick_up_the_black_bowl_on_the_cookie_box_and_place_it_on_the_plate,23,16023,1,99,13,22d80af3dce5342b66c414ffc4644d6df6b0c067f9aeb5cfa6d50356235ac20a
dp_best,6,pick_up_the_black_bowl_on_the_cookie_box_and_place_it_on_the_plate,26,16026,1,86,11,22d80af3dce5342b66c414ffc4644d6df6b0c067f9aeb5cfa6d50356235ac20a
dp_best,6,pick_up_the_black_bowl_on_the_cookie_box_and_place_it_on_the_plate,25,16025,1,96,12,22d80af3dce5342b66c414ffc4644d6df6b0c067f9aeb5cfa6d50356235ac20a
dp_best,6,pick_up_the_black_bowl_on_the_cookie_box_and_place_it_on_the_plate,27,16027,1,83,11,22d80af3dce5342b66c414ffc4644d6df6b0c067f9aeb5cfa6d50356235ac20a
dp_best,6,pick_up_the_black_bowl_on_the_cookie_box_and_place_it_on_the_plate,24,16024,1,115,15,22d80af3dce5342b66c414ffc4644d6df6b0c067f9aeb5cfa6d50356235ac20a
dp_best,6,pick_up_the_black_bowl_on_the_cookie_box_and_place_it_on_the_plate,28,16028,1,95,12,22d80af3dce5342b66c414ffc4644d6df6b0c067f9aeb5cfa6d50356235ac20a
dp_best,6,pick_up_the_black_bowl_on_the_cookie_box_and_place_it_on_the_plate,29,16029,1,85,11,22d80af3dce5342b66c414ffc4644d6df6b0c067f9aeb5cfa6d50356235ac20a
dp_best,6,pick_up_the_black_bowl_on_the_cookie_box_and_place_it_on_the_plate,31,16031,1,91,12,22d80af3dce5342b66c414ffc4644d6df6b0c067f9aeb5cfa6d50356235ac20a
dp_best,6,pick_up_the_black_bowl_on_the_cookie_box_and_place_it_on_the_plate,30,16030,1,102,13,22d80af3dce5342b66c414ffc4644d6df6b0c067f9aeb5cfa6d50356235ac20a
dp_best,6,pick_up_the_black_bowl_on_the_cookie_box_and_place_it_on_the_plate,32,16032,1,96,12,22d80af3dce5342b66c414ffc4644d6df6b0c067f9aeb5cfa6d50356235ac20a
dp_best,6,pick_up_the_black_bowl_on_the_cookie_box_and_place_it_on_the_plate,33,16033,1,99,13,22d80af3dce5342b66c414ffc4644d6df6b0c067f9aeb5cfa6d50356235ac20a
dp_best,6,pick_up_the_black_bowl_on_the_cookie_box_and_place_it_on_the_plate,34,16034,1,101,13,22d80af3dce5342b66c414ffc4644d6df6b0c067f9aeb5cfa6d50356235ac20a
dp_best,6,pick_up_the_black_bowl_on_the_cookie_box_and_place_it_on_the_plate,35,16035,1,87,11,22d80af3dce5342b66c414ffc4644d6df6b0c067f9aeb5cfa6d50356235ac20a
dp_best,6,pick_up_the_black_bowl_on_the_cookie_box_and_place_it_on_the_plate,36,16036,1,100,13,22d80af3dce5342b66c414ffc4644d6df6b0c067f9aeb5cfa6d50356235ac20a
dp_best,6,pick_up_the_black_bowl_on_the_cookie_box_and_place_it_on_the_plate,37,16037,1,96,12,22d80af3dce5342b66c414ffc4644d6df6b0c067f9aeb5cfa6d50356235ac20a
dp_best,6,pick_up_the_black_bowl_on_the_cookie_box_and_place_it_on_the_plate,39,16039,1,97,13,22d80af3dce5342b66c414ffc4644d6df6b0c067f9aeb5cfa6d50356235ac20a
dp_best,6,pick_up_the_black_bowl_on_the_cookie_box_and_place_it_on_the_plate,40,16040,1,97,13,22d80af3dce5342b66c414ffc4644d6df6b0c067f9aeb5cfa6d50356235ac20a
dp_best,6,pick_up_the_black_bowl_on_the_cookie_box_and_place_it_on_the_plate,41,16041,1,93,12,22d80af3dce5342b66c414ffc4644d6df6b0c067f9aeb5cfa6d50356235ac20a
dp_best,6,pick_up_the_black_bowl_on_the_cookie_box_and_place_it_on_the_plate,42,16042,1,99,13,22d80af3dce5342b66c414ffc4644d6df6b0c067f9aeb5cfa6d50356235ac20a
dp_best,6,pick_up_the_black_bowl_on_the_cookie_box_and_place_it_on_the_plate,43,16043,1,90,12,22d80af3dce5342b66c414ffc4644d6df6b0c067f9aeb5cfa6d50356235ac20a
dp_best,6,pick_up_the_black_bowl_on_the_cookie_box_and_place_it_on_the_plate,46,16046,1,96,12,22d80af3dce5342b66c414ffc4644d6df6b0c067f9aeb5cfa6d50356235ac20a
dp_best,6,pick_up_the_black_bowl_on_the_cookie_box_and_place_it_on_the_plate,45,16045,1,100,13,22d80af3dce5342b66c414ffc4644d6df6b0c067f9aeb5cfa6d50356235ac20a
dp_best,6,pick_up_the_black_bowl_on_the_cookie_box_and_place_it_on_the_plate,44,16044,1,116,15,22d80af3dce5342b66c414ffc4644d6df6b0c067f9aeb5cfa6d50356235ac20a
dp_best,6,pick_up_the_black_bowl_on_the_cookie_box_and_place_it_on_the_plate,47,16047,1,103,13,22d80af3dce5342b66c414ffc4644d6df6b0c067f9aeb5cfa6d50356235ac20a
dp_best,6,pick_up_the_black_bowl_on_the_cookie_box_and_place_it_on_the_plate,48,16048,1,85,11,22d80af3dce5342b66c414ffc4644d6df6b0c067f9aeb5cfa6d50356235ac20a
dp_best,6,pick_up_the_black_bowl_on_the_cookie_box_and_place_it_on_the_plate,49,16049,1,89,12,22d80af3dce5342b66c414ffc4644d6df6b0c067f9aeb5cfa6d50356235ac20a
dp_best,8,pick_up_the_black_bowl_on_the_stove_and_place_it_on_the_plate,2,18002,1,118,15,22d80af3dce5342b66c414ffc4644d6df6b0c067f9aeb5cfa6d50356235ac20a
dp_best,8,pick_up_the_black_bowl_on_the_stove_and_place_it_on_the_plate,0,18000,1,127,16,22d80af3dce5342b66c414ffc4644d6df6b0c067f9aeb5cfa6d50356235ac20a
dp_best,6,pick_up_the_black_bowl_on_the_cookie_box_and_place_it_on_the_plate,21,16021,0,600,75,22d80af3dce5342b66c414ffc4644d6df6b0c067f9aeb5cfa6d50356235ac20a
dp_best,8,pick_up_the_black_bowl_on_the_stove_and_place_it_on_the_plate,1,18001,1,189,24,22d80af3dce5342b66c414ffc4644d6df6b0c067f9aeb5cfa6d50356235ac20a
dp_best,8,pick_up_the_black_bowl_on_the_stove_and_place_it_on_the_plate,6,18006,1,118,15,22d80af3dce5342b66c414ffc4644d6df6b0c067f9aeb5cfa6d50356235ac20a
dp_best,8,pick_up_the_black_bowl_on_the_stove_and_place_it_on_the_plate,3,18003,1,237,30,22d80af3dce5342b66c414ffc4644d6df6b0c067f9aeb5cfa6d50356235ac20a
dp_best,8,pick_up_the_black_bowl_on_the_stove_and_place_it_on_the_plate,7,18007,1,133,17,22d80af3dce5342b66c414ffc4644d6df6b0c067f9aeb5cfa6d50356235ac20a
dp_best,8,pick_up_the_black_bowl_on_the_stove_and_place_it_on_the_plate,8,18008,1,132,17,22d80af3dce5342b66c414ffc4644d6df6b0c067f9aeb5cfa6d50356235ac20a
dp_best,8,pick_up_the_black_bowl_on_the_stove_and_place_it_on_the_plate,9,18009,1,151,19,22d80af3dce5342b66c414ffc4644d6df6b0c067f9aeb5cfa6d50356235ac20a
dp_best,8,pick_up_the_black_bowl_on_the_stove_and_place_it_on_the_plate,12,18012,1,130,17,22d80af3dce5342b66c414ffc4644d6df6b0c067f9aeb5cfa6d50356235ac20a
dp_best,6,pick_up_the_black_bowl_on_the_cookie_box_and_place_it_on_the_plate,38,16038,0,600,75,22d80af3dce5342b66c414ffc4644d6df6b0c067f9aeb5cfa6d50356235ac20a
dp_best,8,pick_up_the_black_bowl_on_the_stove_and_place_it_on_the_plate,13,18013,1,141,18,22d80af3dce5342b66c414ffc4644d6df6b0c067f9aeb5cfa6d50356235ac20a
dp_best,8,pick_up_the_black_bowl_on_the_stove_and_place_it_on_the_plate,10,18010,1,182,23,22d80af3dce5342b66c414ffc4644d6df6b0c067f9aeb5cfa6d50356235ac20a
dp_best,8,pick_up_the_black_bowl_on_the_stove_and_place_it_on_the_plate,14,18014,1,168,21,22d80af3dce5342b66c414ffc4644d6df6b0c067f9aeb5cfa6d50356235ac20a
dp_best,8,pick_up_the_black_bowl_on_the_stove_and_place_it_on_the_plate,18,18018,1,121,16,22d80af3dce5342b66c414ffc4644d6df6b0c067f9aeb5cfa6d50356235ac20a
dp_best,8,pick_up_the_black_bowl_on_the_stove_and_place_it_on_the_plate,16,18016,1,151,19,22d80af3dce5342b66c414ffc4644d6df6b0c067f9aeb5cfa6d50356235ac20a
dp_best,8,pick_up_the_black_bowl_on_the_stove_and_place_it_on_the_plate,17,18017,1,151,19,22d80af3dce5342b66c414ffc4644d6df6b0c067f9aeb5cfa6d50356235ac20a
dp_best,8,pick_up_the_black_bowl_on_the_stove_and_place_it_on_the_plate,4,18004,0,600,75,22d80af3dce5342b66c414ffc4644d6df6b0c067f9aeb5cfa6d50356235ac20a
dp_best,8,pick_up_the_black_bowl_on_the_stove_and_place_it_on_the_plate,5,18005,0,600,75,22d80af3dce5342b66c414ffc4644d6df6b0c067f9aeb5cfa6d50356235ac20a
dp_best,8,pick_up_the_black_bowl_on_the_stove_and_place_it_on_the_plate,21,18021,1,140,18,22d80af3dce5342b66c414ffc4644d6df6b0c067f9aeb5cfa6d50356235ac20a
dp_best,8,pick_up_the_black_bowl_on_the_stove_and_place_it_on_the_plate,20,18020,1,157,20,22d80af3dce5342b66c414ffc4644d6df6b0c067f9aeb5cfa6d50356235ac20a
dp_best,8,pick_up_the_black_bowl_on_the_stove_and_place_it_on_the_plate,24,18024,1,150,19,22d80af3dce5342b66c414ffc4644d6df6b0c067f9aeb5cfa6d50356235ac20a
dp_best,8,pick_up_the_black_bowl_on_the_stove_and_place_it_on_the_plate,19,18019,1,316,40,22d80af3dce5342b66c414ffc4644d6df6b0c067f9aeb5cfa6d50356235ac20a
dp_best,8,pick_up_the_black_bowl_on_the_stove_and_place_it_on_the_plate,11,18011,0,600,75,22d80af3dce5342b66c414ffc4644d6df6b0c067f9aeb5cfa6d50356235ac20a
dp_best,8,pick_up_the_black_bowl_on_the_stove_and_place_it_on_the_plate,26,18026,1,150,19,22d80af3dce5342b66c414ffc4644d6df6b0c067f9aeb5cfa6d50356235ac20a
dp_best,8,pick_up_the_black_bowl_on_the_stove_and_place_it_on_the_plate,25,18025,1,179,23,22d80af3dce5342b66c414ffc4644d6df6b0c067f9aeb5cfa6d50356235ac20a
dp_best,8,pick_up_the_black_bowl_on_the_stove_and_place_it_on_the_plate,27,18027,1,160,20,22d80af3dce5342b66c414ffc4644d6df6b0c067f9aeb5cfa6d50356235ac20a
dp_best,8,pick_up_the_black_bowl_on_the_stove_and_place_it_on_the_plate,30,18030,1,120,15,22d80af3dce5342b66c414ffc4644d6df6b0c067f9aeb5cfa6d50356235ac20a
dp_best,8,pick_up_the_black_bowl_on_the_stove_and_place_it_on_the_plate,29,18029,1,138,18,22d80af3dce5342b66c414ffc4644d6df6b0c067f9aeb5cfa6d50356235ac20a
dp_best,8,pick_up_the_black_bowl_on_the_stove_and_place_it_on_the_plate,15,18015,0,600,75,22d80af3dce5342b66c414ffc4644d6df6b0c067f9aeb5cfa6d50356235ac20a
dp_best,8,pick_up_the_black_bowl_on_the_stove_and_place_it_on_the_plate,31,18031,1,137,18,22d80af3dce5342b66c414ffc4644d6df6b0c067f9aeb5cfa6d50356235ac20a
dp_best,8,pick_up_the_black_bowl_on_the_stove_and_place_it_on_the_plate,23,18023,1,494,62,22d80af3dce5342b66c414ffc4644d6df6b0c067f9aeb5cfa6d50356235ac20a
dp_best,8,pick_up_the_black_bowl_on_the_stove_and_place_it_on_the_plate,33,18033,1,143,18,22d80af3dce5342b66c414ffc4644d6df6b0c067f9aeb5cfa6d50356235ac20a
dp_best,8,pick_up_the_black_bowl_on_the_stove_and_place_it_on_the_plate,32,18032,1,185,24,22d80af3dce5342b66c414ffc4644d6df6b0c067f9aeb5cfa6d50356235ac20a
dp_best,8,pick_up_the_black_bowl_on_the_stove_and_place_it_on_the_plate,35,18035,1,139,18,22d80af3dce5342b66c414ffc4644d6df6b0c067f9aeb5cfa6d50356235ac20a
dp_best,8,pick_up_the_black_bowl_on_the_stove_and_place_it_on_the_plate,34,18034,1,159,20,22d80af3dce5342b66c414ffc4644d6df6b0c067f9aeb5cfa6d50356235ac20a
dp_best,8,pick_up_the_black_bowl_on_the_stove_and_place_it_on_the_plate,22,18022,0,600,75,22d80af3dce5342b66c414ffc4644d6df6b0c067f9aeb5cfa6d50356235ac20a
dp_best,8,pick_up_the_black_bowl_on_the_stove_and_place_it_on_the_plate,39,18039,1,139,18,22d80af3dce5342b66c414ffc4644d6df6b0c067f9aeb5cfa6d50356235ac20a
dp_best,8,pick_up_the_black_bowl_on_the_stove_and_place_it_on_the_plate,41,18041,1,128,16,22d80af3dce5342b66c414ffc4644d6df6b0c067f9aeb5cfa6d50356235ac20a
dp_best,8,pick_up_the_black_bowl_on_the_stove_and_place_it_on_the_plate,38,18038,1,156,20,22d80af3dce5342b66c414ffc4644d6df6b0c067f9aeb5cfa6d50356235ac20a
dp_best,8,pick_up_the_black_bowl_on_the_stove_and_place_it_on_the_plate,40,18040,1,147,19,22d80af3dce5342b66c414ffc4644d6df6b0c067f9aeb5cfa6d50356235ac20a
dp_best,8,pick_up_the_black_bowl_on_the_stove_and_place_it_on_the_plate,37,18037,1,170,22,22d80af3dce5342b66c414ffc4644d6df6b0c067f9aeb5cfa6d50356235ac20a
dp_best,8,pick_up_the_black_bowl_on_the_stove_and_place_it_on_the_plate,42,18042,1,143,18,22d80af3dce5342b66c414ffc4644d6df6b0c067f9aeb5cfa6d50356235ac20a
dp_best,8,pick_up_the_black_bowl_on_the_stove_and_place_it_on_the_plate,43,18043,1,131,17,22d80af3dce5342b66c414ffc4644d6df6b0c067f9aeb5cfa6d50356235ac20a
dp_best,8,pick_up_the_black_bowl_on_the_stove_and_place_it_on_the_plate,45,18045,1,128,16,22d80af3dce5342b66c414ffc4644d6df6b0c067f9aeb5cfa6d50356235ac20a
dp_best,8,pick_up_the_black_bowl_on_the_stove_and_place_it_on_the_plate,28,18028,0,600,75,22d80af3dce5342b66c414ffc4644d6df6b0c067f9aeb5cfa6d50356235ac20a
dp_best,8,pick_up_the_black_bowl_on_the_stove_and_place_it_on_the_plate,47,18047,1,138,18,22d80af3dce5342b66c414ffc4644d6df6b0c067f9aeb5cfa6d50356235ac20a
dp_best,8,pick_up_the_black_bowl_on_the_stove_and_place_it_on_the_plate,48,18048,1,132,17,22d80af3dce5342b66c414ffc4644d6df6b0c067f9aeb5cfa6d50356235ac20a
dp_best,8,pick_up_the_black_bowl_on_the_stove_and_place_it_on_the_plate,46,18046,1,175,22,22d80af3dce5342b66c414ffc4644d6df6b0c067f9aeb5cfa6d50356235ac20a
dp_best,8,pick_up_the_black_bowl_on_the_stove_and_place_it_on_the_plate,36,18036,0,600,75,22d80af3dce5342b66c414ffc4644d6df6b0c067f9aeb5cfa6d50356235ac20a
dp_best,8,pick_up_the_black_bowl_on_the_stove_and_place_it_on_the_plate,44,18044,0,600,75,22d80af3dce5342b66c414ffc4644d6df6b0c067f9aeb5cfa6d50356235ac20a
dp_best,8,pick_up_the_black_bowl_on_the_stove_and_place_it_on_the_plate,49,18049,0,600,75,22d80af3dce5342b66c414ffc4644d6df6b0c067f9aeb5cfa6d50356235ac20a
dp_best,1,pick_up_the_black_bowl_from_table_center_and_place_it_on_the_plate,2,11002,1,99,13,22d80af3dce5342b66c414ffc4644d6df6b0c067f9aeb5cfa6d50356235ac20a
dp_best,1,pick_up_the_black_bowl_from_table_center_and_place_it_on_the_plate,1,11001,1,106,14,22d80af3dce5342b66c414ffc4644d6df6b0c067f9aeb5cfa6d50356235ac20a
dp_best,1,pick_up_the_black_bowl_from_table_center_and_place_it_on_the_plate,6,11006,1,107,14,22d80af3dce5342b66c414ffc4644d6df6b0c067f9aeb5cfa6d50356235ac20a
dp_best,1,pick_up_the_black_bowl_from_table_center_and_place_it_on_the_plate,3,11003,1,108,14,22d80af3dce5342b66c414ffc4644d6df6b0c067f9aeb5cfa6d50356235ac20a
dp_best,1,pick_up_the_black_bowl_from_table_center_and_place_it_on_the_plate,4,11004,1,108,14,22d80af3dce5342b66c414ffc4644d6df6b0c067f9aeb5cfa6d50356235ac20a
dp_best,1,pick_up_the_black_bowl_from_table_center_and_place_it_on_the_plate,0,11000,1,119,15,22d80af3dce5342b66c414ffc4644d6df6b0c067f9aeb5cfa6d50356235ac20a
dp_best,1,pick_up_the_black_bowl_from_table_center_and_place_it_on_the_plate,7,11007,1,133,17,22d80af3dce5342b66c414ffc4644d6df6b0c067f9aeb5cfa6d50356235ac20a
dp_best,1,pick_up_the_black_bowl_from_table_center_and_place_it_on_the_plate,8,11008,1,106,14,22d80af3dce5342b66c414ffc4644d6df6b0c067f9aeb5cfa6d50356235ac20a
dp_best,1,pick_up_the_black_bowl_from_table_center_and_place_it_on_the_plate,12,11012,1,105,14,22d80af3dce5342b66c414ffc4644d6df6b0c067f9aeb5cfa6d50356235ac20a
dp_best,1,pick_up_the_black_bowl_from_table_center_and_place_it_on_the_plate,11,11011,1,110,14,22d80af3dce5342b66c414ffc4644d6df6b0c067f9aeb5cfa6d50356235ac20a
dp_best,1,pick_up_the_black_bowl_from_table_center_and_place_it_on_the_plate,9,11009,1,118,15,22d80af3dce5342b66c414ffc4644d6df6b0c067f9aeb5cfa6d50356235ac20a
dp_best,1,pick_up_the_black_bowl_from_table_center_and_place_it_on_the_plate,13,11013,1,121,16,22d80af3dce5342b66c414ffc4644d6df6b0c067f9aeb5cfa6d50356235ac20a
dp_best,1,pick_up_the_black_bowl_from_table_center_and_place_it_on_the_plate,10,11010,1,148,19,22d80af3dce5342b66c414ffc4644d6df6b0c067f9aeb5cfa6d50356235ac20a
dp_best,1,pick_up_the_black_bowl_from_table_center_and_place_it_on_the_plate,14,11014,1,129,17,22d80af3dce5342b66c414ffc4644d6df6b0c067f9aeb5cfa6d50356235ac20a
dp_best,1,pick_up_the_black_bowl_from_table_center_and_place_it_on_the_plate,16,11016,1,95,12,22d80af3dce5342b66c414ffc4644d6df6b0c067f9aeb5cfa6d50356235ac20a
dp_best,1,pick_up_the_black_bowl_from_table_center_and_place_it_on_the_plate,15,11015,1,109,14,22d80af3dce5342b66c414ffc4644d6df6b0c067f9aeb5cfa6d50356235ac20a
dp_best,1,pick_up_the_black_bowl_from_table_center_and_place_it_on_the_plate,17,11017,1,113,15,22d80af3dce5342b66c414ffc4644d6df6b0c067f9aeb5cfa6d50356235ac20a
dp_best,1,pick_up_the_black_bowl_from_table_center_and_place_it_on_the_plate,18,11018,1,111,14,22d80af3dce5342b66c414ffc4644d6df6b0c067f9aeb5cfa6d50356235ac20a
dp_best,1,pick_up_the_black_bowl_from_table_center_and_place_it_on_the_plate,21,11021,1,103,13,22d80af3dce5342b66c414ffc4644d6df6b0c067f9aeb5cfa6d50356235ac20a
dp_best,1,pick_up_the_black_bowl_from_table_center_and_place_it_on_the_plate,20,11020,1,135,17,22d80af3dce5342b66c414ffc4644d6df6b0c067f9aeb5cfa6d50356235ac20a
dp_best,1,pick_up_the_black_bowl_from_table_center_and_place_it_on_the_plate,23,11023,1,119,15,22d80af3dce5342b66c414ffc4644d6df6b0c067f9aeb5cfa6d50356235ac20a
dp_best,1,pick_up_the_black_bowl_from_table_center_and_place_it_on_the_plate,25,11025,1,101,13,22d80af3dce5342b66c414ffc4644d6df6b0c067f9aeb5cfa6d50356235ac20a
dp_best,1,pick_up_the_black_bowl_from_table_center_and_place_it_on_the_plate,24,11024,1,110,14,22d80af3dce5342b66c414ffc4644d6df6b0c067f9aeb5cfa6d50356235ac20a
dp_best,1,pick_up_the_black_bowl_from_table_center_and_place_it_on_the_plate,27,11027,1,115,15,22d80af3dce5342b66c414ffc4644d6df6b0c067f9aeb5cfa6d50356235ac20a
dp_best,1,pick_up_the_black_bowl_from_table_center_and_place_it_on_the_plate,30,11030,1,103,13,22d80af3dce5342b66c414ffc4644d6df6b0c067f9aeb5cfa6d50356235ac20a
dp_best,1,pick_up_the_black_bowl_from_table_center_and_place_it_on_the_plate,5,11005,0,600,75,22d80af3dce5342b66c414ffc4644d6df6b0c067f9aeb5cfa6d50356235ac20a
dp_best,1,pick_up_the_black_bowl_from_table_center_and_place_it_on_the_plate,31,11031,1,110,14,22d80af3dce5342b66c414ffc4644d6df6b0c067f9aeb5cfa6d50356235ac20a
dp_best,1,pick_up_the_black_bowl_from_table_center_and_place_it_on_the_plate,22,11022,1,414,52,22d80af3dce5342b66c414ffc4644d6df6b0c067f9aeb5cfa6d50356235ac20a
dp_best,1,pick_up_the_black_bowl_from_table_center_and_place_it_on_the_plate,29,11029,1,293,37,22d80af3dce5342b66c414ffc4644d6df6b0c067f9aeb5cfa6d50356235ac20a
dp_best,1,pick_up_the_black_bowl_from_table_center_and_place_it_on_the_plate,34,11034,1,142,18,22d80af3dce5342b66c414ffc4644d6df6b0c067f9aeb5cfa6d50356235ac20a
dp_best,1,pick_up_the_black_bowl_from_table_center_and_place_it_on_the_plate,32,11032,1,215,27,22d80af3dce5342b66c414ffc4644d6df6b0c067f9aeb5cfa6d50356235ac20a
dp_best,1,pick_up_the_black_bowl_from_table_center_and_place_it_on_the_plate,35,11035,1,110,14,22d80af3dce5342b66c414ffc4644d6df6b0c067f9aeb5cfa6d50356235ac20a
dp_best,1,pick_up_the_black_bowl_from_table_center_and_place_it_on_the_plate,19,11019,0,600,75,22d80af3dce5342b66c414ffc4644d6df6b0c067f9aeb5cfa6d50356235ac20a
dp_best,1,pick_up_the_black_bowl_from_table_center_and_place_it_on_the_plate,36,11036,1,108,14,22d80af3dce5342b66c414ffc4644d6df6b0c067f9aeb5cfa6d50356235ac20a
dp_best,1,pick_up_the_black_bowl_from_table_center_and_place_it_on_the_plate,37,11037,1,144,18,22d80af3dce5342b66c414ffc4644d6df6b0c067f9aeb5cfa6d50356235ac20a
dp_best,1,pick_up_the_black_bowl_from_table_center_and_place_it_on_the_plate,39,11039,1,109,14,22d80af3dce5342b66c414ffc4644d6df6b0c067f9aeb5cfa6d50356235ac20a
dp_best,1,pick_up_the_black_bowl_from_table_center_and_place_it_on_the_plate,40,11040,1,120,15,22d80af3dce5342b66c414ffc4644d6df6b0c067f9aeb5cfa6d50356235ac20a
dp_best,1,pick_up_the_black_bowl_from_table_center_and_place_it_on_the_plate,26,11026,0,600,75,22d80af3dce5342b66c414ffc4644d6df6b0c067f9aeb5cfa6d50356235ac20a
dp_best,1,pick_up_the_black_bowl_from_table_center_and_place_it_on_the_plate,41,11041,1,138,18,22d80af3dce5342b66c414ffc4644d6df6b0c067f9aeb5cfa6d50356235ac20a
dp_best,1,pick_up_the_black_bowl_from_table_center_and_place_it_on_the_plate,42,11042,1,111,14,22d80af3dce5342b66c414ffc4644d6df6b0c067f9aeb5cfa6d50356235ac20a
dp_best,1,pick_up_the_black_bowl_from_table_center_and_place_it_on_the_plate,28,11028,0,600,75,22d80af3dce5342b66c414ffc4644d6df6b0c067f9aeb5cfa6d50356235ac20a
dp_best,1,pick_up_the_black_bowl_from_table_center_and_place_it_on_the_plate,43,11043,1,110,14,22d80af3dce5342b66c414ffc4644d6df6b0c067f9aeb5cfa6d50356235ac20a
dp_best,1,pick_up_the_black_bowl_from_table_center_and_place_it_on_the_plate,44,11044,1,121,16,22d80af3dce5342b66c414ffc4644d6df6b0c067f9aeb5cfa6d50356235ac20a
dp_best,1,pick_up_the_black_bowl_from_table_center_and_place_it_on_the_plate,45,11045,1,119,15,22d80af3dce5342b66c414ffc4644d6df6b0c067f9aeb5cfa6d50356235ac20a
dp_best,1,pick_up_the_black_bowl_from_table_center_and_place_it_on_the_plate,46,11046,1,120,15,22d80af3dce5342b66c414ffc4644d6df6b0c067f9aeb5cfa6d50356235ac20a
dp_best,1,pick_up_the_black_bowl_from_table_center_and_place_it_on_the_plate,47,11047,1,112,14,22d80af3dce5342b66c414ffc4644d6df6b0c067f9aeb5cfa6d50356235ac20a
dp_best,1,pick_up_the_black_bowl_from_table_center_and_place_it_on_the_plate,48,11048,1,101,13,22d80af3dce5342b66c414ffc4644d6df6b0c067f9aeb5cfa6d50356235ac20a
dp_best,1,pick_up_the_black_bowl_from_table_center_and_place_it_on_the_plate,49,11049,1,112,14,22d80af3dce5342b66c414ffc4644d6df6b0c067f9aeb5cfa6d50356235ac20a
dp_best,3,pick_up_the_black_bowl_next_to_the_cookie_box_and_place_it_on_the_plate,1,13001,1,104,13,22d80af3dce5342b66c414ffc4644d6df6b0c067f9aeb5cfa6d50356235ac20a
dp_best,1,pick_up_the_black_bowl_from_table_center_and_place_it_on_the_plate,33,11033,0,600,75,22d80af3dce5342b66c414ffc4644d6df6b0c067f9aeb5cfa6d50356235ac20a
dp_best,3,pick_up_the_black_bowl_next_to_the_cookie_box_and_place_it_on_the_plate,0,13000,1,118,15,22d80af3dce5342b66c414ffc4644d6df6b0c067f9aeb5cfa6d50356235ac20a
dp_best,3,pick_up_the_black_bowl_next_to_the_cookie_box_and_place_it_on_the_plate,2,13002,1,112,14,22d80af3dce5342b66c414ffc4644d6df6b0c067f9aeb5cfa6d50356235ac20a
dp_best,3,pick_up_the_black_bowl_next_to_the_cookie_box_and_place_it_on_the_plate,3,13003,1,123,16,22d80af3dce5342b66c414ffc4644d6df6b0c067f9aeb5cfa6d50356235ac20a
dp_best,3,pick_up_the_black_bowl_next_to_the_cookie_box_and_place_it_on_the_plate,4,13004,1,131,17,22d80af3dce5342b66c414ffc4644d6df6b0c067f9aeb5cfa6d50356235ac20a
dp_best,3,pick_up_the_black_bowl_next_to_the_cookie_box_and_place_it_on_the_plate,7,13007,1,100,13,22d80af3dce5342b66c414ffc4644d6df6b0c067f9aeb5cfa6d50356235ac20a
dp_best,3,pick_up_the_black_bowl_next_to_the_cookie_box_and_place_it_on_the_plate,6,13006,1,120,15,22d80af3dce5342b66c414ffc4644d6df6b0c067f9aeb5cfa6d50356235ac20a
dp_best,3,pick_up_the_black_bowl_next_to_the_cookie_box_and_place_it_on_the_plate,8,13008,1,120,15,22d80af3dce5342b66c414ffc4644d6df6b0c067f9aeb5cfa6d50356235ac20a
dp_best,3,pick_up_the_black_bowl_next_to_the_cookie_box_and_place_it_on_the_plate,5,13005,1,180,23,22d80af3dce5342b66c414ffc4644d6df6b0c067f9aeb5cfa6d50356235ac20a
dp_best,1,pick_up_the_black_bowl_from_table_center_and_place_it_on_the_plate,38,11038,0,600,75,22d80af3dce5342b66c414ffc4644d6df6b0c067f9aeb5cfa6d50356235ac20a
dp_best,3,pick_up_the_black_bowl_next_to_the_cookie_box_and_place_it_on_the_plate,11,13011,1,127,16,22d80af3dce5342b66c414ffc4644d6df6b0c067f9aeb5cfa6d50356235ac20a
dp_best,3,pick_up_the_black_bowl_next_to_the_cookie_box_and_place_it_on_the_plate,13,13013,1,110,14,22d80af3dce5342b66c414ffc4644d6df6b0c067f9aeb5cfa6d50356235ac20a
dp_best,3,pick_up_the_black_bowl_next_to_the_cookie_box_and_place_it_on_the_plate,12,13012,1,149,19,22d80af3dce5342b66c414ffc4644d6df6b0c067f9aeb5cfa6d50356235ac20a
dp_best,3,pick_up_the_black_bowl_next_to_the_cookie_box_and_place_it_on_the_plate,14,13014,1,131,17,22d80af3dce5342b66c414ffc4644d6df6b0c067f9aeb5cfa6d50356235ac20a
dp_best,3,pick_up_the_black_bowl_next_to_the_cookie_box_and_place_it_on_the_plate,15,13015,1,123,16,22d80af3dce5342b66c414ffc4644d6df6b0c067f9aeb5cfa6d50356235ac20a
dp_best,3,pick_up_the_black_bowl_next_to_the_cookie_box_and_place_it_on_the_plate,16,13016,1,134,17,22d80af3dce5342b66c414ffc4644d6df6b0c067f9aeb5cfa6d50356235ac20a
dp_best,3,pick_up_the_black_bowl_next_to_the_cookie_box_and_place_it_on_the_plate,18,13018,1,118,15,22d80af3dce5342b66c414ffc4644d6df6b0c067f9aeb5cfa6d50356235ac20a
dp_best,3,pick_up_the_black_bowl_next_to_the_cookie_box_and_place_it_on_the_plate,19,13019,1,123,16,22d80af3dce5342b66c414ffc4644d6df6b0c067f9aeb5cfa6d50356235ac20a
dp_best,3,pick_up_the_black_bowl_next_to_the_cookie_box_and_place_it_on_the_plate,22,13022,1,121,16,22d80af3dce5342b66c414ffc4644d6df6b0c067f9aeb5cfa6d50356235ac20a
dp_best,3,pick_up_the_black_bowl_next_to_the_cookie_box_and_place_it_on_the_plate,23,13023,1,112,14,22d80af3dce5342b66c414ffc4644d6df6b0c067f9aeb5cfa6d50356235ac20a
dp_best,3,pick_up_the_black_bowl_next_to_the_cookie_box_and_place_it_on_the_plate,24,13024,1,133,17,22d80af3dce5342b66c414ffc4644d6df6b0c067f9aeb5cfa6d50356235ac20a
dp_best,3,pick_up_the_black_bowl_next_to_the_cookie_box_and_place_it_on_the_plate,25,13025,1,112,14,22d80af3dce5342b66c414ffc4644d6df6b0c067f9aeb5cfa6d50356235ac20a
dp_best,3,pick_up_the_black_bowl_next_to_the_cookie_box_and_place_it_on_the_plate,26,13026,1,117,15,22d80af3dce5342b66c414ffc4644d6df6b0c067f9aeb5cfa6d50356235ac20a
dp_best,3,pick_up_the_black_bowl_next_to_the_cookie_box_and_place_it_on_the_plate,9,13009,0,600,75,22d80af3dce5342b66c414ffc4644d6df6b0c067f9aeb5cfa6d50356235ac20a
dp_best,3,pick_up_the_black_bowl_next_to_the_cookie_box_and_place_it_on_the_plate,27,13027,1,105,14,22d80af3dce5342b66c414ffc4644d6df6b0c067f9aeb5cfa6d50356235ac20a
dp_best,3,pick_up_the_black_bowl_next_to_the_cookie_box_and_place_it_on_the_plate,28,13028,1,111,14,22d80af3dce5342b66c414ffc4644d6df6b0c067f9aeb5cfa6d50356235ac20a
dp_best,3,pick_up_the_black_bowl_next_to_the_cookie_box_and_place_it_on_the_plate,10,13010,0,600,75,22d80af3dce5342b66c414ffc4644d6df6b0c067f9aeb5cfa6d50356235ac20a
dp_best,3,pick_up_the_black_bowl_next_to_the_cookie_box_and_place_it_on_the_plate,30,13030,1,106,14,22d80af3dce5342b66c414ffc4644d6df6b0c067f9aeb5cfa6d50356235ac20a
dp_best,3,pick_up_the_black_bowl_next_to_the_cookie_box_and_place_it_on_the_plate,31,13031,1,120,15,22d80af3dce5342b66c414ffc4644d6df6b0c067f9aeb5cfa6d50356235ac20a
dp_best,3,pick_up_the_black_bowl_next_to_the_cookie_box_and_place_it_on_the_plate,32,13032,1,130,17,22d80af3dce5342b66c414ffc4644d6df6b0c067f9aeb5cfa6d50356235ac20a
dp_best,3,pick_up_the_black_bowl_next_to_the_cookie_box_and_place_it_on_the_plate,33,13033,1,131,17,22d80af3dce5342b66c414ffc4644d6df6b0c067f9aeb5cfa6d50356235ac20a
dp_best,3,pick_up_the_black_bowl_next_to_the_cookie_box_and_place_it_on_the_plate,17,13017,0,600,75,22d80af3dce5342b66c414ffc4644d6df6b0c067f9aeb5cfa6d50356235ac20a
dp_best,3,pick_up_the_black_bowl_next_to_the_cookie_box_and_place_it_on_the_plate,34,13034,1,117,15,22d80af3dce5342b66c414ffc4644d6df6b0c067f9aeb5cfa6d50356235ac20a
dp_best,3,pick_up_the_black_bowl_next_to_the_cookie_box_and_place_it_on_the_plate,20,13020,0,600,75,22d80af3dce5342b66c414ffc4644d6df6b0c067f9aeb5cfa6d50356235ac20a
dp_best,3,pick_up_the_black_bowl_next_to_the_cookie_box_and_place_it_on_the_plate,21,13021,0,600,75,22d80af3dce5342b66c414ffc4644d6df6b0c067f9aeb5cfa6d50356235ac20a
dp_best,3,pick_up_the_black_bowl_next_to_the_cookie_box_and_place_it_on_the_plate,36,13036,1,108,14,22d80af3dce5342b66c414ffc4644d6df6b0c067f9aeb5cfa6d50356235ac20a
dp_best,3,pick_up_the_black_bowl_next_to_the_cookie_box_and_place_it_on_the_plate,38,13038,1,110,14,22d80af3dce5342b66c414ffc4644d6df6b0c067f9aeb5cfa6d50356235ac20a
dp_best,3,pick_up_the_black_bowl_next_to_the_cookie_box_and_place_it_on_the_plate,37,13037,1,129,17,22d80af3dce5342b66c414ffc4644d6df6b0c067f9aeb5cfa6d50356235ac20a
dp_best,3,pick_up_the_black_bowl_next_to_the_cookie_box_and_place_it_on_the_plate,39,13039,1,111,14,22d80af3dce5342b66c414ffc4644d6df6b0c067f9aeb5cfa6d50356235ac20a
dp_best,3,pick_up_the_black_bowl_next_to_the_cookie_box_and_place_it_on_the_plate,40,13040,1,108,14,22d80af3dce5342b66c414ffc4644d6df6b0c067f9aeb5cfa6d50356235ac20a
dp_best,3,pick_up_the_black_bowl_next_to_the_cookie_box_and_place_it_on_the_plate,42,13042,1,108,14,22d80af3dce5342b66c414ffc4644d6df6b0c067f9aeb5cfa6d50356235ac20a
dp_best,3,pick_up_the_black_bowl_next_to_the_cookie_box_and_place_it_on_the_plate,41,13041,1,131,17,22d80af3dce5342b66c414ffc4644d6df6b0c067f9aeb5cfa6d50356235ac20a
dp_best,3,pick_up_the_black_bowl_next_to_the_cookie_box_and_place_it_on_the_plate,43,13043,1,119,15,22d80af3dce5342b66c414ffc4644d6df6b0c067f9aeb5cfa6d50356235ac20a
dp_best,3,pick_up_the_black_bowl_next_to_the_cookie_box_and_place_it_on_the_plate,44,13044,1,112,14,22d80af3dce5342b66c414ffc4644d6df6b0c067f9aeb5cfa6d50356235ac20a
dp_best,3,pick_up_the_black_bowl_next_to_the_cookie_box_and_place_it_on_the_plate,45,13045,1,110,14,22d80af3dce5342b66c414ffc4644d6df6b0c067f9aeb5cfa6d50356235ac20a
dp_best,3,pick_up_the_black_bowl_next_to_the_cookie_box_and_place_it_on_the_plate,46,13046,1,140,18,22d80af3dce5342b66c414ffc4644d6df6b0c067f9aeb5cfa6d50356235ac20a
dp_best,3,pick_up_the_black_bowl_next_to_the_cookie_box_and_place_it_on_the_plate,47,13047,1,116,15,22d80af3dce5342b66c414ffc4644d6df6b0c067f9aeb5cfa6d50356235ac20a
dp_best,3,pick_up_the_black_bowl_next_to_the_cookie_box_and_place_it_on_the_plate,48,13048,1,117,15,22d80af3dce5342b66c414ffc4644d6df6b0c067f9aeb5cfa6d50356235ac20a
dp_best,3,pick_up_the_black_bowl_next_to_the_cookie_box_and_place_it_on_the_plate,49,13049,1,113,15,22d80af3dce5342b66c414ffc4644d6df6b0c067f9aeb5cfa6d50356235ac20a
dp_best,5,pick_up_the_black_bowl_next_to_the_ramekin_and_place_it_on_the_plate,0,15000,1,138,18,22d80af3dce5342b66c414ffc4644d6df6b0c067f9aeb5cfa6d50356235ac20a
dp_best,3,pick_up_the_black_bowl_next_to_the_cookie_box_and_place_it_on_the_plate,29,13029,0,600,75,22d80af3dce5342b66c414ffc4644d6df6b0c067f9aeb5cfa6d50356235ac20a
dp_best,5,pick_up_the_black_bowl_next_to_the_ramekin_and_place_it_on_the_plate,1,15001,1,115,15,22d80af3dce5342b66c414ffc4644d6df6b0c067f9aeb5cfa6d50356235ac20a
dp_best,5,pick_up_the_black_bowl_next_to_the_ramekin_and_place_it_on_the_plate,2,15002,1,114,15,22d80af3dce5342b66c414ffc4644d6df6b0c067f9aeb5cfa6d50356235ac20a
dp_best,5,pick_up_the_black_bowl_next_to_the_ramekin_and_place_it_on_the_plate,3,15003,1,127,16,22d80af3dce5342b66c414ffc4644d6df6b0c067f9aeb5cfa6d50356235ac20a
dp_best,5,pick_up_the_black_bowl_next_to_the_ramekin_and_place_it_on_the_plate,4,15004,1,140,18,22d80af3dce5342b66c414ffc4644d6df6b0c067f9aeb5cfa6d50356235ac20a
dp_best,5,pick_up_the_black_bowl_next_to_the_ramekin_and_place_it_on_the_plate,7,15007,1,143,18,22d80af3dce5342b66c414ffc4644d6df6b0c067f9aeb5cfa6d50356235ac20a
dp_best,3,pick_up_the_black_bowl_next_to_the_cookie_box_and_place_it_on_the_plate,35,13035,0,600,75,22d80af3dce5342b66c414ffc4644d6df6b0c067f9aeb5cfa6d50356235ac20a
dp_best,5,pick_up_the_black_bowl_next_to_the_ramekin_and_place_it_on_the_plate,6,15006,1,175,22,22d80af3dce5342b66c414ffc4644d6df6b0c067f9aeb5cfa6d50356235ac20a
dp_best,5,pick_up_the_black_bowl_next_to_the_ramekin_and_place_it_on_the_plate,9,15009,1,128,16,22d80af3dce5342b66c414ffc4644d6df6b0c067f9aeb5cfa6d50356235ac20a
dp_best,5,pick_up_the_black_bowl_next_to_the_ramekin_and_place_it_on_the_plate,10,15010,1,135,17,22d80af3dce5342b66c414ffc4644d6df6b0c067f9aeb5cfa6d50356235ac20a
dp_best,5,pick_up_the_black_bowl_next_to_the_ramekin_and_place_it_on_the_plate,5,15005,1,252,32,22d80af3dce5342b66c414ffc4644d6df6b0c067f9aeb5cfa6d50356235ac20a
dp_best,5,pick_up_the_black_bowl_next_to_the_ramekin_and_place_it_on_the_plate,13,15013,1,105,14,22d80af3dce5342b66c414ffc4644d6df6b0c067f9aeb5cfa6d50356235ac20a
dp_best,5,pick_up_the_black_bowl_next_to_the_ramekin_and_place_it_on_the_plate,14,15014,1,111,14,22d80af3dce5342b66c414ffc4644d6df6b0c067f9aeb5cfa6d50356235ac20a
dp_best,5,pick_up_the_black_bowl_next_to_the_ramekin_and_place_it_on_the_plate,12,15012,1,158,20,22d80af3dce5342b66c414ffc4644d6df6b0c067f9aeb5cfa6d50356235ac20a
dp_best,5,pick_up_the_black_bowl_next_to_the_ramekin_and_place_it_on_the_plate,17,15017,1,108,14,22d80af3dce5342b66c414ffc4644d6df6b0c067f9aeb5cfa6d50356235ac20a
dp_best,5,pick_up_the_black_bowl_next_to_the_ramekin_and_place_it_on_the_plate,19,15019,1,122,16,22d80af3dce5342b66c414ffc4644d6df6b0c067f9aeb5cfa6d50356235ac20a
dp_best,5,pick_up_the_black_bowl_next_to_the_ramekin_and_place_it_on_the_plate,20,15020,1,140,18,22d80af3dce5342b66c414ffc4644d6df6b0c067f9aeb5cfa6d50356235ac20a
dp_best,5,pick_up_the_black_bowl_next_to_the_ramekin_and_place_it_on_the_plate,21,15021,1,124,16,22d80af3dce5342b66c414ffc4644d6df6b0c067f9aeb5cfa6d50356235ac20a
dp_best,5,pick_up_the_black_bowl_next_to_the_ramekin_and_place_it_on_the_plate,16,15016,1,278,35,22d80af3dce5342b66c414ffc4644d6df6b0c067f9aeb5cfa6d50356235ac20a
dp_best,5,pick_up_the_black_bowl_next_to_the_ramekin_and_place_it_on_the_plate,18,15018,1,215,27,22d80af3dce5342b66c414ffc4644d6df6b0c067f9aeb5cfa6d50356235ac20a
dp_best,5,pick_up_the_black_bowl_next_to_the_ramekin_and_place_it_on_the_plate,22,15022,1,115,15,22d80af3dce5342b66c414ffc4644d6df6b0c067f9aeb5cfa6d50356235ac20a
dp_best,5,pick_up_the_black_bowl_next_to_the_ramekin_and_place_it_on_the_plate,23,15023,1,123,16,22d80af3dce5342b66c414ffc4644d6df6b0c067f9aeb5cfa6d50356235ac20a
dp_best,5,pick_up_the_black_bowl_next_to_the_ramekin_and_place_it_on_the_plate,8,15008,0,600,75,22d80af3dce5342b66c414ffc4644d6df6b0c067f9aeb5cfa6d50356235ac20a
dp_best,5,pick_up_the_black_bowl_next_to_the_ramekin_and_place_it_on_the_plate,26,15026,1,146,19,22d80af3dce5342b66c414ffc4644d6df6b0c067f9aeb5cfa6d50356235ac20a
dp_best,5,pick_up_the_black_bowl_next_to_the_ramekin_and_place_it_on_the_plate,27,15027,1,109,14,22d80af3dce5342b66c414ffc4644d6df6b0c067f9aeb5cfa6d50356235ac20a
dp_best,5,pick_up_the_black_bowl_next_to_the_ramekin_and_place_it_on_the_plate,28,15028,1,113,15,22d80af3dce5342b66c414ffc4644d6df6b0c067f9aeb5cfa6d50356235ac20a
dp_best,5,pick_up_the_black_bowl_next_to_the_ramekin_and_place_it_on_the_plate,11,15011,0,600,75,22d80af3dce5342b66c414ffc4644d6df6b0c067f9aeb5cfa6d50356235ac20a
dp_best,5,pick_up_the_black_bowl_next_to_the_ramekin_and_place_it_on_the_plate,24,15024,1,281,36,22d80af3dce5342b66c414ffc4644d6df6b0c067f9aeb5cfa6d50356235ac20a
dp_best,5,pick_up_the_black_bowl_next_to_the_ramekin_and_place_it_on_the_plate,29,15029,1,133,17,22d80af3dce5342b66c414ffc4644d6df6b0c067f9aeb5cfa6d50356235ac20a
dp_best,5,pick_up_the_black_bowl_next_to_the_ramekin_and_place_it_on_the_plate,30,15030,1,119,15,22d80af3dce5342b66c414ffc4644d6df6b0c067f9aeb5cfa6d50356235ac20a
dp_best,5,pick_up_the_black_bowl_next_to_the_ramekin_and_place_it_on_the_plate,15,15015,0,600,75,22d80af3dce5342b66c414ffc4644d6df6b0c067f9aeb5cfa6d50356235ac20a
dp_best,5,pick_up_the_black_bowl_next_to_the_ramekin_and_place_it_on_the_plate,32,15032,1,126,16,22d80af3dce5342b66c414ffc4644d6df6b0c067f9aeb5cfa6d50356235ac20a
dp_best,5,pick_up_the_black_bowl_next_to_the_ramekin_and_place_it_on_the_plate,33,15033,1,125,16,22d80af3dce5342b66c414ffc4644d6df6b0c067f9aeb5cfa6d50356235ac20a
dp_best,5,pick_up_the_black_bowl_next_to_the_ramekin_and_place_it_on_the_plate,35,15035,1,117,15,22d80af3dce5342b66c414ffc4644d6df6b0c067f9aeb5cfa6d50356235ac20a
dp_best,5,pick_up_the_black_bowl_next_to_the_ramekin_and_place_it_on_the_plate,34,15034,1,124,16,22d80af3dce5342b66c414ffc4644d6df6b0c067f9aeb5cfa6d50356235ac20a
dp_best,5,pick_up_the_black_bowl_next_to_the_ramekin_and_place_it_on_the_plate,36,15036,1,115,15,22d80af3dce5342b66c414ffc4644d6df6b0c067f9aeb5cfa6d50356235ac20a
dp_best,5,pick_up_the_black_bowl_next_to_the_ramekin_and_place_it_on_the_plate,37,15037,1,121,16,22d80af3dce5342b66c414ffc4644d6df6b0c067f9aeb5cfa6d50356235ac20a
dp_best,5,pick_up_the_black_bowl_next_to_the_ramekin_and_place_it_on_the_plate,39,15039,1,131,17,22d80af3dce5342b66c414ffc4644d6df6b0c067f9aeb5cfa6d50356235ac20a
dp_best,5,pick_up_the_black_bowl_next_to_the_ramekin_and_place_it_on_the_plate,41,15041,1,112,14,22d80af3dce5342b66c414ffc4644d6df6b0c067f9aeb5cfa6d50356235ac20a
dp_best,5,pick_up_the_black_bowl_next_to_the_ramekin_and_place_it_on_the_plate,42,15042,1,125,16,22d80af3dce5342b66c414ffc4644d6df6b0c067f9aeb5cfa6d50356235ac20a
dp_best,5,pick_up_the_black_bowl_next_to_the_ramekin_and_place_it_on_the_plate,40,15040,1,141,18,22d80af3dce5342b66c414ffc4644d6df6b0c067f9aeb5cfa6d50356235ac20a
dp_best,5,pick_up_the_black_bowl_next_to_the_ramekin_and_place_it_on_the_plate,43,15043,1,138,18,22d80af3dce5342b66c414ffc4644d6df6b0c067f9aeb5cfa6d50356235ac20a
dp_best,5,pick_up_the_black_bowl_next_to_the_ramekin_and_place_it_on_the_plate,44,15044,1,123,16,22d80af3dce5342b66c414ffc4644d6df6b0c067f9aeb5cfa6d50356235ac20a
dp_best,5,pick_up_the_black_bowl_next_to_the_ramekin_and_place_it_on_the_plate,25,15025,0,600,75,22d80af3dce5342b66c414ffc4644d6df6b0c067f9aeb5cfa6d50356235ac20a
dp_best,5,pick_up_the_black_bowl_next_to_the_ramekin_and_place_it_on_the_plate,46,15046,1,112,14,22d80af3dce5342b66c414ffc4644d6df6b0c067f9aeb5cfa6d50356235ac20a
dp_best,5,pick_up_the_black_bowl_next_to_the_ramekin_and_place_it_on_the_plate,49,15049,1,126,16,22d80af3dce5342b66c414ffc4644d6df6b0c067f9aeb5cfa6d50356235ac20a
dp_best,5,pick_up_the_black_bowl_next_to_the_ramekin_and_place_it_on_the_plate,47,15047,1,206,26,22d80af3dce5342b66c414ffc4644d6df6b0c067f9aeb5cfa6d50356235ac20a
dp_best,5,pick_up_the_black_bowl_next_to_the_ramekin_and_place_it_on_the_plate,31,15031,0,600,75,22d80af3dce5342b66c414ffc4644d6df6b0c067f9aeb5cfa6d50356235ac20a
dp_best,5,pick_up_the_black_bowl_next_to_the_ramekin_and_place_it_on_the_plate,38,15038,0,600,75,22d80af3dce5342b66c414ffc4644d6df6b0c067f9aeb5cfa6d50356235ac20a
dp_best,5,pick_up_the_black_bowl_next_to_the_ramekin_and_place_it_on_the_plate,45,15045,0,600,75,22d80af3dce5342b66c414ffc4644d6df6b0c067f9aeb5cfa6d50356235ac20a
dp_best,5,pick_up_the_black_bowl_next_to_the_ramekin_and_place_it_on_the_plate,48,15048,0,600,75,22d80af3dce5342b66c414ffc4644d6df6b0c067f9aeb5cfa6d50356235ac20a
dp_best,7,pick_up_the_black_bowl_on_the_ramekin_and_place_it_on_the_plate,0,17000,0,600,75,22d80af3dce5342b66c414ffc4644d6df6b0c067f9aeb5cfa6d50356235ac20a
dp_best,7,pick_up_the_black_bowl_on_the_ramekin_and_place_it_on_the_plate,1,17001,0,600,75,22d80af3dce5342b66c414ffc4644d6df6b0c067f9aeb5cfa6d50356235ac20a
dp_best,7,pick_up_the_black_bowl_on_the_ramekin_and_place_it_on_the_plate,7,17007,1,120,15,22d80af3dce5342b66c414ffc4644d6df6b0c067f9aeb5cfa6d50356235ac20a
dp_best,7,pick_up_the_black_bowl_on_the_ramekin_and_place_it_on_the_plate,2,17002,0,600,75,22d80af3dce5342b66c414ffc4644d6df6b0c067f9aeb5cfa6d50356235ac20a
dp_best,7,pick_up_the_black_bowl_on_the_ramekin_and_place_it_on_the_plate,3,17003,0,600,75,22d80af3dce5342b66c414ffc4644d6df6b0c067f9aeb5cfa6d50356235ac20a
dp_best,7,pick_up_the_black_bowl_on_the_ramekin_and_place_it_on_the_plate,4,17004,0,600,75,22d80af3dce5342b66c414ffc4644d6df6b0c067f9aeb5cfa6d50356235ac20a
dp_best,7,pick_up_the_black_bowl_on_the_ramekin_and_place_it_on_the_plate,12,17012,1,94,12,22d80af3dce5342b66c414ffc4644d6df6b0c067f9aeb5cfa6d50356235ac20a
dp_best,7,pick_up_the_black_bowl_on_the_ramekin_and_place_it_on_the_plate,5,17005,0,600,75,22d80af3dce5342b66c414ffc4644d6df6b0c067f9aeb5cfa6d50356235ac20a
dp_best,7,pick_up_the_black_bowl_on_the_ramekin_and_place_it_on_the_plate,6,17006,0,600,75,22d80af3dce5342b66c414ffc4644d6df6b0c067f9aeb5cfa6d50356235ac20a
dp_best,7,pick_up_the_black_bowl_on_the_ramekin_and_place_it_on_the_plate,8,17008,0,600,75,22d80af3dce5342b66c414ffc4644d6df6b0c067f9aeb5cfa6d50356235ac20a
dp_best,7,pick_up_the_black_bowl_on_the_ramekin_and_place_it_on_the_plate,9,17009,0,600,75,22d80af3dce5342b66c414ffc4644d6df6b0c067f9aeb5cfa6d50356235ac20a
dp_best,7,pick_up_the_black_bowl_on_the_ramekin_and_place_it_on_the_plate,10,17010,0,600,75,22d80af3dce5342b66c414ffc4644d6df6b0c067f9aeb5cfa6d50356235ac20a
dp_best,7,pick_up_the_black_bowl_on_the_ramekin_and_place_it_on_the_plate,11,17011,0,600,75,22d80af3dce5342b66c414ffc4644d6df6b0c067f9aeb5cfa6d50356235ac20a
dp_best,7,pick_up_the_black_bowl_on_the_ramekin_and_place_it_on_the_plate,13,17013,0,600,75,22d80af3dce5342b66c414ffc4644d6df6b0c067f9aeb5cfa6d50356235ac20a
dp_best,7,pick_up_the_black_bowl_on_the_ramekin_and_place_it_on_the_plate,14,17014,0,600,75,22d80af3dce5342b66c414ffc4644d6df6b0c067f9aeb5cfa6d50356235ac20a
dp_best,7,pick_up_the_black_bowl_on_the_ramekin_and_place_it_on_the_plate,21,17021,1,167,21,22d80af3dce5342b66c414ffc4644d6df6b0c067f9aeb5cfa6d50356235ac20a
dp_best,7,pick_up_the_black_bowl_on_the_ramekin_and_place_it_on_the_plate,15,17015,0,600,75,22d80af3dce5342b66c414ffc4644d6df6b0c067f9aeb5cfa6d50356235ac20a
dp_best,7,pick_up_the_black_bowl_on_the_ramekin_and_place_it_on_the_plate,24,17024,1,123,16,22d80af3dce5342b66c414ffc4644d6df6b0c067f9aeb5cfa6d50356235ac20a
dp_best,7,pick_up_the_black_bowl_on_the_ramekin_and_place_it_on_the_plate,16,17016,0,600,75,22d80af3dce5342b66c414ffc4644d6df6b0c067f9aeb5cfa6d50356235ac20a
dp_best,7,pick_up_the_black_bowl_on_the_ramekin_and_place_it_on_the_plate,17,17017,0,600,75,22d80af3dce5342b66c414ffc4644d6df6b0c067f9aeb5cfa6d50356235ac20a
dp_best,7,pick_up_the_black_bowl_on_the_ramekin_and_place_it_on_the_plate,18,17018,0,600,75,22d80af3dce5342b66c414ffc4644d6df6b0c067f9aeb5cfa6d50356235ac20a
dp_best,7,pick_up_the_black_bowl_on_the_ramekin_and_place_it_on_the_plate,19,17019,0,600,75,22d80af3dce5342b66c414ffc4644d6df6b0c067f9aeb5cfa6d50356235ac20a
dp_best,7,pick_up_the_black_bowl_on_the_ramekin_and_place_it_on_the_plate,20,17020,0,600,75,22d80af3dce5342b66c414ffc4644d6df6b0c067f9aeb5cfa6d50356235ac20a
dp_best,7,pick_up_the_black_bowl_on_the_ramekin_and_place_it_on_the_plate,22,17022,0,600,75,22d80af3dce5342b66c414ffc4644d6df6b0c067f9aeb5cfa6d50356235ac20a
dp_best,7,pick_up_the_black_bowl_on_the_ramekin_and_place_it_on_the_plate,23,17023,0,600,75,22d80af3dce5342b66c414ffc4644d6df6b0c067f9aeb5cfa6d50356235ac20a
dp_best,7,pick_up_the_black_bowl_on_the_ramekin_and_place_it_on_the_plate,25,17025,0,600,75,22d80af3dce5342b66c414ffc4644d6df6b0c067f9aeb5cfa6d50356235ac20a
dp_best,7,pick_up_the_black_bowl_on_the_ramekin_and_place_it_on_the_plate,26,17026,0,600,75,22d80af3dce5342b66c414ffc4644d6df6b0c067f9aeb5cfa6d50356235ac20a
dp_best,7,pick_up_the_black_bowl_on_the_ramekin_and_place_it_on_the_plate,27,17027,0,600,75,22d80af3dce5342b66c414ffc4644d6df6b0c067f9aeb5cfa6d50356235ac20a
dp_best,7,pick_up_the_black_bowl_on_the_ramekin_and_place_it_on_the_plate,28,17028,0,600,75,22d80af3dce5342b66c414ffc4644d6df6b0c067f9aeb5cfa6d50356235ac20a
dp_best,7,pick_up_the_black_bowl_on_the_ramekin_and_place_it_on_the_plate,29,17029,0,600,75,22d80af3dce5342b66c414ffc4644d6df6b0c067f9aeb5cfa6d50356235ac20a
dp_best,7,pick_up_the_black_bowl_on_the_ramekin_and_place_it_on_the_plate,30,17030,0,600,75,22d80af3dce5342b66c414ffc4644d6df6b0c067f9aeb5cfa6d50356235ac20a
dp_best,7,pick_up_the_black_bowl_on_the_ramekin_and_place_it_on_the_plate,31,17031,0,600,75,22d80af3dce5342b66c414ffc4644d6df6b0c067f9aeb5cfa6d50356235ac20a
dp_best,7,pick_up_the_black_bowl_on_the_ramekin_and_place_it_on_the_plate,32,17032,0,600,75,22d80af3dce5342b66c414ffc4644d6df6b0c067f9aeb5cfa6d50356235ac20a
dp_best,7,pick_up_the_black_bowl_on_the_ramekin_and_place_it_on_the_plate,33,17033,0,600,75,22d80af3dce5342b66c414ffc4644d6df6b0c067f9aeb5cfa6d50356235ac20a
dp_best,7,pick_up_the_black_bowl_on_the_ramekin_and_place_it_on_the_plate,34,17034,0,600,75,22d80af3dce5342b66c414ffc4644d6df6b0c067f9aeb5cfa6d50356235ac20a
dp_best,7,pick_up_the_black_bowl_on_the_ramekin_and_place_it_on_the_plate,35,17035,0,600,75,22d80af3dce5342b66c414ffc4644d6df6b0c067f9aeb5cfa6d50356235ac20a
dp_best,7,pick_up_the_black_bowl_on_the_ramekin_and_place_it_on_the_plate,36,17036,0,600,75,22d80af3dce5342b66c414ffc4644d6df6b0c067f9aeb5cfa6d50356235ac20a
dp_best,7,pick_up_the_black_bowl_on_the_ramekin_and_place_it_on_the_plate,37,17037,0,600,75,22d80af3dce5342b66c414ffc4644d6df6b0c067f9aeb5cfa6d50356235ac20a
dp_best,7,pick_up_the_black_bowl_on_the_ramekin_and_place_it_on_the_plate,38,17038,0,600,75,22d80af3dce5342b66c414ffc4644d6df6b0c067f9aeb5cfa6d50356235ac20a
dp_best,7,pick_up_the_black_bowl_on_the_ramekin_and_place_it_on_the_plate,39,17039,0,600,75,22d80af3dce5342b66c414ffc4644d6df6b0c067f9aeb5cfa6d50356235ac20a
dp_best,7,pick_up_the_black_bowl_on_the_ramekin_and_place_it_on_the_plate,40,17040,0,600,75,22d80af3dce5342b66c414ffc4644d6df6b0c067f9aeb5cfa6d50356235ac20a
dp_best,7,pick_up_the_black_bowl_on_the_ramekin_and_place_it_on_the_plate,41,17041,0,600,75,22d80af3dce5342b66c414ffc4644d6df6b0c067f9aeb5cfa6d50356235ac20a
dp_best,7,pick_up_the_black_bowl_on_the_ramekin_and_place_it_on_the_plate,42,17042,0,600,75,22d80af3dce5342b66c414ffc4644d6df6b0c067f9aeb5cfa6d50356235ac20a
dp_best,7,pick_up_the_black_bowl_on_the_ramekin_and_place_it_on_the_plate,43,17043,0,600,75,22d80af3dce5342b66c414ffc4644d6df6b0c067f9aeb5cfa6d50356235ac20a
dp_best,7,pick_up_the_black_bowl_on_the_ramekin_and_place_it_on_the_plate,44,17044,0,600,75,22d80af3dce5342b66c414ffc4644d6df6b0c067f9aeb5cfa6d50356235ac20a
dp_best,7,pick_up_the_black_bowl_on_the_ramekin_and_place_it_on_the_plate,45,17045,0,600,75,22d80af3dce5342b66c414ffc4644d6df6b0c067f9aeb5cfa6d50356235ac20a
dp_best,7,pick_up_the_black_bowl_on_the_ramekin_and_place_it_on_the_plate,46,17046,0,600,75,22d80af3dce5342b66c414ffc4644d6df6b0c067f9aeb5cfa6d50356235ac20a
dp_best,9,pick_up_the_black_bowl_on_the_wooden_cabinet_and_place_it_on_the_plate,3,19003,1,130,17,22d80af3dce5342b66c414ffc4644d6df6b0c067f9aeb5cfa6d50356235ac20a
dp_best,7,pick_up_the_black_bowl_on_the_ramekin_and_place_it_on_the_plate,47,17047,0,600,75,22d80af3dce5342b66c414ffc4644d6df6b0c067f9aeb5cfa6d50356235ac20a
dp_best,9,pick_up_the_black_bowl_on_the_wooden_cabinet_and_place_it_on_the_plate,4,19004,1,138,18,22d80af3dce5342b66c414ffc4644d6df6b0c067f9aeb5cfa6d50356235ac20a
dp_best,7,pick_up_the_black_bowl_on_the_ramekin_and_place_it_on_the_plate,48,17048,0,600,75,22d80af3dce5342b66c414ffc4644d6df6b0c067f9aeb5cfa6d50356235ac20a
dp_best,9,pick_up_the_black_bowl_on_the_wooden_cabinet_and_place_it_on_the_plate,5,19005,1,129,17,22d80af3dce5342b66c414ffc4644d6df6b0c067f9aeb5cfa6d50356235ac20a
dp_best,9,pick_up_the_black_bowl_on_the_wooden_cabinet_and_place_it_on_the_plate,6,19006,1,147,19,22d80af3dce5342b66c414ffc4644d6df6b0c067f9aeb5cfa6d50356235ac20a
dp_best,7,pick_up_the_black_bowl_on_the_ramekin_and_place_it_on_the_plate,49,17049,0,600,75,22d80af3dce5342b66c414ffc4644d6df6b0c067f9aeb5cfa6d50356235ac20a
dp_best,9,pick_up_the_black_bowl_on_the_wooden_cabinet_and_place_it_on_the_plate,10,19010,1,114,15,22d80af3dce5342b66c414ffc4644d6df6b0c067f9aeb5cfa6d50356235ac20a
dp_best,9,pick_up_the_black_bowl_on_the_wooden_cabinet_and_place_it_on_the_plate,0,19000,0,600,75,22d80af3dce5342b66c414ffc4644d6df6b0c067f9aeb5cfa6d50356235ac20a
dp_best,9,pick_up_the_black_bowl_on_the_wooden_cabinet_and_place_it_on_the_plate,1,19001,0,600,75,22d80af3dce5342b66c414ffc4644d6df6b0c067f9aeb5cfa6d50356235ac20a
dp_best,9,pick_up_the_black_bowl_on_the_wooden_cabinet_and_place_it_on_the_plate,2,19002,0,600,75,22d80af3dce5342b66c414ffc4644d6df6b0c067f9aeb5cfa6d50356235ac20a
dp_best,9,pick_up_the_black_bowl_on_the_wooden_cabinet_and_place_it_on_the_plate,15,19015,1,175,22,22d80af3dce5342b66c414ffc4644d6df6b0c067f9aeb5cfa6d50356235ac20a
dp_best,9,pick_up_the_black_bowl_on_the_wooden_cabinet_and_place_it_on_the_plate,7,19007,0,600,75,22d80af3dce5342b66c414ffc4644d6df6b0c067f9aeb5cfa6d50356235ac20a
dp_best,9,pick_up_the_black_bowl_on_the_wooden_cabinet_and_place_it_on_the_plate,8,19008,0,600,75,22d80af3dce5342b66c414ffc4644d6df6b0c067f9aeb5cfa6d50356235ac20a
dp_best,9,pick_up_the_black_bowl_on_the_wooden_cabinet_and_place_it_on_the_plate,16,19016,1,133,17,22d80af3dce5342b66c414ffc4644d6df6b0c067f9aeb5cfa6d50356235ac20a
dp_best,9,pick_up_the_black_bowl_on_the_wooden_cabinet_and_place_it_on_the_plate,9,19009,0,600,75,22d80af3dce5342b66c414ffc4644d6df6b0c067f9aeb5cfa6d50356235ac20a
dp_best,9,pick_up_the_black_bowl_on_the_wooden_cabinet_and_place_it_on_the_plate,11,19011,0,600,75,22d80af3dce5342b66c414ffc4644d6df6b0c067f9aeb5cfa6d50356235ac20a
dp_best,9,pick_up_the_black_bowl_on_the_wooden_cabinet_and_place_it_on_the_plate,19,19019,1,119,15,22d80af3dce5342b66c414ffc4644d6df6b0c067f9aeb5cfa6d50356235ac20a
dp_best,9,pick_up_the_black_bowl_on_the_wooden_cabinet_and_place_it_on_the_plate,12,19012,0,600,75,22d80af3dce5342b66c414ffc4644d6df6b0c067f9aeb5cfa6d50356235ac20a
dp_best,9,pick_up_the_black_bowl_on_the_wooden_cabinet_and_place_it_on_the_plate,13,19013,0,600,75,22d80af3dce5342b66c414ffc4644d6df6b0c067f9aeb5cfa6d50356235ac20a
dp_best,9,pick_up_the_black_bowl_on_the_wooden_cabinet_and_place_it_on_the_plate,22,19022,1,135,17,22d80af3dce5342b66c414ffc4644d6df6b0c067f9aeb5cfa6d50356235ac20a
dp_best,9,pick_up_the_black_bowl_on_the_wooden_cabinet_and_place_it_on_the_plate,14,19014,0,600,75,22d80af3dce5342b66c414ffc4644d6df6b0c067f9aeb5cfa6d50356235ac20a
dp_best,9,pick_up_the_black_bowl_on_the_wooden_cabinet_and_place_it_on_the_plate,23,19023,1,134,17,22d80af3dce5342b66c414ffc4644d6df6b0c067f9aeb5cfa6d50356235ac20a
dp_best,9,pick_up_the_black_bowl_on_the_wooden_cabinet_and_place_it_on_the_plate,21,19021,1,194,25,22d80af3dce5342b66c414ffc4644d6df6b0c067f9aeb5cfa6d50356235ac20a
dp_best,9,pick_up_the_black_bowl_on_the_wooden_cabinet_and_place_it_on_the_plate,28,19028,1,138,18,22d80af3dce5342b66c414ffc4644d6df6b0c067f9aeb5cfa6d50356235ac20a
dp_best,9,pick_up_the_black_bowl_on_the_wooden_cabinet_and_place_it_on_the_plate,17,19017,0,600,75,22d80af3dce5342b66c414ffc4644d6df6b0c067f9aeb5cfa6d50356235ac20a
dp_best,9,pick_up_the_black_bowl_on_the_wooden_cabinet_and_place_it_on_the_plate,29,19029,1,124,16,22d80af3dce5342b66c414ffc4644d6df6b0c067f9aeb5cfa6d50356235ac20a
dp_best,9,pick_up_the_black_bowl_on_the_wooden_cabinet_and_place_it_on_the_plate,18,19018,0,600,75,22d80af3dce5342b66c414ffc4644d6df6b0c067f9aeb5cfa6d50356235ac20a
dp_best,9,pick_up_the_black_bowl_on_the_wooden_cabinet_and_place_it_on_the_plate,20,19020,0,600,75,22d80af3dce5342b66c414ffc4644d6df6b0c067f9aeb5cfa6d50356235ac20a
dp_best,9,pick_up_the_black_bowl_on_the_wooden_cabinet_and_place_it_on_the_plate,32,19032,1,150,19,22d80af3dce5342b66c414ffc4644d6df6b0c067f9aeb5cfa6d50356235ac20a
dp_best,9,pick_up_the_black_bowl_on_the_wooden_cabinet_and_place_it_on_the_plate,24,19024,0,600,75,22d80af3dce5342b66c414ffc4644d6df6b0c067f9aeb5cfa6d50356235ac20a
dp_best,9,pick_up_the_black_bowl_on_the_wooden_cabinet_and_place_it_on_the_plate,25,19025,0,600,75,22d80af3dce5342b66c414ffc4644d6df6b0c067f9aeb5cfa6d50356235ac20a
dp_best,9,pick_up_the_black_bowl_on_the_wooden_cabinet_and_place_it_on_the_plate,26,19026,0,600,75,22d80af3dce5342b66c414ffc4644d6df6b0c067f9aeb5cfa6d50356235ac20a
dp_best,9,pick_up_the_black_bowl_on_the_wooden_cabinet_and_place_it_on_the_plate,34,19034,1,131,17,22d80af3dce5342b66c414ffc4644d6df6b0c067f9aeb5cfa6d50356235ac20a
dp_best,9,pick_up_the_black_bowl_on_the_wooden_cabinet_and_place_it_on_the_plate,27,19027,0,600,75,22d80af3dce5342b66c414ffc4644d6df6b0c067f9aeb5cfa6d50356235ac20a
dp_best,9,pick_up_the_black_bowl_on_the_wooden_cabinet_and_place_it_on_the_plate,35,19035,1,134,17,22d80af3dce5342b66c414ffc4644d6df6b0c067f9aeb5cfa6d50356235ac20a
dp_best,9,pick_up_the_black_bowl_on_the_wooden_cabinet_and_place_it_on_the_plate,38,19038,1,138,18,22d80af3dce5342b66c414ffc4644d6df6b0c067f9aeb5cfa6d50356235ac20a
dp_best,9,pick_up_the_black_bowl_on_the_wooden_cabinet_and_place_it_on_the_plate,39,19039,1,133,17,22d80af3dce5342b66c414ffc4644d6df6b0c067f9aeb5cfa6d50356235ac20a
dp_best,9,pick_up_the_black_bowl_on_the_wooden_cabinet_and_place_it_on_the_plate,36,19036,1,171,22,22d80af3dce5342b66c414ffc4644d6df6b0c067f9aeb5cfa6d50356235ac20a
dp_best,9,pick_up_the_black_bowl_on_the_wooden_cabinet_and_place_it_on_the_plate,30,19030,0,600,75,22d80af3dce5342b66c414ffc4644d6df6b0c067f9aeb5cfa6d50356235ac20a
dp_best,9,pick_up_the_black_bowl_on_the_wooden_cabinet_and_place_it_on_the_plate,42,19042,1,145,19,22d80af3dce5342b66c414ffc4644d6df6b0c067f9aeb5cfa6d50356235ac20a
dp_best,9,pick_up_the_black_bowl_on_the_wooden_cabinet_and_place_it_on_the_plate,31,19031,0,600,75,22d80af3dce5342b66c414ffc4644d6df6b0c067f9aeb5cfa6d50356235ac20a
dp_best,9,pick_up_the_black_bowl_on_the_wooden_cabinet_and_place_it_on_the_plate,33,19033,0,600,75,22d80af3dce5342b66c414ffc4644d6df6b0c067f9aeb5cfa6d50356235ac20a
dp_best,9,pick_up_the_black_bowl_on_the_wooden_cabinet_and_place_it_on_the_plate,44,19044,1,126,16,22d80af3dce5342b66c414ffc4644d6df6b0c067f9aeb5cfa6d50356235ac20a
dp_best,9,pick_up_the_black_bowl_on_the_wooden_cabinet_and_place_it_on_the_plate,46,19046,1,203,26,22d80af3dce5342b66c414ffc4644d6df6b0c067f9aeb5cfa6d50356235ac20a
dp_best,9,pick_up_the_black_bowl_on_the_wooden_cabinet_and_place_it_on_the_plate,48,19048,1,142,18,22d80af3dce5342b66c414ffc4644d6df6b0c067f9aeb5cfa6d50356235ac20a
dp_best,9,pick_up_the_black_bowl_on_the_wooden_cabinet_and_place_it_on_the_plate,37,19037,0,600,75,22d80af3dce5342b66c414ffc4644d6df6b0c067f9aeb5cfa6d50356235ac20a
dp_best,9,pick_up_the_black_bowl_on_the_wooden_cabinet_and_place_it_on_the_plate,40,19040,0,600,75,22d80af3dce5342b66c414ffc4644d6df6b0c067f9aeb5cfa6d50356235ac20a
dp_best,9,pick_up_the_black_bowl_on_the_wooden_cabinet_and_place_it_on_the_plate,49,19049,1,135,17,22d80af3dce5342b66c414ffc4644d6df6b0c067f9aeb5cfa6d50356235ac20a
dp_best,9,pick_up_the_black_bowl_on_the_wooden_cabinet_and_place_it_on_the_plate,41,19041,0,600,75,22d80af3dce5342b66c414ffc4644d6df6b0c067f9aeb5cfa6d50356235ac20a
dp_best,9,pick_up_the_black_bowl_on_the_wooden_cabinet_and_place_it_on_the_plate,43,19043,0,600,75,22d80af3dce5342b66c414ffc4644d6df6b0c067f9aeb5cfa6d50356235ac20a
dp_best,9,pick_up_the_black_bowl_on_the_wooden_cabinet_and_place_it_on_the_plate,45,19045,0,600,75,22d80af3dce5342b66c414ffc4644d6df6b0c067f9aeb5cfa6d50356235ac20a
dp_best,9,pick_up_the_black_bowl_on_the_wooden_cabinet_and_place_it_on_the_plate,47,19047,0,600,75,22d80af3dce5342b66c414ffc4644d6df6b0c067f9aeb5cfa6d50356235ac20a
dp_final,0,pick_up_the_black_bowl_between_the_plate_and_the_ramekin_and_place_it_on_the_plate,6,10006,1,87,11,1478da38dd26ac2b210d399d401073bdaddf5660bc60ca07b5680ed38f9cfa66
dp_final,0,pick_up_the_black_bowl_between_the_plate_and_the_ramekin_and_place_it_on_the_plate,1,10001,1,89,12,1478da38dd26ac2b210d399d401073bdaddf5660bc60ca07b5680ed38f9cfa66
dp_final,0,pick_up_the_black_bowl_between_the_plate_and_the_ramekin_and_place_it_on_the_plate,4,10004,1,89,12,1478da38dd26ac2b210d399d401073bdaddf5660bc60ca07b5680ed38f9cfa66
dp_final,0,pick_up_the_black_bowl_between_the_plate_and_the_ramekin_and_place_it_on_the_plate,0,10000,1,91,12,1478da38dd26ac2b210d399d401073bdaddf5660bc60ca07b5680ed38f9cfa66
dp_final,0,pick_up_the_black_bowl_between_the_plate_and_the_ramekin_and_place_it_on_the_plate,2,10002,1,97,13,1478da38dd26ac2b210d399d401073bdaddf5660bc60ca07b5680ed38f9cfa66
dp_final,0,pick_up_the_black_bowl_between_the_plate_and_the_ramekin_and_place_it_on_the_plate,3,10003,1,99,13,1478da38dd26ac2b210d399d401073bdaddf5660bc60ca07b5680ed38f9cfa66
dp_final,0,pick_up_the_black_bowl_between_the_plate_and_the_ramekin_and_place_it_on_the_plate,5,10005,1,99,13,1478da38dd26ac2b210d399d401073bdaddf5660bc60ca07b5680ed38f9cfa66
dp_final,0,pick_up_the_black_bowl_between_the_plate_and_the_ramekin_and_place_it_on_the_plate,7,10007,1,99,13,1478da38dd26ac2b210d399d401073bdaddf5660bc60ca07b5680ed38f9cfa66
dp_final,0,pick_up_the_black_bowl_between_the_plate_and_the_ramekin_and_place_it_on_the_plate,8,10008,1,85,11,1478da38dd26ac2b210d399d401073bdaddf5660bc60ca07b5680ed38f9cfa66
dp_final,0,pick_up_the_black_bowl_between_the_plate_and_the_ramekin_and_place_it_on_the_plate,9,10009,1,86,11,1478da38dd26ac2b210d399d401073bdaddf5660bc60ca07b5680ed38f9cfa66
dp_final,0,pick_up_the_black_bowl_between_the_plate_and_the_ramekin_and_place_it_on_the_plate,11,10011,1,89,12,1478da38dd26ac2b210d399d401073bdaddf5660bc60ca07b5680ed38f9cfa66
dp_final,0,pick_up_the_black_bowl_between_the_plate_and_the_ramekin_and_place_it_on_the_plate,10,10010,1,98,13,1478da38dd26ac2b210d399d401073bdaddf5660bc60ca07b5680ed38f9cfa66
dp_final,0,pick_up_the_black_bowl_between_the_plate_and_the_ramekin_and_place_it_on_the_plate,15,10015,1,96,12,1478da38dd26ac2b210d399d401073bdaddf5660bc60ca07b5680ed38f9cfa66
dp_final,0,pick_up_the_black_bowl_between_the_plate_and_the_ramekin_and_place_it_on_the_plate,14,10014,1,97,13,1478da38dd26ac2b210d399d401073bdaddf5660bc60ca07b5680ed38f9cfa66
dp_final,0,pick_up_the_black_bowl_between_the_plate_and_the_ramekin_and_place_it_on_the_plate,13,10013,1,106,14,1478da38dd26ac2b210d399d401073bdaddf5660bc60ca07b5680ed38f9cfa66
dp_final,0,pick_up_the_black_bowl_between_the_plate_and_the_ramekin_and_place_it_on_the_plate,12,10012,1,110,14,1478da38dd26ac2b210d399d401073bdaddf5660bc60ca07b5680ed38f9cfa66
dp_final,0,pick_up_the_black_bowl_between_the_plate_and_the_ramekin_and_place_it_on_the_plate,16,10016,1,94,12,1478da38dd26ac2b210d399d401073bdaddf5660bc60ca07b5680ed38f9cfa66
dp_final,0,pick_up_the_black_bowl_between_the_plate_and_the_ramekin_and_place_it_on_the_plate,17,10017,1,95,12,1478da38dd26ac2b210d399d401073bdaddf5660bc60ca07b5680ed38f9cfa66
dp_final,0,pick_up_the_black_bowl_between_the_plate_and_the_ramekin_and_place_it_on_the_plate,19,10019,1,87,11,1478da38dd26ac2b210d399d401073bdaddf5660bc60ca07b5680ed38f9cfa66
dp_final,0,pick_up_the_black_bowl_between_the_plate_and_the_ramekin_and_place_it_on_the_plate,18,10018,1,98,13,1478da38dd26ac2b210d399d401073bdaddf5660bc60ca07b5680ed38f9cfa66
dp_final,0,pick_up_the_black_bowl_between_the_plate_and_the_ramekin_and_place_it_on_the_plate,21,10021,1,89,12,1478da38dd26ac2b210d399d401073bdaddf5660bc60ca07b5680ed38f9cfa66
dp_final,0,pick_up_the_black_bowl_between_the_plate_and_the_ramekin_and_place_it_on_the_plate,20,10020,1,91,12,1478da38dd26ac2b210d399d401073bdaddf5660bc60ca07b5680ed38f9cfa66
dp_final,0,pick_up_the_black_bowl_between_the_plate_and_the_ramekin_and_place_it_on_the_plate,23,10023,1,87,11,1478da38dd26ac2b210d399d401073bdaddf5660bc60ca07b5680ed38f9cfa66
dp_final,0,pick_up_the_black_bowl_between_the_plate_and_the_ramekin_and_place_it_on_the_plate,22,10022,1,143,18,1478da38dd26ac2b210d399d401073bdaddf5660bc60ca07b5680ed38f9cfa66
dp_final,0,pick_up_the_black_bowl_between_the_plate_and_the_ramekin_and_place_it_on_the_plate,25,10025,1,88,11,1478da38dd26ac2b210d399d401073bdaddf5660bc60ca07b5680ed38f9cfa66
dp_final,0,pick_up_the_black_bowl_between_the_plate_and_the_ramekin_and_place_it_on_the_plate,24,10024,1,94,12,1478da38dd26ac2b210d399d401073bdaddf5660bc60ca07b5680ed38f9cfa66
dp_final,0,pick_up_the_black_bowl_between_the_plate_and_the_ramekin_and_place_it_on_the_plate,26,10026,1,88,11,1478da38dd26ac2b210d399d401073bdaddf5660bc60ca07b5680ed38f9cfa66
dp_final,0,pick_up_the_black_bowl_between_the_plate_and_the_ramekin_and_place_it_on_the_plate,27,10027,1,87,11,1478da38dd26ac2b210d399d401073bdaddf5660bc60ca07b5680ed38f9cfa66
dp_final,0,pick_up_the_black_bowl_between_the_plate_and_the_ramekin_and_place_it_on_the_plate,29,10029,1,83,11,1478da38dd26ac2b210d399d401073bdaddf5660bc60ca07b5680ed38f9cfa66
dp_final,0,pick_up_the_black_bowl_between_the_plate_and_the_ramekin_and_place_it_on_the_plate,28,10028,1,86,11,1478da38dd26ac2b210d399d401073bdaddf5660bc60ca07b5680ed38f9cfa66
dp_final,0,pick_up_the_black_bowl_between_the_plate_and_the_ramekin_and_place_it_on_the_plate,30,10030,1,91,12,1478da38dd26ac2b210d399d401073bdaddf5660bc60ca07b5680ed38f9cfa66
dp_final,0,pick_up_the_black_bowl_between_the_plate_and_the_ramekin_and_place_it_on_the_plate,31,10031,1,91,12,1478da38dd26ac2b210d399d401073bdaddf5660bc60ca07b5680ed38f9cfa66
dp_final,0,pick_up_the_black_bowl_between_the_plate_and_the_ramekin_and_place_it_on_the_plate,34,10034,1,82,11,1478da38dd26ac2b210d399d401073bdaddf5660bc60ca07b5680ed38f9cfa66
dp_final,0,pick_up_the_black_bowl_between_the_plate_and_the_ramekin_and_place_it_on_the_plate,32,10032,1,88,11,1478da38dd26ac2b210d399d401073bdaddf5660bc60ca07b5680ed38f9cfa66
dp_final,0,pick_up_the_black_bowl_between_the_plate_and_the_ramekin_and_place_it_on_the_plate,36,10036,1,96,12,1478da38dd26ac2b210d399d401073bdaddf5660bc60ca07b5680ed38f9cfa66
dp_final,0,pick_up_the_black_bowl_between_the_plate_and_the_ramekin_and_place_it_on_the_plate,35,10035,1,101,13,1478da38dd26ac2b210d399d401073bdaddf5660bc60ca07b5680ed38f9cfa66
dp_final,0,pick_up_the_black_bowl_between_the_plate_and_the_ramekin_and_place_it_on_the_plate,37,10037,1,99,13,1478da38dd26ac2b210d399d401073bdaddf5660bc60ca07b5680ed38f9cfa66
dp_final,0,pick_up_the_black_bowl_between_the_plate_and_the_ramekin_and_place_it_on_the_plate,33,10033,1,110,14,1478da38dd26ac2b210d399d401073bdaddf5660bc60ca07b5680ed38f9cfa66
dp_final,0,pick_up_the_black_bowl_between_the_plate_and_the_ramekin_and_place_it_on_the_plate,39,10039,1,92,12,1478da38dd26ac2b210d399d401073bdaddf5660bc60ca07b5680ed38f9cfa66
dp_final,0,pick_up_the_black_bowl_between_the_plate_and_the_ramekin_and_place_it_on_the_plate,41,10041,1,88,11,1478da38dd26ac2b210d399d401073bdaddf5660bc60ca07b5680ed38f9cfa66
dp_final,0,pick_up_the_black_bowl_between_the_plate_and_the_ramekin_and_place_it_on_the_plate,40,10040,1,90,12,1478da38dd26ac2b210d399d401073bdaddf5660bc60ca07b5680ed38f9cfa66
dp_final,0,pick_up_the_black_bowl_between_the_plate_and_the_ramekin_and_place_it_on_the_plate,44,10044,1,81,11,1478da38dd26ac2b210d399d401073bdaddf5660bc60ca07b5680ed38f9cfa66
dp_final,0,pick_up_the_black_bowl_between_the_plate_and_the_ramekin_and_place_it_on_the_plate,42,10042,1,91,12,1478da38dd26ac2b210d399d401073bdaddf5660bc60ca07b5680ed38f9cfa66
dp_final,0,pick_up_the_black_bowl_between_the_plate_and_the_ramekin_and_place_it_on_the_plate,43,10043,1,92,12,1478da38dd26ac2b210d399d401073bdaddf5660bc60ca07b5680ed38f9cfa66
dp_final,0,pick_up_the_black_bowl_between_the_plate_and_the_ramekin_and_place_it_on_the_plate,45,10045,1,95,12,1478da38dd26ac2b210d399d401073bdaddf5660bc60ca07b5680ed38f9cfa66
dp_final,0,pick_up_the_black_bowl_between_the_plate_and_the_ramekin_and_place_it_on_the_plate,46,10046,1,90,12,1478da38dd26ac2b210d399d401073bdaddf5660bc60ca07b5680ed38f9cfa66
dp_final,0,pick_up_the_black_bowl_between_the_plate_and_the_ramekin_and_place_it_on_the_plate,48,10048,1,95,12,1478da38dd26ac2b210d399d401073bdaddf5660bc60ca07b5680ed38f9cfa66
dp_final,0,pick_up_the_black_bowl_between_the_plate_and_the_ramekin_and_place_it_on_the_plate,49,10049,1,86,11,1478da38dd26ac2b210d399d401073bdaddf5660bc60ca07b5680ed38f9cfa66
dp_final,2,pick_up_the_black_bowl_in_the_top_drawer_of_the_wooden_cabinet_and_place_it_on_the_plate,0,12000,1,155,20,1478da38dd26ac2b210d399d401073bdaddf5660bc60ca07b5680ed38f9cfa66
dp_final,2,pick_up_the_black_bowl_in_the_top_drawer_of_the_wooden_cabinet_and_place_it_on_the_plate,1,12001,1,154,20,1478da38dd26ac2b210d399d401073bdaddf5660bc60ca07b5680ed38f9cfa66
dp_final,2,pick_up_the_black_bowl_in_the_top_drawer_of_the_wooden_cabinet_and_place_it_on_the_plate,2,12002,1,148,19,1478da38dd26ac2b210d399d401073bdaddf5660bc60ca07b5680ed38f9cfa66
dp_final,2,pick_up_the_black_bowl_in_the_top_drawer_of_the_wooden_cabinet_and_place_it_on_the_plate,3,12003,1,148,19,1478da38dd26ac2b210d399d401073bdaddf5660bc60ca07b5680ed38f9cfa66
dp_final,2,pick_up_the_black_bowl_in_the_top_drawer_of_the_wooden_cabinet_and_place_it_on_the_plate,4,12004,1,148,19,1478da38dd26ac2b210d399d401073bdaddf5660bc60ca07b5680ed38f9cfa66
dp_final,2,pick_up_the_black_bowl_in_the_top_drawer_of_the_wooden_cabinet_and_place_it_on_the_plate,5,12005,1,154,20,1478da38dd26ac2b210d399d401073bdaddf5660bc60ca07b5680ed38f9cfa66
dp_final,2,pick_up_the_black_bowl_in_the_top_drawer_of_the_wooden_cabinet_and_place_it_on_the_plate,7,12007,1,139,18,1478da38dd26ac2b210d399d401073bdaddf5660bc60ca07b5680ed38f9cfa66
dp_final,2,pick_up_the_black_bowl_in_the_top_drawer_of_the_wooden_cabinet_and_place_it_on_the_plate,6,12006,1,142,18,1478da38dd26ac2b210d399d401073bdaddf5660bc60ca07b5680ed38f9cfa66
dp_final,2,pick_up_the_black_bowl_in_the_top_drawer_of_the_wooden_cabinet_and_place_it_on_the_plate,8,12008,1,143,18,1478da38dd26ac2b210d399d401073bdaddf5660bc60ca07b5680ed38f9cfa66
dp_final,2,pick_up_the_black_bowl_in_the_top_drawer_of_the_wooden_cabinet_and_place_it_on_the_plate,9,12009,1,132,17,1478da38dd26ac2b210d399d401073bdaddf5660bc60ca07b5680ed38f9cfa66
dp_final,2,pick_up_the_black_bowl_in_the_top_drawer_of_the_wooden_cabinet_and_place_it_on_the_plate,11,12011,1,134,17,1478da38dd26ac2b210d399d401073bdaddf5660bc60ca07b5680ed38f9cfa66
dp_final,2,pick_up_the_black_bowl_in_the_top_drawer_of_the_wooden_cabinet_and_place_it_on_the_plate,10,12010,1,149,19,1478da38dd26ac2b210d399d401073bdaddf5660bc60ca07b5680ed38f9cfa66
dp_final,0,pick_up_the_black_bowl_between_the_plate_and_the_ramekin_and_place_it_on_the_plate,38,10038,0,600,75,1478da38dd26ac2b210d399d401073bdaddf5660bc60ca07b5680ed38f9cfa66
dp_final,2,pick_up_the_black_bowl_in_the_top_drawer_of_the_wooden_cabinet_and_place_it_on_the_plate,13,12013,1,136,17,1478da38dd26ac2b210d399d401073bdaddf5660bc60ca07b5680ed38f9cfa66
dp_final,2,pick_up_the_black_bowl_in_the_top_drawer_of_the_wooden_cabinet_and_place_it_on_the_plate,12,12012,1,143,18,1478da38dd26ac2b210d399d401073bdaddf5660bc60ca07b5680ed38f9cfa66
dp_final,2,pick_up_the_black_bowl_in_the_top_drawer_of_the_wooden_cabinet_and_place_it_on_the_plate,14,12014,1,139,18,1478da38dd26ac2b210d399d401073bdaddf5660bc60ca07b5680ed38f9cfa66
dp_final,2,pick_up_the_black_bowl_in_the_top_drawer_of_the_wooden_cabinet_and_place_it_on_the_plate,15,12015,1,141,18,1478da38dd26ac2b210d399d401073bdaddf5660bc60ca07b5680ed38f9cfa66
dp_final,2,pick_up_the_black_bowl_in_the_top_drawer_of_the_wooden_cabinet_and_place_it_on_the_plate,16,12016,1,123,16,1478da38dd26ac2b210d399d401073bdaddf5660bc60ca07b5680ed38f9cfa66
dp_final,2,pick_up_the_black_bowl_in_the_top_drawer_of_the_wooden_cabinet_and_place_it_on_the_plate,18,12018,1,141,18,1478da38dd26ac2b210d399d401073bdaddf5660bc60ca07b5680ed38f9cfa66
dp_final,2,pick_up_the_black_bowl_in_the_top_drawer_of_the_wooden_cabinet_and_place_it_on_the_plate,20,12020,1,134,17,1478da38dd26ac2b210d399d401073bdaddf5660bc60ca07b5680ed38f9cfa66
dp_final,0,pick_up_the_black_bowl_between_the_plate_and_the_ramekin_and_place_it_on_the_plate,47,10047,0,600,75,1478da38dd26ac2b210d399d401073bdaddf5660bc60ca07b5680ed38f9cfa66
dp_final,2,pick_up_the_black_bowl_in_the_top_drawer_of_the_wooden_cabinet_and_place_it_on_the_plate,19,12019,1,150,19,1478da38dd26ac2b210d399d401073bdaddf5660bc60ca07b5680ed38f9cfa66
dp_final,2,pick_up_the_black_bowl_in_the_top_drawer_of_the_wooden_cabinet_and_place_it_on_the_plate,21,12021,1,147,19,1478da38dd26ac2b210d399d401073bdaddf5660bc60ca07b5680ed38f9cfa66
dp_final,2,pick_up_the_black_bowl_in_the_top_drawer_of_the_wooden_cabinet_and_place_it_on_the_plate,22,12022,1,153,20,1478da38dd26ac2b210d399d401073bdaddf5660bc60ca07b5680ed38f9cfa66
dp_final,2,pick_up_the_black_bowl_in_the_top_drawer_of_the_wooden_cabinet_and_place_it_on_the_plate,23,12023,1,153,20,1478da38dd26ac2b210d399d401073bdaddf5660bc60ca07b5680ed38f9cfa66
dp_final,2,pick_up_the_black_bowl_in_the_top_drawer_of_the_wooden_cabinet_and_place_it_on_the_plate,24,12024,1,151,19,1478da38dd26ac2b210d399d401073bdaddf5660bc60ca07b5680ed38f9cfa66
dp_final,2,pick_up_the_black_bowl_in_the_top_drawer_of_the_wooden_cabinet_and_place_it_on_the_plate,26,12026,1,148,19,1478da38dd26ac2b210d399d401073bdaddf5660bc60ca07b5680ed38f9cfa66
dp_final,2,pick_up_the_black_bowl_in_the_top_drawer_of_the_wooden_cabinet_and_place_it_on_the_plate,27,12027,1,150,19,1478da38dd26ac2b210d399d401073bdaddf5660bc60ca07b5680ed38f9cfa66
dp_final,2,pick_up_the_black_bowl_in_the_top_drawer_of_the_wooden_cabinet_and_place_it_on_the_plate,28,12028,1,156,20,1478da38dd26ac2b210d399d401073bdaddf5660bc60ca07b5680ed38f9cfa66
dp_final,2,pick_up_the_black_bowl_in_the_top_drawer_of_the_wooden_cabinet_and_place_it_on_the_plate,30,12030,1,143,18,1478da38dd26ac2b210d399d401073bdaddf5660bc60ca07b5680ed38f9cfa66
dp_final,2,pick_up_the_black_bowl_in_the_top_drawer_of_the_wooden_cabinet_and_place_it_on_the_plate,29,12029,1,158,20,1478da38dd26ac2b210d399d401073bdaddf5660bc60ca07b5680ed38f9cfa66
dp_final,2,pick_up_the_black_bowl_in_the_top_drawer_of_the_wooden_cabinet_and_place_it_on_the_plate,31,12031,1,132,17,1478da38dd26ac2b210d399d401073bdaddf5660bc60ca07b5680ed38f9cfa66
dp_final,2,pick_up_the_black_bowl_in_the_top_drawer_of_the_wooden_cabinet_and_place_it_on_the_plate,32,12032,1,142,18,1478da38dd26ac2b210d399d401073bdaddf5660bc60ca07b5680ed38f9cfa66
dp_final,2,pick_up_the_black_bowl_in_the_top_drawer_of_the_wooden_cabinet_and_place_it_on_the_plate,33,12033,1,141,18,1478da38dd26ac2b210d399d401073bdaddf5660bc60ca07b5680ed38f9cfa66
dp_final,2,pick_up_the_black_bowl_in_the_top_drawer_of_the_wooden_cabinet_and_place_it_on_the_plate,36,12036,1,134,17,1478da38dd26ac2b210d399d401073bdaddf5660bc60ca07b5680ed38f9cfa66
dp_final,2,pick_up_the_black_bowl_in_the_top_drawer_of_the_wooden_cabinet_and_place_it_on_the_plate,35,12035,1,164,21,1478da38dd26ac2b210d399d401073bdaddf5660bc60ca07b5680ed38f9cfa66
dp_final,2,pick_up_the_black_bowl_in_the_top_drawer_of_the_wooden_cabinet_and_place_it_on_the_plate,17,12017,0,600,75,1478da38dd26ac2b210d399d401073bdaddf5660bc60ca07b5680ed38f9cfa66
dp_final,2,pick_up_the_black_bowl_in_the_top_drawer_of_the_wooden_cabinet_and_place_it_on_the_plate,37,12037,1,149,19,1478da38dd26ac2b210d399d401073bdaddf5660bc60ca07b5680ed38f9cfa66
dp_final,2,pick_up_the_black_bowl_in_the_top_drawer_of_the_wooden_cabinet_and_place_it_on_the_plate,38,12038,1,147,19,1478da38dd26ac2b210d399d401073bdaddf5660bc60ca07b5680ed38f9cfa66
dp_final,2,pick_up_the_black_bowl_in_the_top_drawer_of_the_wooden_cabinet_and_place_it_on_the_plate,39,12039,1,142,18,1478da38dd26ac2b210d399d401073bdaddf5660bc60ca07b5680ed38f9cfa66
dp_final,2,pick_up_the_black_bowl_in_the_top_drawer_of_the_wooden_cabinet_and_place_it_on_the_plate,40,12040,1,136,17,1478da38dd26ac2b210d399d401073bdaddf5660bc60ca07b5680ed38f9cfa66
dp_final,2,pick_up_the_black_bowl_in_the_top_drawer_of_the_wooden_cabinet_and_place_it_on_the_plate,41,12041,1,148,19,1478da38dd26ac2b210d399d401073bdaddf5660bc60ca07b5680ed38f9cfa66
dp_final,2,pick_up_the_black_bowl_in_the_top_drawer_of_the_wooden_cabinet_and_place_it_on_the_plate,42,12042,1,140,18,1478da38dd26ac2b210d399d401073bdaddf5660bc60ca07b5680ed38f9cfa66
dp_final,2,pick_up_the_black_bowl_in_the_top_drawer_of_the_wooden_cabinet_and_place_it_on_the_plate,43,12043,1,132,17,1478da38dd26ac2b210d399d401073bdaddf5660bc60ca07b5680ed38f9cfa66
dp_final,2,pick_up_the_black_bowl_in_the_top_drawer_of_the_wooden_cabinet_and_place_it_on_the_plate,44,12044,1,131,17,1478da38dd26ac2b210d399d401073bdaddf5660bc60ca07b5680ed38f9cfa66
dp_final,2,pick_up_the_black_bowl_in_the_top_drawer_of_the_wooden_cabinet_and_place_it_on_the_plate,45,12045,1,139,18,1478da38dd26ac2b210d399d401073bdaddf5660bc60ca07b5680ed38f9cfa66
dp_final,2,pick_up_the_black_bowl_in_the_top_drawer_of_the_wooden_cabinet_and_place_it_on_the_plate,25,12025,0,600,75,1478da38dd26ac2b210d399d401073bdaddf5660bc60ca07b5680ed38f9cfa66
dp_final,2,pick_up_the_black_bowl_in_the_top_drawer_of_the_wooden_cabinet_and_place_it_on_the_plate,47,12047,1,139,18,1478da38dd26ac2b210d399d401073bdaddf5660bc60ca07b5680ed38f9cfa66
dp_final,4,pick_up_the_black_bowl_next_to_the_plate_and_place_it_on_the_plate,1,14001,1,114,15,1478da38dd26ac2b210d399d401073bdaddf5660bc60ca07b5680ed38f9cfa66
dp_final,2,pick_up_the_black_bowl_in_the_top_drawer_of_the_wooden_cabinet_and_place_it_on_the_plate,49,12049,1,152,19,1478da38dd26ac2b210d399d401073bdaddf5660bc60ca07b5680ed38f9cfa66
dp_final,4,pick_up_the_black_bowl_next_to_the_plate_and_place_it_on_the_plate,2,14002,1,160,20,1478da38dd26ac2b210d399d401073bdaddf5660bc60ca07b5680ed38f9cfa66
dp_final,2,pick_up_the_black_bowl_in_the_top_drawer_of_the_wooden_cabinet_and_place_it_on_the_plate,34,12034,0,600,75,1478da38dd26ac2b210d399d401073bdaddf5660bc60ca07b5680ed38f9cfa66
dp_final,4,pick_up_the_black_bowl_next_to_the_plate_and_place_it_on_the_plate,3,14003,1,114,15,1478da38dd26ac2b210d399d401073bdaddf5660bc60ca07b5680ed38f9cfa66
dp_final,4,pick_up_the_black_bowl_next_to_the_plate_and_place_it_on_the_plate,5,14005,1,104,13,1478da38dd26ac2b210d399d401073bdaddf5660bc60ca07b5680ed38f9cfa66
dp_final,4,pick_up_the_black_bowl_next_to_the_plate_and_place_it_on_the_plate,6,14006,1,112,14,1478da38dd26ac2b210d399d401073bdaddf5660bc60ca07b5680ed38f9cfa66
dp_final,4,pick_up_the_black_bowl_next_to_the_plate_and_place_it_on_the_plate,7,14007,1,111,14,1478da38dd26ac2b210d399d401073bdaddf5660bc60ca07b5680ed38f9cfa66
dp_final,4,pick_up_the_black_bowl_next_to_the_plate_and_place_it_on_the_plate,4,14004,1,194,25,1478da38dd26ac2b210d399d401073bdaddf5660bc60ca07b5680ed38f9cfa66
dp_final,4,pick_up_the_black_bowl_next_to_the_plate_and_place_it_on_the_plate,8,14008,1,116,15,1478da38dd26ac2b210d399d401073bdaddf5660bc60ca07b5680ed38f9cfa66
dp_final,4,pick_up_the_black_bowl_next_to_the_plate_and_place_it_on_the_plate,9,14009,1,106,14,1478da38dd26ac2b210d399d401073bdaddf5660bc60ca07b5680ed38f9cfa66
dp_final,4,pick_up_the_black_bowl_next_to_the_plate_and_place_it_on_the_plate,12,14012,1,112,14,1478da38dd26ac2b210d399d401073bdaddf5660bc60ca07b5680ed38f9cfa66
dp_final,4,pick_up_the_black_bowl_next_to_the_plate_and_place_it_on_the_plate,11,14011,1,137,18,1478da38dd26ac2b210d399d401073bdaddf5660bc60ca07b5680ed38f9cfa66
dp_final,4,pick_up_the_black_bowl_next_to_the_plate_and_place_it_on_the_plate,14,14014,1,104,13,1478da38dd26ac2b210d399d401073bdaddf5660bc60ca07b5680ed38f9cfa66
dp_final,4,pick_up_the_black_bowl_next_to_the_plate_and_place_it_on_the_plate,13,14013,1,131,17,1478da38dd26ac2b210d399d401073bdaddf5660bc60ca07b5680ed38f9cfa66
dp_final,2,pick_up_the_black_bowl_in_the_top_drawer_of_the_wooden_cabinet_and_place_it_on_the_plate,46,12046,0,600,75,1478da38dd26ac2b210d399d401073bdaddf5660bc60ca07b5680ed38f9cfa66
dp_final,4,pick_up_the_black_bowl_next_to_the_plate_and_place_it_on_the_plate,15,14015,1,107,14,1478da38dd26ac2b210d399d401073bdaddf5660bc60ca07b5680ed38f9cfa66
dp_final,2,pick_up_the_black_bowl_in_the_top_drawer_of_the_wooden_cabinet_and_place_it_on_the_plate,48,12048,0,600,75,1478da38dd26ac2b210d399d401073bdaddf5660bc60ca07b5680ed38f9cfa66
dp_final,4,pick_up_the_black_bowl_next_to_the_plate_and_place_it_on_the_plate,17,14017,1,112,14,1478da38dd26ac2b210d399d401073bdaddf5660bc60ca07b5680ed38f9cfa66
dp_final,4,pick_up_the_black_bowl_next_to_the_plate_and_place_it_on_the_plate,18,14018,1,120,15,1478da38dd26ac2b210d399d401073bdaddf5660bc60ca07b5680ed38f9cfa66
dp_final,4,pick_up_the_black_bowl_next_to_the_plate_and_place_it_on_the_plate,0,14000,0,600,75,1478da38dd26ac2b210d399d401073bdaddf5660bc60ca07b5680ed38f9cfa66
dp_final,4,pick_up_the_black_bowl_next_to_the_plate_and_place_it_on_the_plate,20,14020,1,112,14,1478da38dd26ac2b210d399d401073bdaddf5660bc60ca07b5680ed38f9cfa66
dp_final,4,pick_up_the_black_bowl_next_to_the_plate_and_place_it_on_the_plate,22,14022,1,137,18,1478da38dd26ac2b210d399d401073bdaddf5660bc60ca07b5680ed38f9cfa66
dp_final,4,pick_up_the_black_bowl_next_to_the_plate_and_place_it_on_the_plate,19,14019,1,185,24,1478da38dd26ac2b210d399d401073bdaddf5660bc60ca07b5680ed38f9cfa66
dp_final,4,pick_up_the_black_bowl_next_to_the_plate_and_place_it_on_the_plate,24,14024,1,113,15,1478da38dd26ac2b210d399d401073bdaddf5660bc60ca07b5680ed38f9cfa66
dp_final,4,pick_up_the_black_bowl_next_to_the_plate_and_place_it_on_the_plate,26,14026,1,97,13,1478da38dd26ac2b210d399d401073bdaddf5660bc60ca07b5680ed38f9cfa66
dp_final,4,pick_up_the_black_bowl_next_to_the_plate_and_place_it_on_the_plate,27,14027,1,120,15,1478da38dd26ac2b210d399d401073bdaddf5660bc60ca07b5680ed38f9cfa66
dp_final,4,pick_up_the_black_bowl_next_to_the_plate_and_place_it_on_the_plate,28,14028,1,118,15,1478da38dd26ac2b210d399d401073bdaddf5660bc60ca07b5680ed38f9cfa66
dp_final,4,pick_up_the_black_bowl_next_to_the_plate_and_place_it_on_the_plate,10,14010,0,600,75,1478da38dd26ac2b210d399d401073bdaddf5660bc60ca07b5680ed38f9cfa66
dp_final,4,pick_up_the_black_bowl_next_to_the_plate_and_place_it_on_the_plate,30,14030,1,138,18,1478da38dd26ac2b210d399d401073bdaddf5660bc60ca07b5680ed38f9cfa66
dp_final,4,pick_up_the_black_bowl_next_to_the_plate_and_place_it_on_the_plate,32,14032,1,115,15,1478da38dd26ac2b210d399d401073bdaddf5660bc60ca07b5680ed38f9cfa66
dp_final,4,pick_up_the_black_bowl_next_to_the_plate_and_place_it_on_the_plate,16,14016,0,600,75,1478da38dd26ac2b210d399d401073bdaddf5660bc60ca07b5680ed38f9cfa66
dp_final,4,pick_up_the_black_bowl_next_to_the_plate_and_place_it_on_the_plate,35,14035,1,101,13,1478da38dd26ac2b210d399d401073bdaddf5660bc60ca07b5680ed38f9cfa66
dp_final,4,pick_up_the_black_bowl_next_to_the_plate_and_place_it_on_the_plate,21,14021,0,600,75,1478da38dd26ac2b210d399d401073bdaddf5660bc60ca07b5680ed38f9cfa66
dp_final,4,pick_up_the_black_bowl_next_to_the_plate_and_place_it_on_the_plate,23,14023,0,600,75,1478da38dd26ac2b210d399d401073bdaddf5660bc60ca07b5680ed38f9cfa66
dp_final,4,pick_up_the_black_bowl_next_to_the_plate_and_place_it_on_the_plate,34,14034,1,193,25,1478da38dd26ac2b210d399d401073bdaddf5660bc60ca07b5680ed38f9cfa66
dp_final,4,pick_up_the_black_bowl_next_to_the_plate_and_place_it_on_the_plate,25,14025,0,600,75,1478da38dd26ac2b210d399d401073bdaddf5660bc60ca07b5680ed38f9cfa66
dp_final,4,pick_up_the_black_bowl_next_to_the_plate_and_place_it_on_the_plate,36,14036,1,108,14,1478da38dd26ac2b210d399d401073bdaddf5660bc60ca07b5680ed38f9cfa66
dp_final,4,pick_up_the_black_bowl_next_to_the_plate_and_place_it_on_the_plate,38,14038,1,97,13,1478da38dd26ac2b210d399d401073bdaddf5660bc60ca07b5680ed38f9cfa66
dp_final,4,pick_up_the_black_bowl_next_to_the_plate_and_place_it_on_the_plate,37,14037,1,124,16,1478da38dd26ac2b210d399d401073bdaddf5660bc60ca07b5680ed38f9cfa66
dp_final,4,pick_up_the_black_bowl_next_to_the_plate_and_place_it_on_the_plate,40,14040,1,116,15,1478da38dd26ac2b210d399d401073bdaddf5660bc60ca07b5680ed38f9cfa66
dp_final,4,pick_up_the_black_bowl_next_to_the_plate_and_place_it_on_the_plate,29,14029,0,600,75,1478da38dd26ac2b210d399d401073bdaddf5660bc60ca07b5680ed38f9cfa66
dp_final,4,pick_up_the_black_bowl_next_to_the_plate_and_place_it_on_the_plate,31,14031,0,600,75,1478da38dd26ac2b210d399d401073bdaddf5660bc60ca07b5680ed38f9cfa66
dp_final,4,pick_up_the_black_bowl_next_to_the_plate_and_place_it_on_the_plate,45,14045,1,117,15,1478da38dd26ac2b210d399d401073bdaddf5660bc60ca07b5680ed38f9cfa66
dp_final,4,pick_up_the_black_bowl_next_to_the_plate_and_place_it_on_the_plate,46,14046,1,105,14,1478da38dd26ac2b210d399d401073bdaddf5660bc60ca07b5680ed38f9cfa66
dp_final,4,pick_up_the_black_bowl_next_to_the_plate_and_place_it_on_the_plate,33,14033,0,600,75,1478da38dd26ac2b210d399d401073bdaddf5660bc60ca07b5680ed38f9cfa66
dp_final,4,pick_up_the_black_bowl_next_to_the_plate_and_place_it_on_the_plate,44,14044,1,239,30,1478da38dd26ac2b210d399d401073bdaddf5660bc60ca07b5680ed38f9cfa66
dp_final,4,pick_up_the_black_bowl_next_to_the_plate_and_place_it_on_the_plate,48,14048,1,106,14,1478da38dd26ac2b210d399d401073bdaddf5660bc60ca07b5680ed38f9cfa66
dp_final,6,pick_up_the_black_bowl_on_the_cookie_box_and_place_it_on_the_plate,0,16000,1,113,15,1478da38dd26ac2b210d399d401073bdaddf5660bc60ca07b5680ed38f9cfa66
dp_final,6,pick_up_the_black_bowl_on_the_cookie_box_and_place_it_on_the_plate,1,16001,1,103,13,1478da38dd26ac2b210d399d401073bdaddf5660bc60ca07b5680ed38f9cfa66
dp_final,4,pick_up_the_black_bowl_next_to_the_plate_and_place_it_on_the_plate,39,14039,0,600,75,1478da38dd26ac2b210d399d401073bdaddf5660bc60ca07b5680ed38f9cfa66
dp_final,6,pick_up_the_black_bowl_on_the_cookie_box_and_place_it_on_the_plate,2,16002,1,92,12,1478da38dd26ac2b210d399d401073bdaddf5660bc60ca07b5680ed38f9cfa66
dp_final,6,pick_up_the_black_bowl_on_the_cookie_box_and_place_it_on_the_plate,3,16003,1,95,12,1478da38dd26ac2b210d399d401073bdaddf5660bc60ca07b5680ed38f9cfa66
dp_final,4,pick_up_the_black_bowl_next_to_the_plate_and_place_it_on_the_plate,41,14041,0,600,75,1478da38dd26ac2b210d399d401073bdaddf5660bc60ca07b5680ed38f9cfa66
dp_final,4,pick_up_the_black_bowl_next_to_the_plate_and_place_it_on_the_plate,42,14042,0,600,75,1478da38dd26ac2b210d399d401073bdaddf5660bc60ca07b5680ed38f9cfa66
dp_final,4,pick_up_the_black_bowl_next_to_the_plate_and_place_it_on_the_plate,43,14043,0,600,75,1478da38dd26ac2b210d399d401073bdaddf5660bc60ca07b5680ed38f9cfa66
dp_final,6,pick_up_the_black_bowl_on_the_cookie_box_and_place_it_on_the_plate,4,16004,1,97,13,1478da38dd26ac2b210d399d401073bdaddf5660bc60ca07b5680ed38f9cfa66
dp_final,6,pick_up_the_black_bowl_on_the_cookie_box_and_place_it_on_the_plate,5,16005,1,94,12,1478da38dd26ac2b210d399d401073bdaddf5660bc60ca07b5680ed38f9cfa66
dp_final,6,pick_up_the_black_bowl_on_the_cookie_box_and_place_it_on_the_plate,6,16006,1,94,12,1478da38dd26ac2b210d399d401073bdaddf5660bc60ca07b5680ed38f9cfa66
dp_final,6,pick_up_the_black_bowl_on_the_cookie_box_and_place_it_on_the_plate,7,16007,1,90,12,1478da38dd26ac2b210d399d401073bdaddf5660bc60ca07b5680ed38f9cfa66
dp_final,6,pick_up_the_black_bowl_on_the_cookie_box_and_place_it_on_the_plate,9,16009,1,95,12,1478da38dd26ac2b210d399d401073bdaddf5660bc60ca07b5680ed38f9cfa66
dp_final,6,pick_up_the_black_bowl_on_the_cookie_box_and_place_it_on_the_plate,10,16010,1,97,13,1478da38dd26ac2b210d399d401073bdaddf5660bc60ca07b5680ed38f9cfa66
dp_final,6,pick_up_the_black_bowl_on_the_cookie_box_and_place_it_on_the_plate,8,16008,1,129,17,1478da38dd26ac2b210d399d401073bdaddf5660bc60ca07b5680ed38f9cfa66
dp_final,6,pick_up_the_black_bowl_on_the_cookie_box_and_place_it_on_the_plate,11,16011,1,102,13,1478da38dd26ac2b210d399d401073bdaddf5660bc60ca07b5680ed38f9cfa66
dp_final,6,pick_up_the_black_bowl_on_the_cookie_box_and_place_it_on_the_plate,12,16012,1,94,12,1478da38dd26ac2b210d399d401073bdaddf5660bc60ca07b5680ed38f9cfa66
dp_final,6,pick_up_the_black_bowl_on_the_cookie_box_and_place_it_on_the_plate,13,16013,1,90,12,1478da38dd26ac2b210d399d401073bdaddf5660bc60ca07b5680ed38f9cfa66
dp_final,6,pick_up_the_black_bowl_on_the_cookie_box_and_place_it_on_the_plate,14,16014,1,98,13,1478da38dd26ac2b210d399d401073bdaddf5660bc60ca07b5680ed38f9cfa66
dp_final,6,pick_up_the_black_bowl_on_the_cookie_box_and_place_it_on_the_plate,15,16015,1,90,12,1478da38dd26ac2b210d399d401073bdaddf5660bc60ca07b5680ed38f9cfa66
dp_final,6,pick_up_the_black_bowl_on_the_cookie_box_and_place_it_on_the_plate,16,16016,1,99,13,1478da38dd26ac2b210d399d401073bdaddf5660bc60ca07b5680ed38f9cfa66
dp_final,6,pick_up_the_black_bowl_on_the_cookie_box_and_place_it_on_the_plate,17,16017,1,98,13,1478da38dd26ac2b210d399d401073bdaddf5660bc60ca07b5680ed38f9cfa66
dp_final,4,pick_up_the_black_bowl_next_to_the_plate_and_place_it_on_the_plate,47,14047,0,600,75,1478da38dd26ac2b210d399d401073bdaddf5660bc60ca07b5680ed38f9cfa66
dp_final,6,pick_up_the_black_bowl_on_the_cookie_box_and_place_it_on_the_plate,19,16019,1,94,12,1478da38dd26ac2b210d399d401073bdaddf5660bc60ca07b5680ed38f9cfa66
dp_final,6,pick_up_the_black_bowl_on_the_cookie_box_and_place_it_on_the_plate,18,16018,1,103,13,1478da38dd26ac2b210d399d401073bdaddf5660bc60ca07b5680ed38f9cfa66
dp_final,4,pick_up_the_black_bowl_next_to_the_plate_and_place_it_on_the_plate,49,14049,0,600,75,1478da38dd26ac2b210d399d401073bdaddf5660bc60ca07b5680ed38f9cfa66
dp_final,6,pick_up_the_black_bowl_on_the_cookie_box_and_place_it_on_the_plate,20,16020,1,101,13,1478da38dd26ac2b210d399d401073bdaddf5660bc60ca07b5680ed38f9cfa66
dp_final,6,pick_up_the_black_bowl_on_the_cookie_box_and_place_it_on_the_plate,21,16021,1,96,12,1478da38dd26ac2b210d399d401073bdaddf5660bc60ca07b5680ed38f9cfa66
dp_final,6,pick_up_the_black_bowl_on_the_cookie_box_and_place_it_on_the_plate,23,16023,1,94,12,1478da38dd26ac2b210d399d401073bdaddf5660bc60ca07b5680ed38f9cfa66
dp_final,6,pick_up_the_black_bowl_on_the_cookie_box_and_place_it_on_the_plate,24,16024,1,92,12,1478da38dd26ac2b210d399d401073bdaddf5660bc60ca07b5680ed38f9cfa66
dp_final,6,pick_up_the_black_bowl_on_the_cookie_box_and_place_it_on_the_plate,26,16026,1,86,11,1478da38dd26ac2b210d399d401073bdaddf5660bc60ca07b5680ed38f9cfa66
dp_final,6,pick_up_the_black_bowl_on_the_cookie_box_and_place_it_on_the_plate,25,16025,1,103,13,1478da38dd26ac2b210d399d401073bdaddf5660bc60ca07b5680ed38f9cfa66
dp_final,6,pick_up_the_black_bowl_on_the_cookie_box_and_place_it_on_the_plate,22,16022,1,129,17,1478da38dd26ac2b210d399d401073bdaddf5660bc60ca07b5680ed38f9cfa66
dp_final,6,pick_up_the_black_bowl_on_the_cookie_box_and_place_it_on_the_plate,27,16027,1,96,12,1478da38dd26ac2b210d399d401073bdaddf5660bc60ca07b5680ed38f9cfa66
dp_final,6,pick_up_the_black_bowl_on_the_cookie_box_and_place_it_on_the_plate,28,16028,1,96,12,1478da38dd26ac2b210d399d401073bdaddf5660bc60ca07b5680ed38f9cfa66
dp_final,6,pick_up_the_black_bowl_on_the_cookie_box_and_place_it_on_the_plate,29,16029,1,100,13,1478da38dd26ac2b210d399d401073bdaddf5660bc60ca07b5680ed38f9cfa66
dp_final,6,pick_up_the_black_bowl_on_the_cookie_box_and_place_it_on_the_plate,30,16030,1,89,12,1478da38dd26ac2b210d399d401073bdaddf5660bc60ca07b5680ed38f9cfa66
dp_final,6,pick_up_the_black_bowl_on_the_cookie_box_and_place_it_on_the_plate,31,16031,1,93,12,1478da38dd26ac2b210d399d401073bdaddf5660bc60ca07b5680ed38f9cfa66
dp_final,6,pick_up_the_black_bowl_on_the_cookie_box_and_place_it_on_the_plate,32,16032,1,91,12,1478da38dd26ac2b210d399d401073bdaddf5660bc60ca07b5680ed38f9cfa66
dp_final,6,pick_up_the_black_bowl_on_the_cookie_box_and_place_it_on_the_plate,33,16033,1,95,12,1478da38dd26ac2b210d399d401073bdaddf5660bc60ca07b5680ed38f9cfa66
dp_final,6,pick_up_the_black_bowl_on_the_cookie_box_and_place_it_on_the_plate,35,16035,1,88,11,1478da38dd26ac2b210d399d401073bdaddf5660bc60ca07b5680ed38f9cfa66
dp_final,6,pick_up_the_black_bowl_on_the_cookie_box_and_place_it_on_the_plate,36,16036,1,96,12,1478da38dd26ac2b210d399d401073bdaddf5660bc60ca07b5680ed38f9cfa66
dp_final,6,pick_up_the_black_bowl_on_the_cookie_box_and_place_it_on_the_plate,37,16037,1,92,12,1478da38dd26ac2b210d399d401073bdaddf5660bc60ca07b5680ed38f9cfa66
dp_final,6,pick_up_the_black_bowl_on_the_cookie_box_and_place_it_on_the_plate,41,16041,1,97,13,1478da38dd26ac2b210d399d401073bdaddf5660bc60ca07b5680ed38f9cfa66
dp_final,6,pick_up_the_black_bowl_on_the_cookie_box_and_place_it_on_the_plate,39,16039,1,139,18,1478da38dd26ac2b210d399d401073bdaddf5660bc60ca07b5680ed38f9cfa66
dp_final,6,pick_up_the_black_bowl_on_the_cookie_box_and_place_it_on_the_plate,42,16042,1,102,13,1478da38dd26ac2b210d399d401073bdaddf5660bc60ca07b5680ed38f9cfa66
dp_final,6,pick_up_the_black_bowl_on_the_cookie_box_and_place_it_on_the_plate,43,16043,1,90,12,1478da38dd26ac2b210d399d401073bdaddf5660bc60ca07b5680ed38f9cfa66
dp_final,6,pick_up_the_black_bowl_on_the_cookie_box_and_place_it_on_the_plate,44,16044,1,99,13,1478da38dd26ac2b210d399d401073bdaddf5660bc60ca07b5680ed38f9cfa66
dp_final,6,pick_up_the_black_bowl_on_the_cookie_box_and_place_it_on_the_plate,45,16045,1,104,13,1478da38dd26ac2b210d399d401073bdaddf5660bc60ca07b5680ed38f9cfa66
dp_final,6,pick_up_the_black_bowl_on_the_cookie_box_and_place_it_on_the_plate,46,16046,1,95,12,1478da38dd26ac2b210d399d401073bdaddf5660bc60ca07b5680ed38f9cfa66
dp_final,6,pick_up_the_black_bowl_on_the_cookie_box_and_place_it_on_the_plate,47,16047,1,100,13,1478da38dd26ac2b210d399d401073bdaddf5660bc60ca07b5680ed38f9cfa66
dp_final,6,pick_up_the_black_bowl_on_the_cookie_box_and_place_it_on_the_plate,48,16048,1,91,12,1478da38dd26ac2b210d399d401073bdaddf5660bc60ca07b5680ed38f9cfa66
dp_final,6,pick_up_the_black_bowl_on_the_cookie_box_and_place_it_on_the_plate,49,16049,1,130,17,1478da38dd26ac2b210d399d401073bdaddf5660bc60ca07b5680ed38f9cfa66
dp_final,8,pick_up_the_black_bowl_on_the_stove_and_place_it_on_the_plate,0,18000,1,133,17,1478da38dd26ac2b210d399d401073bdaddf5660bc60ca07b5680ed38f9cfa66
dp_final,8,pick_up_the_black_bowl_on_the_stove_and_place_it_on_the_plate,3,18003,1,133,17,1478da38dd26ac2b210d399d401073bdaddf5660bc60ca07b5680ed38f9cfa66
dp_final,8,pick_up_the_black_bowl_on_the_stove_and_place_it_on_the_plate,1,18001,1,154,20,1478da38dd26ac2b210d399d401073bdaddf5660bc60ca07b5680ed38f9cfa66
dp_final,8,pick_up_the_black_bowl_on_the_stove_and_place_it_on_the_plate,2,18002,1,146,19,1478da38dd26ac2b210d399d401073bdaddf5660bc60ca07b5680ed38f9cfa66
dp_final,8,pick_up_the_black_bowl_on_the_stove_and_place_it_on_the_plate,4,18004,1,143,18,1478da38dd26ac2b210d399d401073bdaddf5660bc60ca07b5680ed38f9cfa66
dp_final,8,pick_up_the_black_bowl_on_the_stove_and_place_it_on_the_plate,5,18005,1,158,20,1478da38dd26ac2b210d399d401073bdaddf5660bc60ca07b5680ed38f9cfa66
dp_final,6,pick_up_the_black_bowl_on_the_cookie_box_and_place_it_on_the_plate,34,16034,0,600,75,1478da38dd26ac2b210d399d401073bdaddf5660bc60ca07b5680ed38f9cfa66
dp_final,8,pick_up_the_black_bowl_on_the_stove_and_place_it_on_the_plate,6,18006,1,156,20,1478da38dd26ac2b210d399d401073bdaddf5660bc60ca07b5680ed38f9cfa66
dp_final,8,pick_up_the_black_bowl_on_the_stove_and_place_it_on_the_plate,7,18007,1,164,21,1478da38dd26ac2b210d399d401073bdaddf5660bc60ca07b5680ed38f9cfa66
dp_final,6,pick_up_the_black_bowl_on_the_cookie_box_and_place_it_on_the_plate,38,16038,0,600,75,1478da38dd26ac2b210d399d401073bdaddf5660bc60ca07b5680ed38f9cfa66
dp_final,8,pick_up_the_black_bowl_on_the_stove_and_place_it_on_the_plate,9,18009,1,148,19,1478da38dd26ac2b210d399d401073bdaddf5660bc60ca07b5680ed38f9cfa66
dp_final,6,pick_up_the_black_bowl_on_the_cookie_box_and_place_it_on_the_plate,40,16040,0,600,75,1478da38dd26ac2b210d399d401073bdaddf5660bc60ca07b5680ed38f9cfa66
dp_final,8,pick_up_the_black_bowl_on_the_stove_and_place_it_on_the_plate,10,18010,1,133,17,1478da38dd26ac2b210d399d401073bdaddf5660bc60ca07b5680ed38f9cfa66
dp_final,8,pick_up_the_black_bowl_on_the_stove_and_place_it_on_the_plate,11,18011,1,149,19,1478da38dd26ac2b210d399d401073bdaddf5660bc60ca07b5680ed38f9cfa66
dp_final,8,pick_up_the_black_bowl_on_the_stove_and_place_it_on_the_plate,12,18012,1,144,18,1478da38dd26ac2b210d399d401073bdaddf5660bc60ca07b5680ed38f9cfa66
dp_final,8,pick_up_the_black_bowl_on_the_stove_and_place_it_on_the_plate,13,18013,1,149,19,1478da38dd26ac2b210d399d401073bdaddf5660bc60ca07b5680ed38f9cfa66
dp_final,8,pick_up_the_black_bowl_on_the_stove_and_place_it_on_the_plate,15,18015,1,134,17,1478da38dd26ac2b210d399d401073bdaddf5660bc60ca07b5680ed38f9cfa66
dp_final,8,pick_up_the_black_bowl_on_the_stove_and_place_it_on_the_plate,16,18016,1,133,17,1478da38dd26ac2b210d399d401073bdaddf5660bc60ca07b5680ed38f9cfa66
dp_final,8,pick_up_the_black_bowl_on_the_stove_and_place_it_on_the_plate,14,18014,1,175,22,1478da38dd26ac2b210d399d401073bdaddf5660bc60ca07b5680ed38f9cfa66
dp_final,8,pick_up_the_black_bowl_on_the_stove_and_place_it_on_the_plate,17,18017,1,132,17,1478da38dd26ac2b210d399d401073bdaddf5660bc60ca07b5680ed38f9cfa66
dp_final,8,pick_up_the_black_bowl_on_the_stove_and_place_it_on_the_plate,18,18018,1,132,17,1478da38dd26ac2b210d399d401073bdaddf5660bc60ca07b5680ed38f9cfa66
dp_final,8,pick_up_the_black_bowl_on_the_stove_and_place_it_on_the_plate,19,18019,1,126,16,1478da38dd26ac2b210d399d401073bdaddf5660bc60ca07b5680ed38f9cfa66
dp_final,8,pick_up_the_black_bowl_on_the_stove_and_place_it_on_the_plate,20,18020,1,140,18,1478da38dd26ac2b210d399d401073bdaddf5660bc60ca07b5680ed38f9cfa66
dp_final,8,pick_up_the_black_bowl_on_the_stove_and_place_it_on_the_plate,21,18021,1,140,18,1478da38dd26ac2b210d399d401073bdaddf5660bc60ca07b5680ed38f9cfa66
dp_final,8,pick_up_the_black_bowl_on_the_stove_and_place_it_on_the_plate,22,18022,1,157,20,1478da38dd26ac2b210d399d401073bdaddf5660bc60ca07b5680ed38f9cfa66
dp_final,8,pick_up_the_black_bowl_on_the_stove_and_place_it_on_the_plate,23,18023,1,139,18,1478da38dd26ac2b210d399d401073bdaddf5660bc60ca07b5680ed38f9cfa66
dp_final,8,pick_up_the_black_bowl_on_the_stove_and_place_it_on_the_plate,24,18024,1,132,17,1478da38dd26ac2b210d399d401073bdaddf5660bc60ca07b5680ed38f9cfa66
dp_final,8,pick_up_the_black_bowl_on_the_stove_and_place_it_on_the_plate,25,18025,1,124,16,1478da38dd26ac2b210d399d401073bdaddf5660bc60ca07b5680ed38f9cfa66
dp_final,8,pick_up_the_black_bowl_on_the_stove_and_place_it_on_the_plate,26,18026,1,147,19,1478da38dd26ac2b210d399d401073bdaddf5660bc60ca07b5680ed38f9cfa66
dp_final,8,pick_up_the_black_bowl_on_the_stove_and_place_it_on_the_plate,8,18008,0,600,75,1478da38dd26ac2b210d399d401073bdaddf5660bc60ca07b5680ed38f9cfa66
dp_final,8,pick_up_the_black_bowl_on_the_stove_and_place_it_on_the_plate,28,18028,1,148,19,1478da38dd26ac2b210d399d401073bdaddf5660bc60ca07b5680ed38f9cfa66
dp_final,8,pick_up_the_black_bowl_on_the_stove_and_place_it_on_the_plate,29,18029,1,128,16,1478da38dd26ac2b210d399d401073bdaddf5660bc60ca07b5680ed38f9cfa66
dp_final,8,pick_up_the_black_bowl_on_the_stove_and_place_it_on_the_plate,30,18030,1,134,17,1478da38dd26ac2b210d399d401073bdaddf5660bc60ca07b5680ed38f9cfa66
dp_final,8,pick_up_the_black_bowl_on_the_stove_and_place_it_on_the_plate,31,18031,1,128,16,1478da38dd26ac2b210d399d401073bdaddf5660bc60ca07b5680ed38f9cfa66
dp_final,8,pick_up_the_black_bowl_on_the_stove_and_place_it_on_the_plate,32,18032,1,139,18,1478da38dd26ac2b210d399d401073bdaddf5660bc60ca07b5680ed38f9cfa66
dp_final,8,pick_up_the_black_bowl_on_the_stove_and_place_it_on_the_plate,33,18033,1,157,20,1478da38dd26ac2b210d399d401073bdaddf5660bc60ca07b5680ed38f9cfa66
dp_final,8,pick_up_the_black_bowl_on_the_stove_and_place_it_on_the_plate,35,18035,1,140,18,1478da38dd26ac2b210d399d401073bdaddf5660bc60ca07b5680ed38f9cfa66
dp_final,8,pick_up_the_black_bowl_on_the_stove_and_place_it_on_the_plate,36,18036,1,141,18,1478da38dd26ac2b210d399d401073bdaddf5660bc60ca07b5680ed38f9cfa66
dp_final,8,pick_up_the_black_bowl_on_the_stove_and_place_it_on_the_plate,38,18038,1,153,20,1478da38dd26ac2b210d399d401073bdaddf5660bc60ca07b5680ed38f9cfa66
dp_final,8,pick_up_the_black_bowl_on_the_stove_and_place_it_on_the_plate,39,18039,1,136,17,1478da38dd26ac2b210d399d401073bdaddf5660bc60ca07b5680ed38f9cfa66
dp_final,8,pick_up_the_black_bowl_on_the_stove_and_place_it_on_the_plate,41,18041,1,142,18,1478da38dd26ac2b210d399d401073bdaddf5660bc60ca07b5680ed38f9cfa66
dp_final,8,pick_up_the_black_bowl_on_the_stove_and_place_it_on_the_plate,34,18034,1,332,42,1478da38dd26ac2b210d399d401073bdaddf5660bc60ca07b5680ed38f9cfa66
dp_final,8,pick_up_the_black_bowl_on_the_stove_and_place_it_on_the_plate,42,18042,1,161,21,1478da38dd26ac2b210d399d401073bdaddf5660bc60ca07b5680ed38f9cfa66
dp_final,8,pick_up_the_black_bowl_on_the_stove_and_place_it_on_the_plate,43,18043,1,139,18,1478da38dd26ac2b210d399d401073bdaddf5660bc60ca07b5680ed38f9cfa66
dp_final,8,pick_up_the_black_bowl_on_the_stove_and_place_it_on_the_plate,44,18044,1,159,20,1478da38dd26ac2b210d399d401073bdaddf5660bc60ca07b5680ed38f9cfa66
dp_final,8,pick_up_the_black_bowl_on_the_stove_and_place_it_on_the_plate,45,18045,1,134,17,1478da38dd26ac2b210d399d401073bdaddf5660bc60ca07b5680ed38f9cfa66
dp_final,8,pick_up_the_black_bowl_on_the_stove_and_place_it_on_the_plate,27,18027,0,600,75,1478da38dd26ac2b210d399d401073bdaddf5660bc60ca07b5680ed38f9cfa66
dp_final,8,pick_up_the_black_bowl_on_the_stove_and_place_it_on_the_plate,46,18046,1,169,22,1478da38dd26ac2b210d399d401073bdaddf5660bc60ca07b5680ed38f9cfa66
dp_final,8,pick_up_the_black_bowl_on_the_stove_and_place_it_on_the_plate,48,18048,1,157,20,1478da38dd26ac2b210d399d401073bdaddf5660bc60ca07b5680ed38f9cfa66
dp_final,8,pick_up_the_black_bowl_on_the_stove_and_place_it_on_the_plate,37,18037,0,600,75,1478da38dd26ac2b210d399d401073bdaddf5660bc60ca07b5680ed38f9cfa66
dp_final,8,pick_up_the_black_bowl_on_the_stove_and_place_it_on_the_plate,40,18040,0,600,75,1478da38dd26ac2b210d399d401073bdaddf5660bc60ca07b5680ed38f9cfa66
dp_final,8,pick_up_the_black_bowl_on_the_stove_and_place_it_on_the_plate,47,18047,0,600,75,1478da38dd26ac2b210d399d401073bdaddf5660bc60ca07b5680ed38f9cfa66
dp_final,8,pick_up_the_black_bowl_on_the_stove_and_place_it_on_the_plate,49,18049,0,600,75,1478da38dd26ac2b210d399d401073bdaddf5660bc60ca07b5680ed38f9cfa66
dp_final,1,pick_up_the_black_bowl_from_table_center_and_place_it_on_the_plate,3,11003,1,105,14,1478da38dd26ac2b210d399d401073bdaddf5660bc60ca07b5680ed38f9cfa66
dp_final,1,pick_up_the_black_bowl_from_table_center_and_place_it_on_the_plate,6,11006,1,105,14,1478da38dd26ac2b210d399d401073bdaddf5660bc60ca07b5680ed38f9cfa66
dp_final,1,pick_up_the_black_bowl_from_table_center_and_place_it_on_the_plate,1,11001,1,106,14,1478da38dd26ac2b210d399d401073bdaddf5660bc60ca07b5680ed38f9cfa66
dp_final,1,pick_up_the_black_bowl_from_table_center_and_place_it_on_the_plate,7,11007,1,107,14,1478da38dd26ac2b210d399d401073bdaddf5660bc60ca07b5680ed38f9cfa66
dp_final,1,pick_up_the_black_bowl_from_table_center_and_place_it_on_the_plate,5,11005,1,110,14,1478da38dd26ac2b210d399d401073bdaddf5660bc60ca07b5680ed38f9cfa66
dp_final,1,pick_up_the_black_bowl_from_table_center_and_place_it_on_the_plate,2,11002,1,111,14,1478da38dd26ac2b210d399d401073bdaddf5660bc60ca07b5680ed38f9cfa66
dp_final,1,pick_up_the_black_bowl_from_table_center_and_place_it_on_the_plate,4,11004,1,111,14,1478da38dd26ac2b210d399d401073bdaddf5660bc60ca07b5680ed38f9cfa66
dp_final,1,pick_up_the_black_bowl_from_table_center_and_place_it_on_the_plate,0,11000,1,119,15,1478da38dd26ac2b210d399d401073bdaddf5660bc60ca07b5680ed38f9cfa66
dp_final,1,pick_up_the_black_bowl_from_table_center_and_place_it_on_the_plate,9,11009,1,114,15,1478da38dd26ac2b210d399d401073bdaddf5660bc60ca07b5680ed38f9cfa66
dp_final,1,pick_up_the_black_bowl_from_table_center_and_place_it_on_the_plate,10,11010,1,114,15,1478da38dd26ac2b210d399d401073bdaddf5660bc60ca07b5680ed38f9cfa66
dp_final,1,pick_up_the_black_bowl_from_table_center_and_place_it_on_the_plate,15,11015,1,102,13,1478da38dd26ac2b210d399d401073bdaddf5660bc60ca07b5680ed38f9cfa66
dp_final,1,pick_up_the_black_bowl_from_table_center_and_place_it_on_the_plate,8,11008,1,116,15,1478da38dd26ac2b210d399d401073bdaddf5660bc60ca07b5680ed38f9cfa66
dp_final,1,pick_up_the_black_bowl_from_table_center_and_place_it_on_the_plate,11,11011,1,116,15,1478da38dd26ac2b210d399d401073bdaddf5660bc60ca07b5680ed38f9cfa66
dp_final,1,pick_up_the_black_bowl_from_table_center_and_place_it_on_the_plate,13,11013,1,113,15,1478da38dd26ac2b210d399d401073bdaddf5660bc60ca07b5680ed38f9cfa66
dp_final,1,pick_up_the_black_bowl_from_table_center_and_place_it_on_the_plate,12,11012,1,118,15,1478da38dd26ac2b210d399d401073bdaddf5660bc60ca07b5680ed38f9cfa66
dp_final,1,pick_up_the_black_bowl_from_table_center_and_place_it_on_the_plate,14,11014,1,118,15,1478da38dd26ac2b210d399d401073bdaddf5660bc60ca07b5680ed38f9cfa66
dp_final,1,pick_up_the_black_bowl_from_table_center_and_place_it_on_the_plate,16,11016,1,106,14,1478da38dd26ac2b210d399d401073bdaddf5660bc60ca07b5680ed38f9cfa66
dp_final,1,pick_up_the_black_bowl_from_table_center_and_place_it_on_the_plate,21,11021,1,109,14,1478da38dd26ac2b210d399d401073bdaddf5660bc60ca07b5680ed38f9cfa66
dp_final,1,pick_up_the_black_bowl_from_table_center_and_place_it_on_the_plate,20,11020,1,110,14,1478da38dd26ac2b210d399d401073bdaddf5660bc60ca07b5680ed38f9cfa66
dp_final,1,pick_up_the_black_bowl_from_table_center_and_place_it_on_the_plate,19,11019,1,115,15,1478da38dd26ac2b210d399d401073bdaddf5660bc60ca07b5680ed38f9cfa66
dp_final,1,pick_up_the_black_bowl_from_table_center_and_place_it_on_the_plate,18,11018,1,116,15,1478da38dd26ac2b210d399d401073bdaddf5660bc60ca07b5680ed38f9cfa66
dp_final,1,pick_up_the_black_bowl_from_table_center_and_place_it_on_the_plate,17,11017,1,120,15,1478da38dd26ac2b210d399d401073bdaddf5660bc60ca07b5680ed38f9cfa66
dp_final,1,pick_up_the_black_bowl_from_table_center_and_place_it_on_the_plate,23,11023,1,112,14,1478da38dd26ac2b210d399d401073bdaddf5660bc60ca07b5680ed38f9cfa66
dp_final,1,pick_up_the_black_bowl_from_table_center_and_place_it_on_the_plate,22,11022,1,115,15,1478da38dd26ac2b210d399d401073bdaddf5660bc60ca07b5680ed38f9cfa66
dp_final,1,pick_up_the_black_bowl_from_table_center_and_place_it_on_the_plate,24,11024,1,107,14,1478da38dd26ac2b210d399d401073bdaddf5660bc60ca07b5680ed38f9cfa66
dp_final,1,pick_up_the_black_bowl_from_table_center_and_place_it_on_the_plate,25,11025,1,103,13,1478da38dd26ac2b210d399d401073bdaddf5660bc60ca07b5680ed38f9cfa66
dp_final,1,pick_up_the_black_bowl_from_table_center_and_place_it_on_the_plate,27,11027,1,104,13,1478da38dd26ac2b210d399d401073bdaddf5660bc60ca07b5680ed38f9cfa66
dp_final,1,pick_up_the_black_bowl_from_table_center_and_place_it_on_the_plate,26,11026,1,107,14,1478da38dd26ac2b210d399d401073bdaddf5660bc60ca07b5680ed38f9cfa66
dp_final,1,pick_up_the_black_bowl_from_table_center_and_place_it_on_the_plate,28,11028,1,106,14,1478da38dd26ac2b210d399d401073bdaddf5660bc60ca07b5680ed38f9cfa66
dp_final,1,pick_up_the_black_bowl_from_table_center_and_place_it_on_the_plate,29,11029,1,104,13,1478da38dd26ac2b210d399d401073bdaddf5660bc60ca07b5680ed38f9cfa66
dp_final,1,pick_up_the_black_bowl_from_table_center_and_place_it_on_the_plate,31,11031,1,102,13,1478da38dd26ac2b210d399d401073bdaddf5660bc60ca07b5680ed38f9cfa66
dp_final,1,pick_up_the_black_bowl_from_table_center_and_place_it_on_the_plate,30,11030,1,121,16,1478da38dd26ac2b210d399d401073bdaddf5660bc60ca07b5680ed38f9cfa66
dp_final,1,pick_up_the_black_bowl_from_table_center_and_place_it_on_the_plate,32,11032,1,112,14,1478da38dd26ac2b210d399d401073bdaddf5660bc60ca07b5680ed38f9cfa66
dp_final,1,pick_up_the_black_bowl_from_table_center_and_place_it_on_the_plate,35,11035,1,107,14,1478da38dd26ac2b210d399d401073bdaddf5660bc60ca07b5680ed38f9cfa66
dp_final,1,pick_up_the_black_bowl_from_table_center_and_place_it_on_the_plate,33,11033,1,114,15,1478da38dd26ac2b210d399d401073bdaddf5660bc60ca07b5680ed38f9cfa66
dp_final,1,pick_up_the_black_bowl_from_table_center_and_place_it_on_the_plate,34,11034,1,110,14,1478da38dd26ac2b210d399d401073bdaddf5660bc60ca07b5680ed38f9cfa66
dp_final,1,pick_up_the_black_bowl_from_table_center_and_place_it_on_the_plate,38,11038,1,108,14,1478da38dd26ac2b210d399d401073bdaddf5660bc60ca07b5680ed38f9cfa66
dp_final,1,pick_up_the_black_bowl_from_table_center_and_place_it_on_the_plate,36,11036,1,113,15,1478da38dd26ac2b210d399d401073bdaddf5660bc60ca07b5680ed38f9cfa66
dp_final,1,pick_up_the_black_bowl_from_table_center_and_place_it_on_the_plate,37,11037,1,123,16,1478da38dd26ac2b210d399d401073bdaddf5660bc60ca07b5680ed38f9cfa66
dp_final,1,pick_up_the_black_bowl_from_table_center_and_place_it_on_the_plate,39,11039,1,111,14,1478da38dd26ac2b210d399d401073bdaddf5660bc60ca07b5680ed38f9cfa66
dp_final,1,pick_up_the_black_bowl_from_table_center_and_place_it_on_the_plate,41,11041,1,108,14,1478da38dd26ac2b210d399d401073bdaddf5660bc60ca07b5680ed38f9cfa66
dp_final,1,pick_up_the_black_bowl_from_table_center_and_place_it_on_the_plate,43,11043,1,106,14,1478da38dd26ac2b210d399d401073bdaddf5660bc60ca07b5680ed38f9cfa66
dp_final,1,pick_up_the_black_bowl_from_table_center_and_place_it_on_the_plate,40,11040,1,114,15,1478da38dd26ac2b210d399d401073bdaddf5660bc60ca07b5680ed38f9cfa66
dp_final,1,pick_up_the_black_bowl_from_table_center_and_place_it_on_the_plate,42,11042,1,113,15,1478da38dd26ac2b210d399d401073bdaddf5660bc60ca07b5680ed38f9cfa66
dp_final,1,pick_up_the_black_bowl_from_table_center_and_place_it_on_the_plate,44,11044,1,116,15,1478da38dd26ac2b210d399d401073bdaddf5660bc60ca07b5680ed38f9cfa66
dp_final,1,pick_up_the_black_bowl_from_table_center_and_place_it_on_the_plate,45,11045,1,114,15,1478da38dd26ac2b210d399d401073bdaddf5660bc60ca07b5680ed38f9cfa66
dp_final,1,pick_up_the_black_bowl_from_table_center_and_place_it_on_the_plate,46,11046,1,108,14,1478da38dd26ac2b210d399d401073bdaddf5660bc60ca07b5680ed38f9cfa66
dp_final,1,pick_up_the_black_bowl_from_table_center_and_place_it_on_the_plate,47,11047,1,114,15,1478da38dd26ac2b210d399d401073bdaddf5660bc60ca07b5680ed38f9cfa66
dp_final,1,pick_up_the_black_bowl_from_table_center_and_place_it_on_the_plate,49,11049,1,104,13,1478da38dd26ac2b210d399d401073bdaddf5660bc60ca07b5680ed38f9cfa66
dp_final,1,pick_up_the_black_bowl_from_table_center_and_place_it_on_the_plate,48,11048,1,111,14,1478da38dd26ac2b210d399d401073bdaddf5660bc60ca07b5680ed38f9cfa66
dp_final,3,pick_up_the_black_bowl_next_to_the_cookie_box_and_place_it_on_the_plate,1,13001,1,113,15,1478da38dd26ac2b210d399d401073bdaddf5660bc60ca07b5680ed38f9cfa66
dp_final,3,pick_up_the_black_bowl_next_to_the_cookie_box_and_place_it_on_the_plate,0,13000,1,120,15,1478da38dd26ac2b210d399d401073bdaddf5660bc60ca07b5680ed38f9cfa66
dp_final,3,pick_up_the_black_bowl_next_to_the_cookie_box_and_place_it_on_the_plate,2,13002,1,114,15,1478da38dd26ac2b210d399d401073bdaddf5660bc60ca07b5680ed38f9cfa66
dp_final,3,pick_up_the_black_bowl_next_to_the_cookie_box_and_place_it_on_the_plate,3,13003,1,120,15,1478da38dd26ac2b210d399d401073bdaddf5660bc60ca07b5680ed38f9cfa66
dp_final,3,pick_up_the_black_bowl_next_to_the_cookie_box_and_place_it_on_the_plate,4,13004,1,150,19,1478da38dd26ac2b210d399d401073bdaddf5660bc60ca07b5680ed38f9cfa66
dp_final,3,pick_up_the_black_bowl_next_to_the_cookie_box_and_place_it_on_the_plate,6,13006,1,120,15,1478da38dd26ac2b210d399d401073bdaddf5660bc60ca07b5680ed38f9cfa66
dp_final,3,pick_up_the_black_bowl_next_to_the_cookie_box_and_place_it_on_the_plate,7,13007,1,118,15,1478da38dd26ac2b210d399d401073bdaddf5660bc60ca07b5680ed38f9cfa66
dp_final,3,pick_up_the_black_bowl_next_to_the_cookie_box_and_place_it_on_the_plate,8,13008,1,120,15,1478da38dd26ac2b210d399d401073bdaddf5660bc60ca07b5680ed38f9cfa66
dp_final,3,pick_up_the_black_bowl_next_to_the_cookie_box_and_place_it_on_the_plate,9,13009,1,119,15,1478da38dd26ac2b210d399d401073bdaddf5660bc60ca07b5680ed38f9cfa66
dp_final,3,pick_up_the_black_bowl_next_to_the_cookie_box_and_place_it_on_the_plate,10,13010,1,118,15,1478da38dd26ac2b210d399d401073bdaddf5660bc60ca07b5680ed38f9cfa66
dp_final,3,pick_up_the_black_bowl_next_to_the_cookie_box_and_place_it_on_the_plate,11,13011,1,122,16,1478da38dd26ac2b210d399d401073bdaddf5660bc60ca07b5680ed38f9cfa66
dp_final,3,pick_up_the_black_bowl_next_to_the_cookie_box_and_place_it_on_the_plate,12,13012,1,124,16,1478da38dd26ac2b210d399d401073bdaddf5660bc60ca07b5680ed38f9cfa66
dp_final,3,pick_up_the_black_bowl_next_to_the_cookie_box_and_place_it_on_the_plate,13,13013,1,116,15,1478da38dd26ac2b210d399d401073bdaddf5660bc60ca07b5680ed38f9cfa66
dp_final,3,pick_up_the_black_bowl_next_to_the_cookie_box_and_place_it_on_the_plate,17,13017,1,108,14,1478da38dd26ac2b210d399d401073bdaddf5660bc60ca07b5680ed38f9cfa66
dp_final,3,pick_up_the_black_bowl_next_to_the_cookie_box_and_place_it_on_the_plate,15,13015,1,118,15,1478da38dd26ac2b210d399d401073bdaddf5660bc60ca07b5680ed38f9cfa66
dp_final,3,pick_up_the_black_bowl_next_to_the_cookie_box_and_place_it_on_the_plate,18,13018,1,123,16,1478da38dd26ac2b210d399d401073bdaddf5660bc60ca07b5680ed38f9cfa66
dp_final,3,pick_up_the_black_bowl_next_to_the_cookie_box_and_place_it_on_the_plate,14,13014,1,175,22,1478da38dd26ac2b210d399d401073bdaddf5660bc60ca07b5680ed38f9cfa66
dp_final,3,pick_up_the_black_bowl_next_to_the_cookie_box_and_place_it_on_the_plate,19,13019,1,124,16,1478da38dd26ac2b210d399d401073bdaddf5660bc60ca07b5680ed38f9cfa66
dp_final,3,pick_up_the_black_bowl_next_to_the_cookie_box_and_place_it_on_the_plate,16,13016,1,194,25,1478da38dd26ac2b210d399d401073bdaddf5660bc60ca07b5680ed38f9cfa66
dp_final,3,pick_up_the_black_bowl_next_to_the_cookie_box_and_place_it_on_the_plate,20,13020,1,122,16,1478da38dd26ac2b210d399d401073bdaddf5660bc60ca07b5680ed38f9cfa66
dp_final,3,pick_up_the_black_bowl_next_to_the_cookie_box_and_place_it_on_the_plate,22,13022,1,105,14,1478da38dd26ac2b210d399d401073bdaddf5660bc60ca07b5680ed38f9cfa66
dp_final,3,pick_up_the_black_bowl_next_to_the_cookie_box_and_place_it_on_the_plate,21,13021,1,120,15,1478da38dd26ac2b210d399d401073bdaddf5660bc60ca07b5680ed38f9cfa66
dp_final,3,pick_up_the_black_bowl_next_to_the_cookie_box_and_place_it_on_the_plate,24,13024,1,114,15,1478da38dd26ac2b210d399d401073bdaddf5660bc60ca07b5680ed38f9cfa66
dp_final,3,pick_up_the_black_bowl_next_to_the_cookie_box_and_place_it_on_the_plate,23,13023,1,149,19,1478da38dd26ac2b210d399d401073bdaddf5660bc60ca07b5680ed38f9cfa66
dp_final,3,pick_up_the_black_bowl_next_to_the_cookie_box_and_place_it_on_the_plate,25,13025,1,116,15,1478da38dd26ac2b210d399d401073bdaddf5660bc60ca07b5680ed38f9cfa66
dp_final,3,pick_up_the_black_bowl_next_to_the_cookie_box_and_place_it_on_the_plate,26,13026,1,113,15,1478da38dd26ac2b210d399d401073bdaddf5660bc60ca07b5680ed38f9cfa66
dp_final,3,pick_up_the_black_bowl_next_to_the_cookie_box_and_place_it_on_the_plate,27,13027,1,112,14,1478da38dd26ac2b210d399d401073bdaddf5660bc60ca07b5680ed38f9cfa66
dp_final,3,pick_up_the_black_bowl_next_to_the_cookie_box_and_place_it_on_the_plate,28,13028,1,117,15,1478da38dd26ac2b210d399d401073bdaddf5660bc60ca07b5680ed38f9cfa66
dp_final,3,pick_up_the_black_bowl_next_to_the_cookie_box_and_place_it_on_the_plate,29,13029,1,119,15,1478da38dd26ac2b210d399d401073bdaddf5660bc60ca07b5680ed38f9cfa66
dp_final,3,pick_up_the_black_bowl_next_to_the_cookie_box_and_place_it_on_the_plate,5,13005,0,600,75,1478da38dd26ac2b210d399d401073bdaddf5660bc60ca07b5680ed38f9cfa66
dp_final,3,pick_up_the_black_bowl_next_to_the_cookie_box_and_place_it_on_the_plate,31,13031,1,110,14,1478da38dd26ac2b210d399d401073bdaddf5660bc60ca07b5680ed38f9cfa66
dp_final,3,pick_up_the_black_bowl_next_to_the_cookie_box_and_place_it_on_the_plate,30,13030,1,125,16,1478da38dd26ac2b210d399d401073bdaddf5660bc60ca07b5680ed38f9cfa66
dp_final,3,pick_up_the_black_bowl_next_to_the_cookie_box_and_place_it_on_the_plate,32,13032,1,122,16,1478da38dd26ac2b210d399d401073bdaddf5660bc60ca07b5680ed38f9cfa66
dp_final,3,pick_up_the_black_bowl_next_to_the_cookie_box_and_place_it_on_the_plate,35,13035,1,122,16,1478da38dd26ac2b210d399d401073bdaddf5660bc60ca07b5680ed38f9cfa66
dp_final,3,pick_up_the_black_bowl_next_to_the_cookie_box_and_place_it_on_the_plate,36,13036,1,111,14,1478da38dd26ac2b210d399d401073bdaddf5660bc60ca07b5680ed38f9cfa66
dp_final,3,pick_up_the_black_bowl_next_to_the_cookie_box_and_place_it_on_the_plate,33,13033,1,160,20,1478da38dd26ac2b210d399d401073bdaddf5660bc60ca07b5680ed38f9cfa66
dp_final,3,pick_up_the_black_bowl_next_to_the_cookie_box_and_place_it_on_the_plate,37,13037,1,126,16,1478da38dd26ac2b210d399d401073bdaddf5660bc60ca07b5680ed38f9cfa66
dp_final,3,pick_up_the_black_bowl_next_to_the_cookie_box_and_place_it_on_the_plate,38,13038,1,125,16,1478da38dd26ac2b210d399d401073bdaddf5660bc60ca07b5680ed38f9cfa66
dp_final,3,pick_up_the_black_bowl_next_to_the_cookie_box_and_place_it_on_the_plate,39,13039,1,127,16,1478da38dd26ac2b210d399d401073bdaddf5660bc60ca07b5680ed38f9cfa66
dp_final,3,pick_up_the_black_bowl_next_to_the_cookie_box_and_place_it_on_the_plate,40,13040,1,118,15,1478da38dd26ac2b210d399d401073bdaddf5660bc60ca07b5680ed38f9cfa66
dp_final,3,pick_up_the_black_bowl_next_to_the_cookie_box_and_place_it_on_the_plate,42,13042,1,113,15,1478da38dd26ac2b210d399d401073bdaddf5660bc60ca07b5680ed38f9cfa66
dp_final,3,pick_up_the_black_bowl_next_to_the_cookie_box_and_place_it_on_the_plate,43,13043,1,115,15,1478da38dd26ac2b210d399d401073bdaddf5660bc60ca07b5680ed38f9cfa66
dp_final,3,pick_up_the_black_bowl_next_to_the_cookie_box_and_place_it_on_the_plate,41,13041,1,127,16,1478da38dd26ac2b210d399d401073bdaddf5660bc60ca07b5680ed38f9cfa66
dp_final,3,pick_up_the_black_bowl_next_to_the_cookie_box_and_place_it_on_the_plate,44,13044,1,120,15,1478da38dd26ac2b210d399d401073bdaddf5660bc60ca07b5680ed38f9cfa66
dp_final,3,pick_up_the_black_bowl_next_to_the_cookie_box_and_place_it_on_the_plate,45,13045,1,119,15,1478da38dd26ac2b210d399d401073bdaddf5660bc60ca07b5680ed38f9cfa66
dp_final,3,pick_up_the_black_bowl_next_to_the_cookie_box_and_place_it_on_the_plate,47,13047,1,112,14,1478da38dd26ac2b210d399d401073bdaddf5660bc60ca07b5680ed38f9cfa66
dp_final,3,pick_up_the_black_bowl_next_to_the_cookie_box_and_place_it_on_the_plate,48,13048,1,124,16,1478da38dd26ac2b210d399d401073bdaddf5660bc60ca07b5680ed38f9cfa66
dp_final,5,pick_up_the_black_bowl_next_to_the_ramekin_and_place_it_on_the_plate,0,15000,1,118,15,1478da38dd26ac2b210d399d401073bdaddf5660bc60ca07b5680ed38f9cfa66
dp_final,3,pick_up_the_black_bowl_next_to_the_cookie_box_and_place_it_on_the_plate,49,13049,1,152,19,1478da38dd26ac2b210d399d401073bdaddf5660bc60ca07b5680ed38f9cfa66
dp_final,5,pick_up_the_black_bowl_next_to_the_ramekin_and_place_it_on_the_plate,1,15001,1,111,14,1478da38dd26ac2b210d399d401073bdaddf5660bc60ca07b5680ed38f9cfa66
dp_final,5,pick_up_the_black_bowl_next_to_the_ramekin_and_place_it_on_the_plate,3,15003,1,117,15,1478da38dd26ac2b210d399d401073bdaddf5660bc60ca07b5680ed38f9cfa66
dp_final,5,pick_up_the_black_bowl_next_to_the_ramekin_and_place_it_on_the_plate,2,15002,1,193,25,1478da38dd26ac2b210d399d401073bdaddf5660bc60ca07b5680ed38f9cfa66
dp_final,5,pick_up_the_black_bowl_next_to_the_ramekin_and_place_it_on_the_plate,4,15004,1,156,20,1478da38dd26ac2b210d399d401073bdaddf5660bc60ca07b5680ed38f9cfa66
dp_final,5,pick_up_the_black_bowl_next_to_the_ramekin_and_place_it_on_the_plate,7,15007,1,114,15,1478da38dd26ac2b210d399d401073bdaddf5660bc60ca07b5680ed38f9cfa66
dp_final,5,pick_up_the_black_bowl_next_to_the_ramekin_and_place_it_on_the_plate,6,15006,1,129,17,1478da38dd26ac2b210d399d401073bdaddf5660bc60ca07b5680ed38f9cfa66
dp_final,5,pick_up_the_black_bowl_next_to_the_ramekin_and_place_it_on_the_plate,5,15005,1,167,21,1478da38dd26ac2b210d399d401073bdaddf5660bc60ca07b5680ed38f9cfa66
dp_final,5,pick_up_the_black_bowl_next_to_the_ramekin_and_place_it_on_the_plate,8,15008,1,114,15,1478da38dd26ac2b210d399d401073bdaddf5660bc60ca07b5680ed38f9cfa66
dp_final,3,pick_up_the_black_bowl_next_to_the_cookie_box_and_place_it_on_the_plate,34,13034,0,600,75,1478da38dd26ac2b210d399d401073bdaddf5660bc60ca07b5680ed38f9cfa66
dp_final,5,pick_up_the_black_bowl_next_to_the_ramekin_and_place_it_on_the_plate,9,15009,1,120,15,1478da38dd26ac2b210d399d401073bdaddf5660bc60ca07b5680ed38f9cfa66
dp_final,5,pick_up_the_black_bowl_next_to_the_ramekin_and_place_it_on_the_plate,11,15011,1,123,16,1478da38dd26ac2b210d399d401073bdaddf5660bc60ca07b5680ed38f9cfa66
dp_final,5,pick_up_the_black_bowl_next_to_the_ramekin_and_place_it_on_the_plate,12,15012,1,135,17,1478da38dd26ac2b210d399d401073bdaddf5660bc60ca07b5680ed38f9cfa66
dp_final,5,pick_up_the_black_bowl_next_to_the_ramekin_and_place_it_on_the_plate,14,15014,1,128,16,1478da38dd26ac2b210d399d401073bdaddf5660bc60ca07b5680ed38f9cfa66
dp_final,5,pick_up_the_black_bowl_next_to_the_ramekin_and_place_it_on_the_plate,13,15013,1,141,18,1478da38dd26ac2b210d399d401073bdaddf5660bc60ca07b5680ed38f9cfa66
dp_final,5,pick_up_the_black_bowl_next_to_the_ramekin_and_place_it_on_the_plate,10,15010,1,162,21,1478da38dd26ac2b210d399d401073bdaddf5660bc60ca07b5680ed38f9cfa66
dp_final,5,pick_up_the_black_bowl_next_to_the_ramekin_and_place_it_on_the_plate,16,15016,1,116,15,1478da38dd26ac2b210d399d401073bdaddf5660bc60ca07b5680ed38f9cfa66
dp_final,5,pick_up_the_black_bowl_next_to_the_ramekin_and_place_it_on_the_plate,15,15015,1,146,19,1478da38dd26ac2b210d399d401073bdaddf5660bc60ca07b5680ed38f9cfa66
dp_final,5,pick_up_the_black_bowl_next_to_the_ramekin_and_place_it_on_the_plate,17,15017,1,132,17,1478da38dd26ac2b210d399d401073bdaddf5660bc60ca07b5680ed38f9cfa66
dp_final,3,pick_up_the_black_bowl_next_to_the_cookie_box_and_place_it_on_the_plate,46,13046,0,600,75,1478da38dd26ac2b210d399d401073bdaddf5660bc60ca07b5680ed38f9cfa66
dp_final,5,pick_up_the_black_bowl_next_to_the_ramekin_and_place_it_on_the_plate,20,15020,1,117,15,1478da38dd26ac2b210d399d401073bdaddf5660bc60ca07b5680ed38f9cfa66
dp_final,5,pick_up_the_black_bowl_next_to_the_ramekin_and_place_it_on_the_plate,21,15021,1,119,15,1478da38dd26ac2b210d399d401073bdaddf5660bc60ca07b5680ed38f9cfa66
dp_final,5,pick_up_the_black_bowl_next_to_the_ramekin_and_place_it_on_the_plate,19,15019,1,143,18,1478da38dd26ac2b210d399d401073bdaddf5660bc60ca07b5680ed38f9cfa66
dp_final,5,pick_up_the_black_bowl_next_to_the_ramekin_and_place_it_on_the_plate,18,15018,1,150,19,1478da38dd26ac2b210d399d401073bdaddf5660bc60ca07b5680ed38f9cfa66
dp_final,5,pick_up_the_black_bowl_next_to_the_ramekin_and_place_it_on_the_plate,22,15022,1,112,14,1478da38dd26ac2b210d399d401073bdaddf5660bc60ca07b5680ed38f9cfa66
dp_final,5,pick_up_the_black_bowl_next_to_the_ramekin_and_place_it_on_the_plate,23,15023,1,115,15,1478da38dd26ac2b210d399d401073bdaddf5660bc60ca07b5680ed38f9cfa66
dp_final,5,pick_up_the_black_bowl_next_to_the_ramekin_and_place_it_on_the_plate,24,15024,1,115,15,1478da38dd26ac2b210d399d401073bdaddf5660bc60ca07b5680ed38f9cfa66
dp_final,5,pick_up_the_black_bowl_next_to_the_ramekin_and_place_it_on_the_plate,27,15027,1,113,15,1478da38dd26ac2b210d399d401073bdaddf5660bc60ca07b5680ed38f9cfa66
dp_final,5,pick_up_the_black_bowl_next_to_the_ramekin_and_place_it_on_the_plate,25,15025,1,127,16,1478da38dd26ac2b210d399d401073bdaddf5660bc60ca07b5680ed38f9cfa66
dp_final,5,pick_up_the_black_bowl_next_to_the_ramekin_and_place_it_on_the_plate,28,15028,1,124,16,1478da38dd26ac2b210d399d401073bdaddf5660bc60ca07b5680ed38f9cfa66
dp_final,5,pick_up_the_black_bowl_next_to_the_ramekin_and_place_it_on_the_plate,26,15026,1,151,19,1478da38dd26ac2b210d399d401073bdaddf5660bc60ca07b5680ed38f9cfa66
dp_final,5,pick_up_the_black_bowl_next_to_the_ramekin_and_place_it_on_the_plate,29,15029,1,149,19,1478da38dd26ac2b210d399d401073bdaddf5660bc60ca07b5680ed38f9cfa66
dp_final,5,pick_up_the_black_bowl_next_to_the_ramekin_and_place_it_on_the_plate,30,15030,1,123,16,1478da38dd26ac2b210d399d401073bdaddf5660bc60ca07b5680ed38f9cfa66
dp_final,5,pick_up_the_black_bowl_next_to_the_ramekin_and_place_it_on_the_plate,31,15031,1,120,15,1478da38dd26ac2b210d399d401073bdaddf5660bc60ca07b5680ed38f9cfa66
dp_final,5,pick_up_the_black_bowl_next_to_the_ramekin_and_place_it_on_the_plate,32,15032,1,133,17,1478da38dd26ac2b210d399d401073bdaddf5660bc60ca07b5680ed38f9cfa66
dp_final,5,pick_up_the_black_bowl_next_to_the_ramekin_and_place_it_on_the_plate,33,15033,1,114,15,1478da38dd26ac2b210d399d401073bdaddf5660bc60ca07b5680ed38f9cfa66
dp_final,5,pick_up_the_black_bowl_next_to_the_ramekin_and_place_it_on_the_plate,34,15034,1,125,16,1478da38dd26ac2b210d399d401073bdaddf5660bc60ca07b5680ed38f9cfa66
dp_final,5,pick_up_the_black_bowl_next_to_the_ramekin_and_place_it_on_the_plate,35,15035,1,129,17,1478da38dd26ac2b210d399d401073bdaddf5660bc60ca07b5680ed38f9cfa66
dp_final,5,pick_up_the_black_bowl_next_to_the_ramekin_and_place_it_on_the_plate,36,15036,1,131,17,1478da38dd26ac2b210d399d401073bdaddf5660bc60ca07b5680ed38f9cfa66
dp_final,5,pick_up_the_black_bowl_next_to_the_ramekin_and_place_it_on_the_plate,38,15038,1,118,15,1478da38dd26ac2b210d399d401073bdaddf5660bc60ca07b5680ed38f9cfa66
dp_final,5,pick_up_the_black_bowl_next_to_the_ramekin_and_place_it_on_the_plate,39,15039,1,122,16,1478da38dd26ac2b210d399d401073bdaddf5660bc60ca07b5680ed38f9cfa66
dp_final,5,pick_up_the_black_bowl_next_to_the_ramekin_and_place_it_on_the_plate,37,15037,1,143,18,1478da38dd26ac2b210d399d401073bdaddf5660bc60ca07b5680ed38f9cfa66
dp_final,5,pick_up_the_black_bowl_next_to_the_ramekin_and_place_it_on_the_plate,40,15040,1,115,15,1478da38dd26ac2b210d399d401073bdaddf5660bc60ca07b5680ed38f9cfa66
dp_final,5,pick_up_the_black_bowl_next_to_the_ramekin_and_place_it_on_the_plate,42,15042,1,116,15,1478da38dd26ac2b210d399d401073bdaddf5660bc60ca07b5680ed38f9cfa66
dp_final,5,pick_up_the_black_bowl_next_to_the_ramekin_and_place_it_on_the_plate,43,15043,1,120,15,1478da38dd26ac2b210d399d401073bdaddf5660bc60ca07b5680ed38f9cfa66
dp_final,5,pick_up_the_black_bowl_next_to_the_ramekin_and_place_it_on_the_plate,44,15044,1,120,15,1478da38dd26ac2b210d399d401073bdaddf5660bc60ca07b5680ed38f9cfa66
dp_final,5,pick_up_the_black_bowl_next_to_the_ramekin_and_place_it_on_the_plate,45,15045,1,116,15,1478da38dd26ac2b210d399d401073bdaddf5660bc60ca07b5680ed38f9cfa66
dp_final,5,pick_up_the_black_bowl_next_to_the_ramekin_and_place_it_on_the_plate,46,15046,1,112,14,1478da38dd26ac2b210d399d401073bdaddf5660bc60ca07b5680ed38f9cfa66
dp_final,5,pick_up_the_black_bowl_next_to_the_ramekin_and_place_it_on_the_plate,47,15047,1,132,17,1478da38dd26ac2b210d399d401073bdaddf5660bc60ca07b5680ed38f9cfa66
dp_final,5,pick_up_the_black_bowl_next_to_the_ramekin_and_place_it_on_the_plate,48,15048,1,129,17,1478da38dd26ac2b210d399d401073bdaddf5660bc60ca07b5680ed38f9cfa66
dp_final,5,pick_up_the_black_bowl_next_to_the_ramekin_and_place_it_on_the_plate,49,15049,1,120,15,1478da38dd26ac2b210d399d401073bdaddf5660bc60ca07b5680ed38f9cfa66
dp_final,5,pick_up_the_black_bowl_next_to_the_ramekin_and_place_it_on_the_plate,41,15041,0,600,75,1478da38dd26ac2b210d399d401073bdaddf5660bc60ca07b5680ed38f9cfa66
dp_final,7,pick_up_the_black_bowl_on_the_ramekin_and_place_it_on_the_plate,0,17000,0,600,75,1478da38dd26ac2b210d399d401073bdaddf5660bc60ca07b5680ed38f9cfa66
dp_final,7,pick_up_the_black_bowl_on_the_ramekin_and_place_it_on_the_plate,1,17001,0,600,75,1478da38dd26ac2b210d399d401073bdaddf5660bc60ca07b5680ed38f9cfa66
dp_final,7,pick_up_the_black_bowl_on_the_ramekin_and_place_it_on_the_plate,2,17002,0,600,75,1478da38dd26ac2b210d399d401073bdaddf5660bc60ca07b5680ed38f9cfa66
dp_final,7,pick_up_the_black_bowl_on_the_ramekin_and_place_it_on_the_plate,3,17003,0,600,75,1478da38dd26ac2b210d399d401073bdaddf5660bc60ca07b5680ed38f9cfa66
dp_final,7,pick_up_the_black_bowl_on_the_ramekin_and_place_it_on_the_plate,4,17004,0,600,75,1478da38dd26ac2b210d399d401073bdaddf5660bc60ca07b5680ed38f9cfa66
dp_final,7,pick_up_the_black_bowl_on_the_ramekin_and_place_it_on_the_plate,5,17005,0,600,75,1478da38dd26ac2b210d399d401073bdaddf5660bc60ca07b5680ed38f9cfa66
dp_final,7,pick_up_the_black_bowl_on_the_ramekin_and_place_it_on_the_plate,6,17006,0,600,75,1478da38dd26ac2b210d399d401073bdaddf5660bc60ca07b5680ed38f9cfa66
dp_final,7,pick_up_the_black_bowl_on_the_ramekin_and_place_it_on_the_plate,7,17007,0,600,75,1478da38dd26ac2b210d399d401073bdaddf5660bc60ca07b5680ed38f9cfa66
dp_final,7,pick_up_the_black_bowl_on_the_ramekin_and_place_it_on_the_plate,8,17008,0,600,75,1478da38dd26ac2b210d399d401073bdaddf5660bc60ca07b5680ed38f9cfa66
dp_final,7,pick_up_the_black_bowl_on_the_ramekin_and_place_it_on_the_plate,9,17009,0,600,75,1478da38dd26ac2b210d399d401073bdaddf5660bc60ca07b5680ed38f9cfa66
dp_final,7,pick_up_the_black_bowl_on_the_ramekin_and_place_it_on_the_plate,10,17010,0,600,75,1478da38dd26ac2b210d399d401073bdaddf5660bc60ca07b5680ed38f9cfa66
dp_final,7,pick_up_the_black_bowl_on_the_ramekin_and_place_it_on_the_plate,11,17011,0,600,75,1478da38dd26ac2b210d399d401073bdaddf5660bc60ca07b5680ed38f9cfa66
dp_final,7,pick_up_the_black_bowl_on_the_ramekin_and_place_it_on_the_plate,12,17012,0,600,75,1478da38dd26ac2b210d399d401073bdaddf5660bc60ca07b5680ed38f9cfa66
dp_final,7,pick_up_the_black_bowl_on_the_ramekin_and_place_it_on_the_plate,13,17013,0,600,75,1478da38dd26ac2b210d399d401073bdaddf5660bc60ca07b5680ed38f9cfa66
dp_final,7,pick_up_the_black_bowl_on_the_ramekin_and_place_it_on_the_plate,14,17014,0,600,75,1478da38dd26ac2b210d399d401073bdaddf5660bc60ca07b5680ed38f9cfa66
dp_final,7,pick_up_the_black_bowl_on_the_ramekin_and_place_it_on_the_plate,18,17018,1,161,21,1478da38dd26ac2b210d399d401073bdaddf5660bc60ca07b5680ed38f9cfa66
dp_final,7,pick_up_the_black_bowl_on_the_ramekin_and_place_it_on_the_plate,15,17015,0,600,75,1478da38dd26ac2b210d399d401073bdaddf5660bc60ca07b5680ed38f9cfa66
dp_final,7,pick_up_the_black_bowl_on_the_ramekin_and_place_it_on_the_plate,16,17016,0,600,75,1478da38dd26ac2b210d399d401073bdaddf5660bc60ca07b5680ed38f9cfa66
dp_final,7,pick_up_the_black_bowl_on_the_ramekin_and_place_it_on_the_plate,17,17017,0,600,75,1478da38dd26ac2b210d399d401073bdaddf5660bc60ca07b5680ed38f9cfa66
dp_final,7,pick_up_the_black_bowl_on_the_ramekin_and_place_it_on_the_plate,19,17019,0,600,75,1478da38dd26ac2b210d399d401073bdaddf5660bc60ca07b5680ed38f9cfa66
dp_final,7,pick_up_the_black_bowl_on_the_ramekin_and_place_it_on_the_plate,20,17020,0,600,75,1478da38dd26ac2b210d399d401073bdaddf5660bc60ca07b5680ed38f9cfa66
dp_final,7,pick_up_the_black_bowl_on_the_ramekin_and_place_it_on_the_plate,21,17021,0,600,75,1478da38dd26ac2b210d399d401073bdaddf5660bc60ca07b5680ed38f9cfa66
dp_final,7,pick_up_the_black_bowl_on_the_ramekin_and_place_it_on_the_plate,22,17022,0,600,75,1478da38dd26ac2b210d399d401073bdaddf5660bc60ca07b5680ed38f9cfa66
dp_final,7,pick_up_the_black_bowl_on_the_ramekin_and_place_it_on_the_plate,23,17023,0,600,75,1478da38dd26ac2b210d399d401073bdaddf5660bc60ca07b5680ed38f9cfa66
dp_final,7,pick_up_the_black_bowl_on_the_ramekin_and_place_it_on_the_plate,31,17031,1,100,13,1478da38dd26ac2b210d399d401073bdaddf5660bc60ca07b5680ed38f9cfa66
dp_final,7,pick_up_the_black_bowl_on_the_ramekin_and_place_it_on_the_plate,24,17024,0,600,75,1478da38dd26ac2b210d399d401073bdaddf5660bc60ca07b5680ed38f9cfa66
dp_final,7,pick_up_the_black_bowl_on_the_ramekin_and_place_it_on_the_plate,25,17025,0,600,75,1478da38dd26ac2b210d399d401073bdaddf5660bc60ca07b5680ed38f9cfa66
dp_final,7,pick_up_the_black_bowl_on_the_ramekin_and_place_it_on_the_plate,26,17026,0,600,75,1478da38dd26ac2b210d399d401073bdaddf5660bc60ca07b5680ed38f9cfa66
dp_final,7,pick_up_the_black_bowl_on_the_ramekin_and_place_it_on_the_plate,27,17027,0,600,75,1478da38dd26ac2b210d399d401073bdaddf5660bc60ca07b5680ed38f9cfa66
dp_final,7,pick_up_the_black_bowl_on_the_ramekin_and_place_it_on_the_plate,28,17028,0,600,75,1478da38dd26ac2b210d399d401073bdaddf5660bc60ca07b5680ed38f9cfa66
dp_final,7,pick_up_the_black_bowl_on_the_ramekin_and_place_it_on_the_plate,29,17029,0,600,75,1478da38dd26ac2b210d399d401073bdaddf5660bc60ca07b5680ed38f9cfa66
dp_final,7,pick_up_the_black_bowl_on_the_ramekin_and_place_it_on_the_plate,30,17030,0,600,75,1478da38dd26ac2b210d399d401073bdaddf5660bc60ca07b5680ed38f9cfa66
dp_final,7,pick_up_the_black_bowl_on_the_ramekin_and_place_it_on_the_plate,32,17032,0,600,75,1478da38dd26ac2b210d399d401073bdaddf5660bc60ca07b5680ed38f9cfa66
dp_final,7,pick_up_the_black_bowl_on_the_ramekin_and_place_it_on_the_plate,33,17033,0,600,75,1478da38dd26ac2b210d399d401073bdaddf5660bc60ca07b5680ed38f9cfa66
dp_final,7,pick_up_the_black_bowl_on_the_ramekin_and_place_it_on_the_plate,34,17034,0,600,75,1478da38dd26ac2b210d399d401073bdaddf5660bc60ca07b5680ed38f9cfa66
dp_final,7,pick_up_the_black_bowl_on_the_ramekin_and_place_it_on_the_plate,35,17035,0,600,75,1478da38dd26ac2b210d399d401073bdaddf5660bc60ca07b5680ed38f9cfa66
dp_final,7,pick_up_the_black_bowl_on_the_ramekin_and_place_it_on_the_plate,36,17036,0,600,75,1478da38dd26ac2b210d399d401073bdaddf5660bc60ca07b5680ed38f9cfa66
dp_final,7,pick_up_the_black_bowl_on_the_ramekin_and_place_it_on_the_plate,37,17037,0,600,75,1478da38dd26ac2b210d399d401073bdaddf5660bc60ca07b5680ed38f9cfa66
dp_final,7,pick_up_the_black_bowl_on_the_ramekin_and_place_it_on_the_plate,38,17038,0,600,75,1478da38dd26ac2b210d399d401073bdaddf5660bc60ca07b5680ed38f9cfa66
dp_final,7,pick_up_the_black_bowl_on_the_ramekin_and_place_it_on_the_plate,39,17039,0,600,75,1478da38dd26ac2b210d399d401073bdaddf5660bc60ca07b5680ed38f9cfa66
dp_final,7,pick_up_the_black_bowl_on_the_ramekin_and_place_it_on_the_plate,40,17040,0,600,75,1478da38dd26ac2b210d399d401073bdaddf5660bc60ca07b5680ed38f9cfa66
dp_final,7,pick_up_the_black_bowl_on_the_ramekin_and_place_it_on_the_plate,41,17041,0,600,75,1478da38dd26ac2b210d399d401073bdaddf5660bc60ca07b5680ed38f9cfa66
dp_final,7,pick_up_the_black_bowl_on_the_ramekin_and_place_it_on_the_plate,42,17042,0,600,75,1478da38dd26ac2b210d399d401073bdaddf5660bc60ca07b5680ed38f9cfa66
dp_final,7,pick_up_the_black_bowl_on_the_ramekin_and_place_it_on_the_plate,43,17043,0,600,75,1478da38dd26ac2b210d399d401073bdaddf5660bc60ca07b5680ed38f9cfa66
dp_final,7,pick_up_the_black_bowl_on_the_ramekin_and_place_it_on_the_plate,44,17044,0,600,75,1478da38dd26ac2b210d399d401073bdaddf5660bc60ca07b5680ed38f9cfa66
dp_final,7,pick_up_the_black_bowl_on_the_ramekin_and_place_it_on_the_plate,45,17045,0,600,75,1478da38dd26ac2b210d399d401073bdaddf5660bc60ca07b5680ed38f9cfa66
dp_final,7,pick_up_the_black_bowl_on_the_ramekin_and_place_it_on_the_plate,46,17046,0,600,75,1478da38dd26ac2b210d399d401073bdaddf5660bc60ca07b5680ed38f9cfa66
dp_final,7,pick_up_the_black_bowl_on_the_ramekin_and_place_it_on_the_plate,47,17047,0,600,75,1478da38dd26ac2b210d399d401073bdaddf5660bc60ca07b5680ed38f9cfa66
dp_final,9,pick_up_the_black_bowl_on_the_wooden_cabinet_and_place_it_on_the_plate,0,19000,1,127,16,1478da38dd26ac2b210d399d401073bdaddf5660bc60ca07b5680ed38f9cfa66
dp_final,9,pick_up_the_black_bowl_on_the_wooden_cabinet_and_place_it_on_the_plate,1,19001,1,130,17,1478da38dd26ac2b210d399d401073bdaddf5660bc60ca07b5680ed38f9cfa66
dp_final,9,pick_up_the_black_bowl_on_the_wooden_cabinet_and_place_it_on_the_plate,2,19002,1,119,15,1478da38dd26ac2b210d399d401073bdaddf5660bc60ca07b5680ed38f9cfa66
dp_final,9,pick_up_the_black_bowl_on_the_wooden_cabinet_and_place_it_on_the_plate,4,19004,1,127,16,1478da38dd26ac2b210d399d401073bdaddf5660bc60ca07b5680ed38f9cfa66
dp_final,9,pick_up_the_black_bowl_on_the_wooden_cabinet_and_place_it_on_the_plate,3,19003,1,161,21,1478da38dd26ac2b210d399d401073bdaddf5660bc60ca07b5680ed38f9cfa66
dp_final,9,pick_up_the_black_bowl_on_the_wooden_cabinet_and_place_it_on_the_plate,5,19005,1,127,16,1478da38dd26ac2b210d399d401073bdaddf5660bc60ca07b5680ed38f9cfa66
dp_final,9,pick_up_the_black_bowl_on_the_wooden_cabinet_and_place_it_on_the_plate,6,19006,1,135,17,1478da38dd26ac2b210d399d401073bdaddf5660bc60ca07b5680ed38f9cfa66
dp_final,9,pick_up_the_black_bowl_on_the_wooden_cabinet_and_place_it_on_the_plate,8,19008,1,131,17,1478da38dd26ac2b210d399d401073bdaddf5660bc60ca07b5680ed38f9cfa66
dp_final,7,pick_up_the_black_bowl_on_the_ramekin_and_place_it_on_the_plate,48,17048,0,600,75,1478da38dd26ac2b210d399d401073bdaddf5660bc60ca07b5680ed38f9cfa66
dp_final,9,pick_up_the_black_bowl_on_the_wooden_cabinet_and_place_it_on_the_plate,10,19010,1,127,16,1478da38dd26ac2b210d399d401073bdaddf5660bc60ca07b5680ed38f9cfa66
dp_final,9,pick_up_the_black_bowl_on_the_wooden_cabinet_and_place_it_on_the_plate,11,19011,1,125,16,1478da38dd26ac2b210d399d401073bdaddf5660bc60ca07b5680ed38f9cfa66
dp_final,9,pick_up_the_black_bowl_on_the_wooden_cabinet_and_place_it_on_the_plate,9,19009,1,135,17,1478da38dd26ac2b210d399d401073bdaddf5660bc60ca07b5680ed38f9cfa66
dp_final,9,pick_up_the_black_bowl_on_the_wooden_cabinet_and_place_it_on_the_plate,13,19013,1,122,16,1478da38dd26ac2b210d399d401073bdaddf5660bc60ca07b5680ed38f9cfa66
dp_final,9,pick_up_the_black_bowl_on_the_wooden_cabinet_and_place_it_on_the_plate,14,19014,1,125,16,1478da38dd26ac2b210d399d401073bdaddf5660bc60ca07b5680ed38f9cfa66
dp_final,7,pick_up_the_black_bowl_on_the_ramekin_and_place_it_on_the_plate,49,17049,0,600,75,1478da38dd26ac2b210d399d401073bdaddf5660bc60ca07b5680ed38f9cfa66
dp_final,9,pick_up_the_black_bowl_on_the_wooden_cabinet_and_place_it_on_the_plate,15,19015,1,127,16,1478da38dd26ac2b210d399d401073bdaddf5660bc60ca07b5680ed38f9cfa66
dp_final,9,pick_up_the_black_bowl_on_the_wooden_cabinet_and_place_it_on_the_plate,17,19017,1,132,17,1478da38dd26ac2b210d399d401073bdaddf5660bc60ca07b5680ed38f9cfa66
dp_final,9,pick_up_the_black_bowl_on_the_wooden_cabinet_and_place_it_on_the_plate,19,19019,1,132,17,1478da38dd26ac2b210d399d401073bdaddf5660bc60ca07b5680ed38f9cfa66
dp_final,9,pick_up_the_black_bowl_on_the_wooden_cabinet_and_place_it_on_the_plate,18,19018,1,151,19,1478da38dd26ac2b210d399d401073bdaddf5660bc60ca07b5680ed38f9cfa66
dp_final,9,pick_up_the_black_bowl_on_the_wooden_cabinet_and_place_it_on_the_plate,21,19021,1,127,16,1478da38dd26ac2b210d399d401073bdaddf5660bc60ca07b5680ed38f9cfa66
dp_final,9,pick_up_the_black_bowl_on_the_wooden_cabinet_and_place_it_on_the_plate,20,19020,1,168,21,1478da38dd26ac2b210d399d401073bdaddf5660bc60ca07b5680ed38f9cfa66
dp_final,9,pick_up_the_black_bowl_on_the_wooden_cabinet_and_place_it_on_the_plate,22,19022,1,136,17,1478da38dd26ac2b210d399d401073bdaddf5660bc60ca07b5680ed38f9cfa66
dp_final,9,pick_up_the_black_bowl_on_the_wooden_cabinet_and_place_it_on_the_plate,23,19023,1,122,16,1478da38dd26ac2b210d399d401073bdaddf5660bc60ca07b5680ed38f9cfa66
dp_final,9,pick_up_the_black_bowl_on_the_wooden_cabinet_and_place_it_on_the_plate,24,19024,1,132,17,1478da38dd26ac2b210d399d401073bdaddf5660bc60ca07b5680ed38f9cfa66
dp_final,9,pick_up_the_black_bowl_on_the_wooden_cabinet_and_place_it_on_the_plate,7,19007,0,600,75,1478da38dd26ac2b210d399d401073bdaddf5660bc60ca07b5680ed38f9cfa66
dp_final,9,pick_up_the_black_bowl_on_the_wooden_cabinet_and_place_it_on_the_plate,26,19026,1,135,17,1478da38dd26ac2b210d399d401073bdaddf5660bc60ca07b5680ed38f9cfa66
dp_final,9,pick_up_the_black_bowl_on_the_wooden_cabinet_and_place_it_on_the_plate,27,19027,1,133,17,1478da38dd26ac2b210d399d401073bdaddf5660bc60ca07b5680ed38f9cfa66
dp_final,9,pick_up_the_black_bowl_on_the_wooden_cabinet_and_place_it_on_the_plate,28,19028,1,131,17,1478da38dd26ac2b210d399d401073bdaddf5660bc60ca07b5680ed38f9cfa66
dp_final,9,pick_up_the_black_bowl_on_the_wooden_cabinet_and_place_it_on_the_plate,29,19029,1,131,17,1478da38dd26ac2b210d399d401073bdaddf5660bc60ca07b5680ed38f9cfa66
dp_final,9,pick_up_the_black_bowl_on_the_wooden_cabinet_and_place_it_on_the_plate,12,19012,0,600,75,1478da38dd26ac2b210d399d401073bdaddf5660bc60ca07b5680ed38f9cfa66
dp_final,9,pick_up_the_black_bowl_on_the_wooden_cabinet_and_place_it_on_the_plate,30,19030,1,138,18,1478da38dd26ac2b210d399d401073bdaddf5660bc60ca07b5680ed38f9cfa66
dp_final,9,pick_up_the_black_bowl_on_the_wooden_cabinet_and_place_it_on_the_plate,32,19032,1,140,18,1478da38dd26ac2b210d399d401073bdaddf5660bc60ca07b5680ed38f9cfa66
dp_final,9,pick_up_the_black_bowl_on_the_wooden_cabinet_and_place_it_on_the_plate,34,19034,1,121,16,1478da38dd26ac2b210d399d401073bdaddf5660bc60ca07b5680ed38f9cfa66
dp_final,9,pick_up_the_black_bowl_on_the_wooden_cabinet_and_place_it_on_the_plate,33,19033,1,148,19,1478da38dd26ac2b210d399d401073bdaddf5660bc60ca07b5680ed38f9cfa66
dp_final,9,pick_up_the_black_bowl_on_the_wooden_cabinet_and_place_it_on_the_plate,16,19016,0,600,75,1478da38dd26ac2b210d399d401073bdaddf5660bc60ca07b5680ed38f9cfa66
dp_final,9,pick_up_the_black_bowl_on_the_wooden_cabinet_and_place_it_on_the_plate,35,19035,1,122,16,1478da38dd26ac2b210d399d401073bdaddf5660bc60ca07b5680ed38f9cfa66
dp_final,9,pick_up_the_black_bowl_on_the_wooden_cabinet_and_place_it_on_the_plate,36,19036,1,121,16,1478da38dd26ac2b210d399d401073bdaddf5660bc60ca07b5680ed38f9cfa66
dp_final,9,pick_up_the_black_bowl_on_the_wooden_cabinet_and_place_it_on_the_plate,40,19040,1,123,16,1478da38dd26ac2b210d399d401073bdaddf5660bc60ca07b5680ed38f9cfa66
dp_final,9,pick_up_the_black_bowl_on_the_wooden_cabinet_and_place_it_on_the_plate,38,19038,1,135,17,1478da38dd26ac2b210d399d401073bdaddf5660bc60ca07b5680ed38f9cfa66
dp_final,9,pick_up_the_black_bowl_on_the_wooden_cabinet_and_place_it_on_the_plate,42,19042,1,127,16,1478da38dd26ac2b210d399d401073bdaddf5660bc60ca07b5680ed38f9cfa66
dp_final,9,pick_up_the_black_bowl_on_the_wooden_cabinet_and_place_it_on_the_plate,25,19025,0,600,75,1478da38dd26ac2b210d399d401073bdaddf5660bc60ca07b5680ed38f9cfa66
dp_final,9,pick_up_the_black_bowl_on_the_wooden_cabinet_and_place_it_on_the_plate,44,19044,1,136,17,1478da38dd26ac2b210d399d401073bdaddf5660bc60ca07b5680ed38f9cfa66
dp_final,9,pick_up_the_black_bowl_on_the_wooden_cabinet_and_place_it_on_the_plate,43,19043,1,156,20,1478da38dd26ac2b210d399d401073bdaddf5660bc60ca07b5680ed38f9cfa66
dp_final,9,pick_up_the_black_bowl_on_the_wooden_cabinet_and_place_it_on_the_plate,45,19045,1,134,17,1478da38dd26ac2b210d399d401073bdaddf5660bc60ca07b5680ed38f9cfa66
dp_final,9,pick_up_the_black_bowl_on_the_wooden_cabinet_and_place_it_on_the_plate,46,19046,1,126,16,1478da38dd26ac2b210d399d401073bdaddf5660bc60ca07b5680ed38f9cfa66
dp_final,9,pick_up_the_black_bowl_on_the_wooden_cabinet_and_place_it_on_the_plate,31,19031,0,600,75,1478da38dd26ac2b210d399d401073bdaddf5660bc60ca07b5680ed38f9cfa66
dp_final,9,pick_up_the_black_bowl_on_the_wooden_cabinet_and_place_it_on_the_plate,48,19048,1,128,16,1478da38dd26ac2b210d399d401073bdaddf5660bc60ca07b5680ed38f9cfa66
dp_final,9,pick_up_the_black_bowl_on_the_wooden_cabinet_and_place_it_on_the_plate,47,19047,1,156,20,1478da38dd26ac2b210d399d401073bdaddf5660bc60ca07b5680ed38f9cfa66
dp_final,9,pick_up_the_black_bowl_on_the_wooden_cabinet_and_place_it_on_the_plate,49,19049,1,126,16,1478da38dd26ac2b210d399d401073bdaddf5660bc60ca07b5680ed38f9cfa66
dp_final,9,pick_up_the_black_bowl_on_the_wooden_cabinet_and_place_it_on_the_plate,37,19037,0,600,75,1478da38dd26ac2b210d399d401073bdaddf5660bc60ca07b5680ed38f9cfa66
dp_final,9,pick_up_the_black_bowl_on_the_wooden_cabinet_and_place_it_on_the_plate,39,19039,0,600,75,1478da38dd26ac2b210d399d401073bdaddf5660bc60ca07b5680ed38f9cfa66
dp_final,9,pick_up_the_black_bowl_on_the_wooden_cabinet_and_place_it_on_the_plate,41,19041,0,600,75,1478da38dd26ac2b210d399d401073bdaddf5660bc60ca07b5680ed38f9cfa66
dp_best_dp_ddim05_ta08,0,pick_up_the_black_bowl_between_the_plate_and_the_ramekin_and_place_it_on_the_plate,6,10006,1,86,11,22d80af3dce5342b66c414ffc4644d6df6b0c067f9aeb5cfa6d50356235ac20a
dp_best_dp_ddim05_ta08,0,pick_up_the_black_bowl_between_the_plate_and_the_ramekin_and_place_it_on_the_plate,4,10004,1,90,12,22d80af3dce5342b66c414ffc4644d6df6b0c067f9aeb5cfa6d50356235ac20a
dp_best_dp_ddim05_ta08,0,pick_up_the_black_bowl_between_the_plate_and_the_ramekin_and_place_it_on_the_plate,5,10005,1,94,12,22d80af3dce5342b66c414ffc4644d6df6b0c067f9aeb5cfa6d50356235ac20a
dp_best_dp_ddim05_ta08,0,pick_up_the_black_bowl_between_the_plate_and_the_ramekin_and_place_it_on_the_plate,7,10007,1,94,12,22d80af3dce5342b66c414ffc4644d6df6b0c067f9aeb5cfa6d50356235ac20a
dp_best_dp_ddim05_ta08,0,pick_up_the_black_bowl_between_the_plate_and_the_ramekin_and_place_it_on_the_plate,3,10003,1,99,13,22d80af3dce5342b66c414ffc4644d6df6b0c067f9aeb5cfa6d50356235ac20a
dp_best_dp_ddim05_ta08,0,pick_up_the_black_bowl_between_the_plate_and_the_ramekin_and_place_it_on_the_plate,9,10009,1,91,12,22d80af3dce5342b66c414ffc4644d6df6b0c067f9aeb5cfa6d50356235ac20a
dp_best_dp_ddim05_ta08,0,pick_up_the_black_bowl_between_the_plate_and_the_ramekin_and_place_it_on_the_plate,11,10011,1,87,11,22d80af3dce5342b66c414ffc4644d6df6b0c067f9aeb5cfa6d50356235ac20a
dp_best_dp_ddim05_ta08,0,pick_up_the_black_bowl_between_the_plate_and_the_ramekin_and_place_it_on_the_plate,12,10012,1,87,11,22d80af3dce5342b66c414ffc4644d6df6b0c067f9aeb5cfa6d50356235ac20a
dp_best_dp_ddim05_ta08,0,pick_up_the_black_bowl_between_the_plate_and_the_ramekin_and_place_it_on_the_plate,8,10008,1,102,13,22d80af3dce5342b66c414ffc4644d6df6b0c067f9aeb5cfa6d50356235ac20a
dp_best_dp_ddim05_ta08,0,pick_up_the_black_bowl_between_the_plate_and_the_ramekin_and_place_it_on_the_plate,13,10013,1,91,12,22d80af3dce5342b66c414ffc4644d6df6b0c067f9aeb5cfa6d50356235ac20a
dp_best_dp_ddim05_ta08,0,pick_up_the_black_bowl_between_the_plate_and_the_ramekin_and_place_it_on_the_plate,16,10016,1,87,11,22d80af3dce5342b66c414ffc4644d6df6b0c067f9aeb5cfa6d50356235ac20a
dp_best_dp_ddim05_ta08,0,pick_up_the_black_bowl_between_the_plate_and_the_ramekin_and_place_it_on_the_plate,15,10015,1,91,12,22d80af3dce5342b66c414ffc4644d6df6b0c067f9aeb5cfa6d50356235ac20a
dp_best_dp_ddim05_ta08,0,pick_up_the_black_bowl_between_the_plate_and_the_ramekin_and_place_it_on_the_plate,17,10017,1,75,10,22d80af3dce5342b66c414ffc4644d6df6b0c067f9aeb5cfa6d50356235ac20a
dp_best_dp_ddim05_ta08,0,pick_up_the_black_bowl_between_the_plate_and_the_ramekin_and_place_it_on_the_plate,18,10018,1,101,13,22d80af3dce5342b66c414ffc4644d6df6b0c067f9aeb5cfa6d50356235ac20a
dp_best_dp_ddim05_ta08,0,pick_up_the_black_bowl_between_the_plate_and_the_ramekin_and_place_it_on_the_plate,21,10021,1,94,12,22d80af3dce5342b66c414ffc4644d6df6b0c067f9aeb5cfa6d50356235ac20a
dp_best_dp_ddim05_ta08,0,pick_up_the_black_bowl_between_the_plate_and_the_ramekin_and_place_it_on_the_plate,20,10020,1,137,18,22d80af3dce5342b66c414ffc4644d6df6b0c067f9aeb5cfa6d50356235ac20a
dp_best_dp_ddim05_ta08,0,pick_up_the_black_bowl_between_the_plate_and_the_ramekin_and_place_it_on_the_plate,22,10022,1,98,13,22d80af3dce5342b66c414ffc4644d6df6b0c067f9aeb5cfa6d50356235ac20a
dp_best_dp_ddim05_ta08,0,pick_up_the_black_bowl_between_the_plate_and_the_ramekin_and_place_it_on_the_plate,23,10023,1,90,12,22d80af3dce5342b66c414ffc4644d6df6b0c067f9aeb5cfa6d50356235ac20a
dp_best_dp_ddim05_ta08,0,pick_up_the_black_bowl_between_the_plate_and_the_ramekin_and_place_it_on_the_plate,0,10000,0,600,75,22d80af3dce5342b66c414ffc4644d6df6b0c067f9aeb5cfa6d50356235ac20a
dp_best_dp_ddim05_ta08,0,pick_up_the_black_bowl_between_the_plate_and_the_ramekin_and_place_it_on_the_plate,1,10001,0,600,75,22d80af3dce5342b66c414ffc4644d6df6b0c067f9aeb5cfa6d50356235ac20a
dp_best_dp_ddim05_ta08,0,pick_up_the_black_bowl_between_the_plate_and_the_ramekin_and_place_it_on_the_plate,2,10002,0,600,75,22d80af3dce5342b66c414ffc4644d6df6b0c067f9aeb5cfa6d50356235ac20a
dp_best_dp_ddim05_ta08,0,pick_up_the_black_bowl_between_the_plate_and_the_ramekin_and_place_it_on_the_plate,26,10026,1,87,11,22d80af3dce5342b66c414ffc4644d6df6b0c067f9aeb5cfa6d50356235ac20a
dp_best_dp_ddim05_ta08,0,pick_up_the_black_bowl_between_the_plate_and_the_ramekin_and_place_it_on_the_plate,27,10027,1,94,12,22d80af3dce5342b66c414ffc4644d6df6b0c067f9aeb5cfa6d50356235ac20a
dp_best_dp_ddim05_ta08,0,pick_up_the_black_bowl_between_the_plate_and_the_ramekin_and_place_it_on_the_plate,10,10010,0,600,75,22d80af3dce5342b66c414ffc4644d6df6b0c067f9aeb5cfa6d50356235ac20a
dp_best_dp_ddim05_ta08,0,pick_up_the_black_bowl_between_the_plate_and_the_ramekin_and_place_it_on_the_plate,24,10024,1,154,20,22d80af3dce5342b66c414ffc4644d6df6b0c067f9aeb5cfa6d50356235ac20a
dp_best_dp_ddim05_ta08,0,pick_up_the_black_bowl_between_the_plate_and_the_ramekin_and_place_it_on_the_plate,14,10014,0,600,75,22d80af3dce5342b66c414ffc4644d6df6b0c067f9aeb5cfa6d50356235ac20a
dp_best_dp_ddim05_ta08,0,pick_up_the_black_bowl_between_the_plate_and_the_ramekin_and_place_it_on_the_plate,31,10031,1,96,12,22d80af3dce5342b66c414ffc4644d6df6b0c067f9aeb5cfa6d50356235ac20a
dp_best_dp_ddim05_ta08,0,pick_up_the_black_bowl_between_the_plate_and_the_ramekin_and_place_it_on_the_plate,30,10030,1,118,15,22d80af3dce5342b66c414ffc4644d6df6b0c067f9aeb5cfa6d50356235ac20a
dp_best_dp_ddim05_ta08,0,pick_up_the_black_bowl_between_the_plate_and_the_ramekin_and_place_it_on_the_plate,32,10032,1,101,13,22d80af3dce5342b66c414ffc4644d6df6b0c067f9aeb5cfa6d50356235ac20a
dp_best_dp_ddim05_ta08,0,pick_up_the_black_bowl_between_the_plate_and_the_ramekin_and_place_it_on_the_plate,33,10033,1,89,12,22d80af3dce5342b66c414ffc4644d6df6b0c067f9aeb5cfa6d50356235ac20a
dp_best_dp_ddim05_ta08,0,pick_up_the_black_bowl_between_the_plate_and_the_ramekin_and_place_it_on_the_plate,19,10019,0,600,75,22d80af3dce5342b66c414ffc4644d6df6b0c067f9aeb5cfa6d50356235ac20a
dp_best_dp_ddim05_ta08,0,pick_up_the_black_bowl_between_the_plate_and_the_ramekin_and_place_it_on_the_plate,36,10036,1,98,13,22d80af3dce5342b66c414ffc4644d6df6b0c067f9aeb5cfa6d50356235ac20a
dp_best_dp_ddim05_ta08,0,pick_up_the_black_bowl_between_the_plate_and_the_ramekin_and_place_it_on_the_plate,37,10037,1,92,12,22d80af3dce5342b66c414ffc4644d6df6b0c067f9aeb5cfa6d50356235ac20a
dp_best_dp_ddim05_ta08,0,pick_up_the_black_bowl_between_the_plate_and_the_ramekin_and_place_it_on_the_plate,28,10028,1,449,57,22d80af3dce5342b66c414ffc4644d6df6b0c067f9aeb5cfa6d50356235ac20a
dp_best_dp_ddim05_ta08,0,pick_up_the_black_bowl_between_the_plate_and_the_ramekin_and_place_it_on_the_plate,40,10040,1,94,12,22d80af3dce5342b66c414ffc4644d6df6b0c067f9aeb5cfa6d50356235ac20a
dp_best_dp_ddim05_ta08,0,pick_up_the_black_bowl_between_the_plate_and_the_ramekin_and_place_it_on_the_plate,42,10042,1,89,12,22d80af3dce5342b66c414ffc4644d6df6b0c067f9aeb5cfa6d50356235ac20a
dp_best_dp_ddim05_ta08,0,pick_up_the_black_bowl_between_the_plate_and_the_ramekin_and_place_it_on_the_plate,25,10025,0,600,75,22d80af3dce5342b66c414ffc4644d6df6b0c067f9aeb5cfa6d50356235ac20a
dp_best_dp_ddim05_ta08,0,pick_up_the_black_bowl_between_the_plate_and_the_ramekin_and_place_it_on_the_plate,41,10041,1,190,24,22d80af3dce5342b66c414ffc4644d6df6b0c067f9aeb5cfa6d50356235ac20a
dp_best_dp_ddim05_ta08,0,pick_up_the_black_bowl_between_the_plate_and_the_ramekin_and_place_it_on_the_plate,43,10043,1,98,13,22d80af3dce5342b66c414ffc4644d6df6b0c067f9aeb5cfa6d50356235ac20a
dp_best_dp_ddim05_ta08,0,pick_up_the_black_bowl_between_the_plate_and_the_ramekin_and_place_it_on_the_plate,44,10044,1,88,11,22d80af3dce5342b66c414ffc4644d6df6b0c067f9aeb5cfa6d50356235ac20a
dp_best_dp_ddim05_ta08,0,pick_up_the_black_bowl_between_the_plate_and_the_ramekin_and_place_it_on_the_plate,29,10029,0,600,75,22d80af3dce5342b66c414ffc4644d6df6b0c067f9aeb5cfa6d50356235ac20a
dp_best_dp_ddim05_ta08,0,pick_up_the_black_bowl_between_the_plate_and_the_ramekin_and_place_it_on_the_plate,45,10045,1,83,11,22d80af3dce5342b66c414ffc4644d6df6b0c067f9aeb5cfa6d50356235ac20a
dp_best_dp_ddim05_ta08,0,pick_up_the_black_bowl_between_the_plate_and_the_ramekin_and_place_it_on_the_plate,46,10046,1,86,11,22d80af3dce5342b66c414ffc4644d6df6b0c067f9aeb5cfa6d50356235ac20a
dp_best_dp_ddim05_ta08,0,pick_up_the_black_bowl_between_the_plate_and_the_ramekin_and_place_it_on_the_plate,34,10034,0,600,75,22d80af3dce5342b66c414ffc4644d6df6b0c067f9aeb5cfa6d50356235ac20a
dp_best_dp_ddim05_ta08,0,pick_up_the_black_bowl_between_the_plate_and_the_ramekin_and_place_it_on_the_plate,47,10047,1,127,16,22d80af3dce5342b66c414ffc4644d6df6b0c067f9aeb5cfa6d50356235ac20a
dp_best_dp_ddim05_ta08,0,pick_up_the_black_bowl_between_the_plate_and_the_ramekin_and_place_it_on_the_plate,35,10035,0,600,75,22d80af3dce5342b66c414ffc4644d6df6b0c067f9aeb5cfa6d50356235ac20a
dp_best_dp_ddim05_ta08,0,pick_up_the_black_bowl_between_the_plate_and_the_ramekin_and_place_it_on_the_plate,38,10038,0,600,75,22d80af3dce5342b66c414ffc4644d6df6b0c067f9aeb5cfa6d50356235ac20a
dp_best_dp_ddim05_ta08,0,pick_up_the_black_bowl_between_the_plate_and_the_ramekin_and_place_it_on_the_plate,49,10049,1,160,20,22d80af3dce5342b66c414ffc4644d6df6b0c067f9aeb5cfa6d50356235ac20a
dp_best_dp_ddim05_ta08,0,pick_up_the_black_bowl_between_the_plate_and_the_ramekin_and_place_it_on_the_plate,39,10039,0,600,75,22d80af3dce5342b66c414ffc4644d6df6b0c067f9aeb5cfa6d50356235ac20a
dp_best_dp_ddim05_ta08,2,pick_up_the_black_bowl_in_the_top_drawer_of_the_wooden_cabinet_and_place_it_on_the_plate,3,12003,1,170,22,22d80af3dce5342b66c414ffc4644d6df6b0c067f9aeb5cfa6d50356235ac20a
dp_best_dp_ddim05_ta08,2,pick_up_the_black_bowl_in_the_top_drawer_of_the_wooden_cabinet_and_place_it_on_the_plate,4,12004,1,155,20,22d80af3dce5342b66c414ffc4644d6df6b0c067f9aeb5cfa6d50356235ac20a
dp_best_dp_ddim05_ta08,0,pick_up_the_black_bowl_between_the_plate_and_the_ramekin_and_place_it_on_the_plate,48,10048,1,351,44,22d80af3dce5342b66c414ffc4644d6df6b0c067f9aeb5cfa6d50356235ac20a
dp_best_dp_ddim05_ta08,2,pick_up_the_black_bowl_in_the_top_drawer_of_the_wooden_cabinet_and_place_it_on_the_plate,5,12005,1,156,20,22d80af3dce5342b66c414ffc4644d6df6b0c067f9aeb5cfa6d50356235ac20a
dp_best_dp_ddim05_ta08,2,pick_up_the_black_bowl_in_the_top_drawer_of_the_wooden_cabinet_and_place_it_on_the_plate,7,12007,1,131,17,22d80af3dce5342b66c414ffc4644d6df6b0c067f9aeb5cfa6d50356235ac20a
dp_best_dp_ddim05_ta08,2,pick_up_the_black_bowl_in_the_top_drawer_of_the_wooden_cabinet_and_place_it_on_the_plate,8,12008,1,132,17,22d80af3dce5342b66c414ffc4644d6df6b0c067f9aeb5cfa6d50356235ac20a
dp_best_dp_ddim05_ta08,2,pick_up_the_black_bowl_in_the_top_drawer_of_the_wooden_cabinet_and_place_it_on_the_plate,9,12009,1,147,19,22d80af3dce5342b66c414ffc4644d6df6b0c067f9aeb5cfa6d50356235ac20a
dp_best_dp_ddim05_ta08,2,pick_up_the_black_bowl_in_the_top_drawer_of_the_wooden_cabinet_and_place_it_on_the_plate,13,12013,1,145,19,22d80af3dce5342b66c414ffc4644d6df6b0c067f9aeb5cfa6d50356235ac20a
dp_best_dp_ddim05_ta08,2,pick_up_the_black_bowl_in_the_top_drawer_of_the_wooden_cabinet_and_place_it_on_the_plate,0,12000,0,600,75,22d80af3dce5342b66c414ffc4644d6df6b0c067f9aeb5cfa6d50356235ac20a
dp_best_dp_ddim05_ta08,2,pick_up_the_black_bowl_in_the_top_drawer_of_the_wooden_cabinet_and_place_it_on_the_plate,1,12001,0,600,75,22d80af3dce5342b66c414ffc4644d6df6b0c067f9aeb5cfa6d50356235ac20a
dp_best_dp_ddim05_ta08,2,pick_up_the_black_bowl_in_the_top_drawer_of_the_wooden_cabinet_and_place_it_on_the_plate,12,12012,1,227,29,22d80af3dce5342b66c414ffc4644d6df6b0c067f9aeb5cfa6d50356235ac20a
dp_best_dp_ddim05_ta08,2,pick_up_the_black_bowl_in_the_top_drawer_of_the_wooden_cabinet_and_place_it_on_the_plate,2,12002,0,600,75,22d80af3dce5342b66c414ffc4644d6df6b0c067f9aeb5cfa6d50356235ac20a
dp_best_dp_ddim05_ta08,2,pick_up_the_black_bowl_in_the_top_drawer_of_the_wooden_cabinet_and_place_it_on_the_plate,14,12014,1,145,19,22d80af3dce5342b66c414ffc4644d6df6b0c067f9aeb5cfa6d50356235ac20a
dp_best_dp_ddim05_ta08,2,pick_up_the_black_bowl_in_the_top_drawer_of_the_wooden_cabinet_and_place_it_on_the_plate,15,12015,1,148,19,22d80af3dce5342b66c414ffc4644d6df6b0c067f9aeb5cfa6d50356235ac20a
dp_best_dp_ddim05_ta08,2,pick_up_the_black_bowl_in_the_top_drawer_of_the_wooden_cabinet_and_place_it_on_the_plate,16,12016,1,131,17,22d80af3dce5342b66c414ffc4644d6df6b0c067f9aeb5cfa6d50356235ac20a
dp_best_dp_ddim05_ta08,2,pick_up_the_black_bowl_in_the_top_drawer_of_the_wooden_cabinet_and_place_it_on_the_plate,6,12006,0,600,75,22d80af3dce5342b66c414ffc4644d6df6b0c067f9aeb5cfa6d50356235ac20a
dp_best_dp_ddim05_ta08,2,pick_up_the_black_bowl_in_the_top_drawer_of_the_wooden_cabinet_and_place_it_on_the_plate,18,12018,1,148,19,22d80af3dce5342b66c414ffc4644d6df6b0c067f9aeb5cfa6d50356235ac20a
dp_best_dp_ddim05_ta08,2,pick_up_the_black_bowl_in_the_top_drawer_of_the_wooden_cabinet_and_place_it_on_the_plate,17,12017,1,156,20,22d80af3dce5342b66c414ffc4644d6df6b0c067f9aeb5cfa6d50356235ac20a
dp_best_dp_ddim05_ta08,2,pick_up_the_black_bowl_in_the_top_drawer_of_the_wooden_cabinet_and_place_it_on_the_plate,19,12019,1,131,17,22d80af3dce5342b66c414ffc4644d6df6b0c067f9aeb5cfa6d50356235ac20a
dp_best_dp_ddim05_ta08,2,pick_up_the_black_bowl_in_the_top_drawer_of_the_wooden_cabinet_and_place_it_on_the_plate,10,12010,0,600,75,22d80af3dce5342b66c414ffc4644d6df6b0c067f9aeb5cfa6d50356235ac20a
dp_best_dp_ddim05_ta08,2,pick_up_the_black_bowl_in_the_top_drawer_of_the_wooden_cabinet_and_place_it_on_the_plate,11,12011,0,600,75,22d80af3dce5342b66c414ffc4644d6df6b0c067f9aeb5cfa6d50356235ac20a
dp_best_dp_ddim05_ta08,2,pick_up_the_black_bowl_in_the_top_drawer_of_the_wooden_cabinet_and_place_it_on_the_plate,24,12024,1,174,22,22d80af3dce5342b66c414ffc4644d6df6b0c067f9aeb5cfa6d50356235ac20a
dp_best_dp_ddim05_ta08,2,pick_up_the_black_bowl_in_the_top_drawer_of_the_wooden_cabinet_and_place_it_on_the_plate,26,12026,1,176,22,22d80af3dce5342b66c414ffc4644d6df6b0c067f9aeb5cfa6d50356235ac20a
dp_best_dp_ddim05_ta08,2,pick_up_the_black_bowl_in_the_top_drawer_of_the_wooden_cabinet_and_place_it_on_the_plate,28,12028,1,153,20,22d80af3dce5342b66c414ffc4644d6df6b0c067f9aeb5cfa6d50356235ac20a
dp_best_dp_ddim05_ta08,2,pick_up_the_black_bowl_in_the_top_drawer_of_the_wooden_cabinet_and_place_it_on_the_plate,20,12020,0,600,75,22d80af3dce5342b66c414ffc4644d6df6b0c067f9aeb5cfa6d50356235ac20a
dp_best_dp_ddim05_ta08,2,pick_up_the_black_bowl_in_the_top_drawer_of_the_wooden_cabinet_and_place_it_on_the_plate,21,12021,0,600,75,22d80af3dce5342b66c414ffc4644d6df6b0c067f9aeb5cfa6d50356235ac20a
dp_best_dp_ddim05_ta08,2,pick_up_the_black_bowl_in_the_top_drawer_of_the_wooden_cabinet_and_place_it_on_the_plate,22,12022,0,600,75,22d80af3dce5342b66c414ffc4644d6df6b0c067f9aeb5cfa6d50356235ac20a
dp_best_dp_ddim05_ta08,2,pick_up_the_black_bowl_in_the_top_drawer_of_the_wooden_cabinet_and_place_it_on_the_plate,23,12023,0,600,75,22d80af3dce5342b66c414ffc4644d6df6b0c067f9aeb5cfa6d50356235ac20a
dp_best_dp_ddim05_ta08,2,pick_up_the_black_bowl_in_the_top_drawer_of_the_wooden_cabinet_and_place_it_on_the_plate,25,12025,0,600,75,22d80af3dce5342b66c414ffc4644d6df6b0c067f9aeb5cfa6d50356235ac20a
dp_best_dp_ddim05_ta08,2,pick_up_the_black_bowl_in_the_top_drawer_of_the_wooden_cabinet_and_place_it_on_the_plate,31,12031,1,175,22,22d80af3dce5342b66c414ffc4644d6df6b0c067f9aeb5cfa6d50356235ac20a
dp_best_dp_ddim05_ta08,2,pick_up_the_black_bowl_in_the_top_drawer_of_the_wooden_cabinet_and_place_it_on_the_plate,32,12032,1,151,19,22d80af3dce5342b66c414ffc4644d6df6b0c067f9aeb5cfa6d50356235ac20a
dp_best_dp_ddim05_ta08,2,pick_up_the_black_bowl_in_the_top_drawer_of_the_wooden_cabinet_and_place_it_on_the_plate,27,12027,0,600,75,22d80af3dce5342b66c414ffc4644d6df6b0c067f9aeb5cfa6d50356235ac20a
dp_best_dp_ddim05_ta08,2,pick_up_the_black_bowl_in_the_top_drawer_of_the_wooden_cabinet_and_place_it_on_the_plate,35,12035,1,145,19,22d80af3dce5342b66c414ffc4644d6df6b0c067f9aeb5cfa6d50356235ac20a
dp_best_dp_ddim05_ta08,2,pick_up_the_black_bowl_in_the_top_drawer_of_the_wooden_cabinet_and_place_it_on_the_plate,29,12029,0,600,75,22d80af3dce5342b66c414ffc4644d6df6b0c067f9aeb5cfa6d50356235ac20a
dp_best_dp_ddim05_ta08,2,pick_up_the_black_bowl_in_the_top_drawer_of_the_wooden_cabinet_and_place_it_on_the_plate,37,12037,1,142,18,22d80af3dce5342b66c414ffc4644d6df6b0c067f9aeb5cfa6d50356235ac20a
dp_best_dp_ddim05_ta08,2,pick_up_the_black_bowl_in_the_top_drawer_of_the_wooden_cabinet_and_place_it_on_the_plate,36,12036,1,179,23,22d80af3dce5342b66c414ffc4644d6df6b0c067f9aeb5cfa6d50356235ac20a
dp_best_dp_ddim05_ta08,2,pick_up_the_black_bowl_in_the_top_drawer_of_the_wooden_cabinet_and_place_it_on_the_plate,30,12030,0,600,75,22d80af3dce5342b66c414ffc4644d6df6b0c067f9aeb5cfa6d50356235ac20a
dp_best_dp_ddim05_ta08,2,pick_up_the_black_bowl_in_the_top_drawer_of_the_wooden_cabinet_and_place_it_on_the_plate,39,12039,1,209,27,22d80af3dce5342b66c414ffc4644d6df6b0c067f9aeb5cfa6d50356235ac20a
dp_best_dp_ddim05_ta08,2,pick_up_the_black_bowl_in_the_top_drawer_of_the_wooden_cabinet_and_place_it_on_the_plate,41,12041,1,148,19,22d80af3dce5342b66c414ffc4644d6df6b0c067f9aeb5cfa6d50356235ac20a
dp_best_dp_ddim05_ta08,2,pick_up_the_black_bowl_in_the_top_drawer_of_the_wooden_cabinet_and_place_it_on_the_plate,42,12042,1,148,19,22d80af3dce5342b66c414ffc4644d6df6b0c067f9aeb5cfa6d50356235ac20a
dp_best_dp_ddim05_ta08,2,pick_up_the_black_bowl_in_the_top_drawer_of_the_wooden_cabinet_and_place_it_on_the_plate,40,12040,1,173,22,22d80af3dce5342b66c414ffc4644d6df6b0c067f9aeb5cfa6d50356235ac20a
dp_best_dp_ddim05_ta08,2,pick_up_the_black_bowl_in_the_top_drawer_of_the_wooden_cabinet_and_place_it_on_the_plate,43,12043,1,154,20,22d80af3dce5342b66c414ffc4644d6df6b0c067f9aeb5cfa6d50356235ac20a
dp_best_dp_ddim05_ta08,2,pick_up_the_black_bowl_in_the_top_drawer_of_the_wooden_cabinet_and_place_it_on_the_plate,33,12033,0,600,75,22d80af3dce5342b66c414ffc4644d6df6b0c067f9aeb5cfa6d50356235ac20a
dp_best_dp_ddim05_ta08,2,pick_up_the_black_bowl_in_the_top_drawer_of_the_wooden_cabinet_and_place_it_on_the_plate,34,12034,0,600,75,22d80af3dce5342b66c414ffc4644d6df6b0c067f9aeb5cfa6d50356235ac20a
dp_best_dp_ddim05_ta08,2,pick_up_the_black_bowl_in_the_top_drawer_of_the_wooden_cabinet_and_place_it_on_the_plate,47,12047,1,193,25,22d80af3dce5342b66c414ffc4644d6df6b0c067f9aeb5cfa6d50356235ac20a
dp_best_dp_ddim05_ta08,4,pick_up_the_black_bowl_next_to_the_plate_and_place_it_on_the_plate,0,14000,1,101,13,22d80af3dce5342b66c414ffc4644d6df6b0c067f9aeb5cfa6d50356235ac20a
dp_best_dp_ddim05_ta08,2,pick_up_the_black_bowl_in_the_top_drawer_of_the_wooden_cabinet_and_place_it_on_the_plate,49,12049,1,162,21,22d80af3dce5342b66c414ffc4644d6df6b0c067f9aeb5cfa6d50356235ac20a
dp_best_dp_ddim05_ta08,2,pick_up_the_black_bowl_in_the_top_drawer_of_the_wooden_cabinet_and_place_it_on_the_plate,38,12038,0,600,75,22d80af3dce5342b66c414ffc4644d6df6b0c067f9aeb5cfa6d50356235ac20a
dp_best_dp_ddim05_ta08,4,pick_up_the_black_bowl_next_to_the_plate_and_place_it_on_the_plate,3,14003,1,99,13,22d80af3dce5342b66c414ffc4644d6df6b0c067f9aeb5cfa6d50356235ac20a
dp_best_dp_ddim05_ta08,4,pick_up_the_black_bowl_next_to_the_plate_and_place_it_on_the_plate,2,14002,1,191,24,22d80af3dce5342b66c414ffc4644d6df6b0c067f9aeb5cfa6d50356235ac20a
dp_best_dp_ddim05_ta08,4,pick_up_the_black_bowl_next_to_the_plate_and_place_it_on_the_plate,6,14006,1,97,13,22d80af3dce5342b66c414ffc4644d6df6b0c067f9aeb5cfa6d50356235ac20a
dp_best_dp_ddim05_ta08,2,pick_up_the_black_bowl_in_the_top_drawer_of_the_wooden_cabinet_and_place_it_on_the_plate,44,12044,0,600,75,22d80af3dce5342b66c414ffc4644d6df6b0c067f9aeb5cfa6d50356235ac20a
dp_best_dp_ddim05_ta08,2,pick_up_the_black_bowl_in_the_top_drawer_of_the_wooden_cabinet_and_place_it_on_the_plate,45,12045,0,600,75,22d80af3dce5342b66c414ffc4644d6df6b0c067f9aeb5cfa6d50356235ac20a
dp_best_dp_ddim05_ta08,2,pick_up_the_black_bowl_in_the_top_drawer_of_the_wooden_cabinet_and_place_it_on_the_plate,46,12046,0,600,75,22d80af3dce5342b66c414ffc4644d6df6b0c067f9aeb5cfa6d50356235ac20a
dp_best_dp_ddim05_ta08,2,pick_up_the_black_bowl_in_the_top_drawer_of_the_wooden_cabinet_and_place_it_on_the_plate,48,12048,0,600,75,22d80af3dce5342b66c414ffc4644d6df6b0c067f9aeb5cfa6d50356235ac20a
dp_best_dp_ddim05_ta08,4,pick_up_the_black_bowl_next_to_the_plate_and_place_it_on_the_plate,7,14007,1,112,14,22d80af3dce5342b66c414ffc4644d6df6b0c067f9aeb5cfa6d50356235ac20a
dp_best_dp_ddim05_ta08,4,pick_up_the_black_bowl_next_to_the_plate_and_place_it_on_the_plate,4,14004,1,335,42,22d80af3dce5342b66c414ffc4644d6df6b0c067f9aeb5cfa6d50356235ac20a
dp_best_dp_ddim05_ta08,4,pick_up_the_black_bowl_next_to_the_plate_and_place_it_on_the_plate,9,14009,1,101,13,22d80af3dce5342b66c414ffc4644d6df6b0c067f9aeb5cfa6d50356235ac20a
dp_best_dp_ddim05_ta08,4,pick_up_the_black_bowl_next_to_the_plate_and_place_it_on_the_plate,8,14008,1,107,14,22d80af3dce5342b66c414ffc4644d6df6b0c067f9aeb5cfa6d50356235ac20a
dp_best_dp_ddim05_ta08,4,pick_up_the_black_bowl_next_to_the_plate_and_place_it_on_the_plate,12,14012,1,93,12,22d80af3dce5342b66c414ffc4644d6df6b0c067f9aeb5cfa6d50356235ac20a
dp_best_dp_ddim05_ta08,4,pick_up_the_black_bowl_next_to_the_plate_and_place_it_on_the_plate,14,14014,1,103,13,22d80af3dce5342b66c414ffc4644d6df6b0c067f9aeb5cfa6d50356235ac20a
dp_best_dp_ddim05_ta08,4,pick_up_the_black_bowl_next_to_the_plate_and_place_it_on_the_plate,15,14015,1,100,13,22d80af3dce5342b66c414ffc4644d6df6b0c067f9aeb5cfa6d50356235ac20a
dp_best_dp_ddim05_ta08,4,pick_up_the_black_bowl_next_to_the_plate_and_place_it_on_the_plate,1,14001,0,600,75,22d80af3dce5342b66c414ffc4644d6df6b0c067f9aeb5cfa6d50356235ac20a
dp_best_dp_ddim05_ta08,4,pick_up_the_black_bowl_next_to_the_plate_and_place_it_on_the_plate,10,14010,1,226,29,22d80af3dce5342b66c414ffc4644d6df6b0c067f9aeb5cfa6d50356235ac20a
dp_best_dp_ddim05_ta08,4,pick_up_the_black_bowl_next_to_the_plate_and_place_it_on_the_plate,16,14016,1,115,15,22d80af3dce5342b66c414ffc4644d6df6b0c067f9aeb5cfa6d50356235ac20a
dp_best_dp_ddim05_ta08,4,pick_up_the_black_bowl_next_to_the_plate_and_place_it_on_the_plate,17,14017,1,102,13,22d80af3dce5342b66c414ffc4644d6df6b0c067f9aeb5cfa6d50356235ac20a
dp_best_dp_ddim05_ta08,4,pick_up_the_black_bowl_next_to_the_plate_and_place_it_on_the_plate,19,14019,1,97,13,22d80af3dce5342b66c414ffc4644d6df6b0c067f9aeb5cfa6d50356235ac20a
dp_best_dp_ddim05_ta08,4,pick_up_the_black_bowl_next_to_the_plate_and_place_it_on_the_plate,11,14011,1,275,35,22d80af3dce5342b66c414ffc4644d6df6b0c067f9aeb5cfa6d50356235ac20a
dp_best_dp_ddim05_ta08,4,pick_up_the_black_bowl_next_to_the_plate_and_place_it_on_the_plate,18,14018,1,150,19,22d80af3dce5342b66c414ffc4644d6df6b0c067f9aeb5cfa6d50356235ac20a
dp_best_dp_ddim05_ta08,4,pick_up_the_black_bowl_next_to_the_plate_and_place_it_on_the_plate,22,14022,1,102,13,22d80af3dce5342b66c414ffc4644d6df6b0c067f9aeb5cfa6d50356235ac20a
dp_best_dp_ddim05_ta08,4,pick_up_the_black_bowl_next_to_the_plate_and_place_it_on_the_plate,5,14005,0,600,75,22d80af3dce5342b66c414ffc4644d6df6b0c067f9aeb5cfa6d50356235ac20a
dp_best_dp_ddim05_ta08,4,pick_up_the_black_bowl_next_to_the_plate_and_place_it_on_the_plate,23,14023,1,110,14,22d80af3dce5342b66c414ffc4644d6df6b0c067f9aeb5cfa6d50356235ac20a
dp_best_dp_ddim05_ta08,4,pick_up_the_black_bowl_next_to_the_plate_and_place_it_on_the_plate,24,14024,1,110,14,22d80af3dce5342b66c414ffc4644d6df6b0c067f9aeb5cfa6d50356235ac20a
dp_best_dp_ddim05_ta08,4,pick_up_the_black_bowl_next_to_the_plate_and_place_it_on_the_plate,25,14025,1,109,14,22d80af3dce5342b66c414ffc4644d6df6b0c067f9aeb5cfa6d50356235ac20a
dp_best_dp_ddim05_ta08,4,pick_up_the_black_bowl_next_to_the_plate_and_place_it_on_the_plate,26,14026,1,91,12,22d80af3dce5342b66c414ffc4644d6df6b0c067f9aeb5cfa6d50356235ac20a
dp_best_dp_ddim05_ta08,4,pick_up_the_black_bowl_next_to_the_plate_and_place_it_on_the_plate,28,14028,1,102,13,22d80af3dce5342b66c414ffc4644d6df6b0c067f9aeb5cfa6d50356235ac20a
dp_best_dp_ddim05_ta08,4,pick_up_the_black_bowl_next_to_the_plate_and_place_it_on_the_plate,27,14027,1,105,14,22d80af3dce5342b66c414ffc4644d6df6b0c067f9aeb5cfa6d50356235ac20a
dp_best_dp_ddim05_ta08,4,pick_up_the_black_bowl_next_to_the_plate_and_place_it_on_the_plate,29,14029,1,105,14,22d80af3dce5342b66c414ffc4644d6df6b0c067f9aeb5cfa6d50356235ac20a
dp_best_dp_ddim05_ta08,4,pick_up_the_black_bowl_next_to_the_plate_and_place_it_on_the_plate,30,14030,1,101,13,22d80af3dce5342b66c414ffc4644d6df6b0c067f9aeb5cfa6d50356235ac20a
dp_best_dp_ddim05_ta08,4,pick_up_the_black_bowl_next_to_the_plate_and_place_it_on_the_plate,21,14021,1,309,39,22d80af3dce5342b66c414ffc4644d6df6b0c067f9aeb5cfa6d50356235ac20a
dp_best_dp_ddim05_ta08,4,pick_up_the_black_bowl_next_to_the_plate_and_place_it_on_the_plate,31,14031,1,120,15,22d80af3dce5342b66c414ffc4644d6df6b0c067f9aeb5cfa6d50356235ac20a
dp_best_dp_ddim05_ta08,4,pick_up_the_black_bowl_next_to_the_plate_and_place_it_on_the_plate,32,14032,1,113,15,22d80af3dce5342b66c414ffc4644d6df6b0c067f9aeb5cfa6d50356235ac20a
dp_best_dp_ddim05_ta08,4,pick_up_the_black_bowl_next_to_the_plate_and_place_it_on_the_plate,34,14034,1,105,14,22d80af3dce5342b66c414ffc4644d6df6b0c067f9aeb5cfa6d50356235ac20a
dp_best_dp_ddim05_ta08,4,pick_up_the_black_bowl_next_to_the_plate_and_place_it_on_the_plate,35,14035,1,105,14,22d80af3dce5342b66c414ffc4644d6df6b0c067f9aeb5cfa6d50356235ac20a
dp_best_dp_ddim05_ta08,4,pick_up_the_black_bowl_next_to_the_plate_and_place_it_on_the_plate,13,14013,0,600,75,22d80af3dce5342b66c414ffc4644d6df6b0c067f9aeb5cfa6d50356235ac20a
dp_best_dp_ddim05_ta08,4,pick_up_the_black_bowl_next_to_the_plate_and_place_it_on_the_plate,20,14020,1,457,58,22d80af3dce5342b66c414ffc4644d6df6b0c067f9aeb5cfa6d50356235ac20a
dp_best_dp_ddim05_ta08,4,pick_up_the_black_bowl_next_to_the_plate_and_place_it_on_the_plate,36,14036,1,108,14,22d80af3dce5342b66c414ffc4644d6df6b0c067f9aeb5cfa6d50356235ac20a
dp_best_dp_ddim05_ta08,4,pick_up_the_black_bowl_next_to_the_plate_and_place_it_on_the_plate,37,14037,1,99,13,22d80af3dce5342b66c414ffc4644d6df6b0c067f9aeb5cfa6d50356235ac20a
dp_best_dp_ddim05_ta08,4,pick_up_the_black_bowl_next_to_the_plate_and_place_it_on_the_plate,38,14038,1,109,14,22d80af3dce5342b66c414ffc4644d6df6b0c067f9aeb5cfa6d50356235ac20a
dp_best_dp_ddim05_ta08,4,pick_up_the_black_bowl_next_to_the_plate_and_place_it_on_the_plate,39,14039,1,102,13,22d80af3dce5342b66c414ffc4644d6df6b0c067f9aeb5cfa6d50356235ac20a
dp_best_dp_ddim05_ta08,4,pick_up_the_black_bowl_next_to_the_plate_and_place_it_on_the_plate,40,14040,1,100,13,22d80af3dce5342b66c414ffc4644d6df6b0c067f9aeb5cfa6d50356235ac20a
dp_best_dp_ddim05_ta08,4,pick_up_the_black_bowl_next_to_the_plate_and_place_it_on_the_plate,42,14042,1,111,14,22d80af3dce5342b66c414ffc4644d6df6b0c067f9aeb5cfa6d50356235ac20a
dp_best_dp_ddim05_ta08,4,pick_up_the_black_bowl_next_to_the_plate_and_place_it_on_the_plate,44,14044,1,116,15,22d80af3dce5342b66c414ffc4644d6df6b0c067f9aeb5cfa6d50356235ac20a
dp_best_dp_ddim05_ta08,4,pick_up_the_black_bowl_next_to_the_plate_and_place_it_on_the_plate,45,14045,1,99,13,22d80af3dce5342b66c414ffc4644d6df6b0c067f9aeb5cfa6d50356235ac20a
dp_best_dp_ddim05_ta08,4,pick_up_the_black_bowl_next_to_the_plate_and_place_it_on_the_plate,48,14048,1,103,13,22d80af3dce5342b66c414ffc4644d6df6b0c067f9aeb5cfa6d50356235ac20a
dp_best_dp_ddim05_ta08,4,pick_up_the_black_bowl_next_to_the_plate_and_place_it_on_the_plate,46,14046,1,168,21,22d80af3dce5342b66c414ffc4644d6df6b0c067f9aeb5cfa6d50356235ac20a
dp_best_dp_ddim05_ta08,6,pick_up_the_black_bowl_on_the_cookie_box_and_place_it_on_the_plate,0,16000,1,93,12,22d80af3dce5342b66c414ffc4644d6df6b0c067f9aeb5cfa6d50356235ac20a
dp_best_dp_ddim05_ta08,6,pick_up_the_black_bowl_on_the_cookie_box_and_place_it_on_the_plate,1,16001,1,92,12,22d80af3dce5342b66c414ffc4644d6df6b0c067f9aeb5cfa6d50356235ac20a
dp_best_dp_ddim05_ta08,6,pick_up_the_black_bowl_on_the_cookie_box_and_place_it_on_the_plate,2,16002,1,100,13,22d80af3dce5342b66c414ffc4644d6df6b0c067f9aeb5cfa6d50356235ac20a
dp_best_dp_ddim05_ta08,6,pick_up_the_black_bowl_on_the_cookie_box_and_place_it_on_the_plate,3,16003,1,97,13,22d80af3dce5342b66c414ffc4644d6df6b0c067f9aeb5cfa6d50356235ac20a
dp_best_dp_ddim05_ta08,4,pick_up_the_black_bowl_next_to_the_plate_and_place_it_on_the_plate,33,14033,0,600,75,22d80af3dce5342b66c414ffc4644d6df6b0c067f9aeb5cfa6d50356235ac20a
dp_best_dp_ddim05_ta08,6,pick_up_the_black_bowl_on_the_cookie_box_and_place_it_on_the_plate,6,16006,1,85,11,22d80af3dce5342b66c414ffc4644d6df6b0c067f9aeb5cfa6d50356235ac20a
dp_best_dp_ddim05_ta08,6,pick_up_the_black_bowl_on_the_cookie_box_and_place_it_on_the_plate,5,16005,1,102,13,22d80af3dce5342b66c414ffc4644d6df6b0c067f9aeb5cfa6d50356235ac20a
dp_best_dp_ddim05_ta08,6,pick_up_the_black_bowl_on_the_cookie_box_and_place_it_on_the_plate,7,16007,1,93,12,22d80af3dce5342b66c414ffc4644d6df6b0c067f9aeb5cfa6d50356235ac20a
dp_best_dp_ddim05_ta08,6,pick_up_the_black_bowl_on_the_cookie_box_and_place_it_on_the_plate,8,16008,1,98,13,22d80af3dce5342b66c414ffc4644d6df6b0c067f9aeb5cfa6d50356235ac20a
dp_best_dp_ddim05_ta08,6,pick_up_the_black_bowl_on_the_cookie_box_and_place_it_on_the_plate,9,16009,1,91,12,22d80af3dce5342b66c414ffc4644d6df6b0c067f9aeb5cfa6d50356235ac20a
dp_best_dp_ddim05_ta08,4,pick_up_the_black_bowl_next_to_the_plate_and_place_it_on_the_plate,41,14041,0,600,75,22d80af3dce5342b66c414ffc4644d6df6b0c067f9aeb5cfa6d50356235ac20a
dp_best_dp_ddim05_ta08,4,pick_up_the_black_bowl_next_to_the_plate_and_place_it_on_the_plate,43,14043,0,600,75,22d80af3dce5342b66c414ffc4644d6df6b0c067f9aeb5cfa6d50356235ac20a
dp_best_dp_ddim05_ta08,6,pick_up_the_black_bowl_on_the_cookie_box_and_place_it_on_the_plate,10,16010,1,93,12,22d80af3dce5342b66c414ffc4644d6df6b0c067f9aeb5cfa6d50356235ac20a
dp_best_dp_ddim05_ta08,6,pick_up_the_black_bowl_on_the_cookie_box_and_place_it_on_the_plate,11,16011,1,96,12,22d80af3dce5342b66c414ffc4644d6df6b0c067f9aeb5cfa6d50356235ac20a
dp_best_dp_ddim05_ta08,6,pick_up_the_black_bowl_on_the_cookie_box_and_place_it_on_the_plate,12,16012,1,95,12,22d80af3dce5342b66c414ffc4644d6df6b0c067f9aeb5cfa6d50356235ac20a
dp_best_dp_ddim05_ta08,4,pick_up_the_black_bowl_next_to_the_plate_and_place_it_on_the_plate,47,14047,0,600,75,22d80af3dce5342b66c414ffc4644d6df6b0c067f9aeb5cfa6d50356235ac20a
dp_best_dp_ddim05_ta08,6,pick_up_the_black_bowl_on_the_cookie_box_and_place_it_on_the_plate,13,16013,1,96,12,22d80af3dce5342b66c414ffc4644d6df6b0c067f9aeb5cfa6d50356235ac20a
dp_best_dp_ddim05_ta08,6,pick_up_the_black_bowl_on_the_cookie_box_and_place_it_on_the_plate,15,16015,1,91,12,22d80af3dce5342b66c414ffc4644d6df6b0c067f9aeb5cfa6d50356235ac20a
dp_best_dp_ddim05_ta08,6,pick_up_the_black_bowl_on_the_cookie_box_and_place_it_on_the_plate,14,16014,1,101,13,22d80af3dce5342b66c414ffc4644d6df6b0c067f9aeb5cfa6d50356235ac20a
dp_best_dp_ddim05_ta08,6,pick_up_the_black_bowl_on_the_cookie_box_and_place_it_on_the_plate,17,16017,1,97,13,22d80af3dce5342b66c414ffc4644d6df6b0c067f9aeb5cfa6d50356235ac20a
dp_best_dp_ddim05_ta08,6,pick_up_the_black_bowl_on_the_cookie_box_and_place_it_on_the_plate,16,16016,1,101,13,22d80af3dce5342b66c414ffc4644d6df6b0c067f9aeb5cfa6d50356235ac20a
dp_best_dp_ddim05_ta08,4,pick_up_the_black_bowl_next_to_the_plate_and_place_it_on_the_plate,49,14049,0,600,75,22d80af3dce5342b66c414ffc4644d6df6b0c067f9aeb5cfa6d50356235ac20a
dp_best_dp_ddim05_ta08,6,pick_up_the_black_bowl_on_the_cookie_box_and_place_it_on_the_plate,18,16018,1,93,12,22d80af3dce5342b66c414ffc4644d6df6b0c067f9aeb5cfa6d50356235ac20a
dp_best_dp_ddim05_ta08,6,pick_up_the_black_bowl_on_the_cookie_box_and_place_it_on_the_plate,19,16019,1,101,13,22d80af3dce5342b66c414ffc4644d6df6b0c067f9aeb5cfa6d50356235ac20a
dp_best_dp_ddim05_ta08,6,pick_up_the_black_bowl_on_the_cookie_box_and_place_it_on_the_plate,23,16023,1,103,13,22d80af3dce5342b66c414ffc4644d6df6b0c067f9aeb5cfa6d50356235ac20a
dp_best_dp_ddim05_ta08,6,pick_up_the_black_bowl_on_the_cookie_box_and_place_it_on_the_plate,22,16022,1,104,13,22d80af3dce5342b66c414ffc4644d6df6b0c067f9aeb5cfa6d50356235ac20a
dp_best_dp_ddim05_ta08,6,pick_up_the_black_bowl_on_the_cookie_box_and_place_it_on_the_plate,24,16024,1,126,16,22d80af3dce5342b66c414ffc4644d6df6b0c067f9aeb5cfa6d50356235ac20a
dp_best_dp_ddim05_ta08,6,pick_up_the_black_bowl_on_the_cookie_box_and_place_it_on_the_plate,26,16026,1,85,11,22d80af3dce5342b66c414ffc4644d6df6b0c067f9aeb5cfa6d50356235ac20a
dp_best_dp_ddim05_ta08,6,pick_up_the_black_bowl_on_the_cookie_box_and_place_it_on_the_plate,25,16025,1,101,13,22d80af3dce5342b66c414ffc4644d6df6b0c067f9aeb5cfa6d50356235ac20a
dp_best_dp_ddim05_ta08,6,pick_up_the_black_bowl_on_the_cookie_box_and_place_it_on_the_plate,4,16004,0,600,75,22d80af3dce5342b66c414ffc4644d6df6b0c067f9aeb5cfa6d50356235ac20a
dp_best_dp_ddim05_ta08,6,pick_up_the_black_bowl_on_the_cookie_box_and_place_it_on_the_plate,27,16027,1,87,11,22d80af3dce5342b66c414ffc4644d6df6b0c067f9aeb5cfa6d50356235ac20a
dp_best_dp_ddim05_ta08,6,pick_up_the_black_bowl_on_the_cookie_box_and_place_it_on_the_plate,28,16028,1,96,12,22d80af3dce5342b66c414ffc4644d6df6b0c067f9aeb5cfa6d50356235ac20a
dp_best_dp_ddim05_ta08,6,pick_up_the_black_bowl_on_the_cookie_box_and_place_it_on_the_plate,29,16029,1,84,11,22d80af3dce5342b66c414ffc4644d6df6b0c067f9aeb5cfa6d50356235ac20a
dp_best_dp_ddim05_ta08,6,pick_up_the_black_bowl_on_the_cookie_box_and_place_it_on_the_plate,31,16031,1,91,12,22d80af3dce5342b66c414ffc4644d6df6b0c067f9aeb5cfa6d50356235ac20a
dp_best_dp_ddim05_ta08,6,pick_up_the_black_bowl_on_the_cookie_box_and_place_it_on_the_plate,30,16030,1,102,13,22d80af3dce5342b66c414ffc4644d6df6b0c067f9aeb5cfa6d50356235ac20a
dp_best_dp_ddim05_ta08,6,pick_up_the_black_bowl_on_the_cookie_box_and_place_it_on_the_plate,32,16032,1,96,12,22d80af3dce5342b66c414ffc4644d6df6b0c067f9aeb5cfa6d50356235ac20a
dp_best_dp_ddim05_ta08,6,pick_up_the_black_bowl_on_the_cookie_box_and_place_it_on_the_plate,35,16035,1,88,11,22d80af3dce5342b66c414ffc4644d6df6b0c067f9aeb5cfa6d50356235ac20a
dp_best_dp_ddim05_ta08,6,pick_up_the_black_bowl_on_the_cookie_box_and_place_it_on_the_plate,36,16036,1,99,13,22d80af3dce5342b66c414ffc4644d6df6b0c067f9aeb5cfa6d50356235ac20a
dp_best_dp_ddim05_ta08,6,pick_up_the_black_bowl_on_the_cookie_box_and_place_it_on_the_plate,37,16037,1,103,13,22d80af3dce5342b66c414ffc4644d6df6b0c067f9aeb5cfa6d50356235ac20a
dp_best_dp_ddim05_ta08,6,pick_up_the_black_bowl_on_the_cookie_box_and_place_it_on_the_plate,38,16038,1,85,11,22d80af3dce5342b66c414ffc4644d6df6b0c067f9aeb5cfa6d50356235ac20a
dp_best_dp_ddim05_ta08,6,pick_up_the_black_bowl_on_the_cookie_box_and_place_it_on_the_plate,39,16039,1,97,13,22d80af3dce5342b66c414ffc4644d6df6b0c067f9aeb5cfa6d50356235ac20a
dp_best_dp_ddim05_ta08,6,pick_up_the_black_bowl_on_the_cookie_box_and_place_it_on_the_plate,41,16041,1,94,12,22d80af3dce5342b66c414ffc4644d6df6b0c067f9aeb5cfa6d50356235ac20a
dp_best_dp_ddim05_ta08,6,pick_up_the_black_bowl_on_the_cookie_box_and_place_it_on_the_plate,40,16040,1,111,14,22d80af3dce5342b66c414ffc4644d6df6b0c067f9aeb5cfa6d50356235ac20a
dp_best_dp_ddim05_ta08,6,pick_up_the_black_bowl_on_the_cookie_box_and_place_it_on_the_plate,42,16042,1,98,13,22d80af3dce5342b66c414ffc4644d6df6b0c067f9aeb5cfa6d50356235ac20a
dp_best_dp_ddim05_ta08,6,pick_up_the_black_bowl_on_the_cookie_box_and_place_it_on_the_plate,43,16043,1,89,12,22d80af3dce5342b66c414ffc4644d6df6b0c067f9aeb5cfa6d50356235ac20a
dp_best_dp_ddim05_ta08,6,pick_up_the_black_bowl_on_the_cookie_box_and_place_it_on_the_plate,45,16045,1,99,13,22d80af3dce5342b66c414ffc4644d6df6b0c067f9aeb5cfa6d50356235ac20a
dp_best_dp_ddim05_ta08,6,pick_up_the_black_bowl_on_the_cookie_box_and_place_it_on_the_plate,46,16046,1,97,13,22d80af3dce5342b66c414ffc4644d6df6b0c067f9aeb5cfa6d50356235ac20a
dp_best_dp_ddim05_ta08,6,pick_up_the_black_bowl_on_the_cookie_box_and_place_it_on_the_plate,20,16020,0,600,75,22d80af3dce5342b66c414ffc4644d6df6b0c067f9aeb5cfa6d50356235ac20a
dp_best_dp_ddim05_ta08,6,pick_up_the_black_bowl_on_the_cookie_box_and_place_it_on_the_plate,21,16021,0,600,75,22d80af3dce5342b66c414ffc4644d6df6b0c067f9aeb5cfa6d50356235ac20a
dp_best_dp_ddim05_ta08,6,pick_up_the_black_bowl_on_the_cookie_box_and_place_it_on_the_plate,47,16047,1,101,13,22d80af3dce5342b66c414ffc4644d6df6b0c067f9aeb5cfa6d50356235ac20a
dp_best_dp_ddim05_ta08,6,pick_up_the_black_bowl_on_the_cookie_box_and_place_it_on_the_plate,48,16048,1,87,11,22d80af3dce5342b66c414ffc4644d6df6b0c067f9aeb5cfa6d50356235ac20a
dp_best_dp_ddim05_ta08,6,pick_up_the_black_bowl_on_the_cookie_box_and_place_it_on_the_plate,49,16049,1,85,11,22d80af3dce5342b66c414ffc4644d6df6b0c067f9aeb5cfa6d50356235ac20a
dp_best_dp_ddim05_ta08,8,pick_up_the_black_bowl_on_the_stove_and_place_it_on_the_plate,0,18000,1,132,17,22d80af3dce5342b66c414ffc4644d6df6b0c067f9aeb5cfa6d50356235ac20a
dp_best_dp_ddim05_ta08,8,pick_up_the_black_bowl_on_the_stove_and_place_it_on_the_plate,2,18002,1,118,15,22d80af3dce5342b66c414ffc4644d6df6b0c067f9aeb5cfa6d50356235ac20a
dp_best_dp_ddim05_ta08,8,pick_up_the_black_bowl_on_the_stove_and_place_it_on_the_plate,1,18001,1,154,20,22d80af3dce5342b66c414ffc4644d6df6b0c067f9aeb5cfa6d50356235ac20a
dp_best_dp_ddim05_ta08,6,pick_up_the_black_bowl_on_the_cookie_box_and_place_it_on_the_plate,33,16033,0,600,75,22d80af3dce5342b66c414ffc4644d6df6b0c067f9aeb5cfa6d50356235ac20a
dp_best_dp_ddim05_ta08,6,pick_up_the_black_bowl_on_the_cookie_box_and_place_it_on_the_plate,34,16034,0,600,75,22d80af3dce5342b66c414ffc4644d6df6b0c067f9aeb5cfa6d50356235ac20a
dp_best_dp_ddim05_ta08,8,pick_up_the_black_bowl_on_the_stove_and_place_it_on_the_plate,4,18004,1,199,25,22d80af3dce5342b66c414ffc4644d6df6b0c067f9aeb5cfa6d50356235ac20a
dp_best_dp_ddim05_ta08,8,pick_up_the_black_bowl_on_the_stove_and_place_it_on_the_plate,7,18007,1,139,18,22d80af3dce5342b66c414ffc4644d6df6b0c067f9aeb5cfa6d50356235ac20a
dp_best_dp_ddim05_ta08,8,pick_up_the_black_bowl_on_the_stove_and_place_it_on_the_plate,8,18008,1,132,17,22d80af3dce5342b66c414ffc4644d6df6b0c067f9aeb5cfa6d50356235ac20a
dp_best_dp_ddim05_ta08,8,pick_up_the_black_bowl_on_the_stove_and_place_it_on_the_plate,5,18005,1,239,30,22d80af3dce5342b66c414ffc4644d6df6b0c067f9aeb5cfa6d50356235ac20a
dp_best_dp_ddim05_ta08,8,pick_up_the_black_bowl_on_the_stove_and_place_it_on_the_plate,9,18009,1,154,20,22d80af3dce5342b66c414ffc4644d6df6b0c067f9aeb5cfa6d50356235ac20a
dp_best_dp_ddim05_ta08,8,pick_up_the_black_bowl_on_the_stove_and_place_it_on_the_plate,10,18010,1,183,23,22d80af3dce5342b66c414ffc4644d6df6b0c067f9aeb5cfa6d50356235ac20a
dp_best_dp_ddim05_ta08,6,pick_up_the_black_bowl_on_the_cookie_box_and_place_it_on_the_plate,44,16044,0,600,75,22d80af3dce5342b66c414ffc4644d6df6b0c067f9aeb5cfa6d50356235ac20a
dp_best_dp_ddim05_ta08,8,pick_up_the_black_bowl_on_the_stove_and_place_it_on_the_plate,12,18012,1,129,17,22d80af3dce5342b66c414ffc4644d6df6b0c067f9aeb5cfa6d50356235ac20a
dp_best_dp_ddim05_ta08,8,pick_up_the_black_bowl_on_the_stove_and_place_it_on_the_plate,13,18013,1,150,19,22d80af3dce5342b66c414ffc4644d6df6b0c067f9aeb5cfa6d50356235ac20a
dp_best_dp_ddim05_ta08,8,pick_up_the_black_bowl_on_the_stove_and_place_it_on_the_plate,14,18014,1,167,21,22d80af3dce5342b66c414ffc4644d6df6b0c067f9aeb5cfa6d50356235ac20a
dp_best_dp_ddim05_ta08,8,pick_up_the_black_bowl_on_the_stove_and_place_it_on_the_plate,17,18017,1,134,17,22d80af3dce5342b66c414ffc4644d6df6b0c067f9aeb5cfa6d50356235ac20a
dp_best_dp_ddim05_ta08,8,pick_up_the_black_bowl_on_the_stove_and_place_it_on_the_plate,16,18016,1,163,21,22d80af3dce5342b66c414ffc4644d6df6b0c067f9aeb5cfa6d50356235ac20a
dp_best_dp_ddim05_ta08,8,pick_up_the_black_bowl_on_the_stove_and_place_it_on_the_plate,18,18018,1,124,16,22d80af3dce5342b66c414ffc4644d6df6b0c067f9aeb5cfa6d50356235ac20a
dp_best_dp_ddim05_ta08,8,pick_up_the_black_bowl_on_the_stove_and_place_it_on_the_plate,3,18003,0,600,75,22d80af3dce5342b66c414ffc4644d6df6b0c067f9aeb5cfa6d50356235ac20a
dp_best_dp_ddim05_ta08,8,pick_up_the_black_bowl_on_the_stove_and_place_it_on_the_plate,19,18019,1,132,17,22d80af3dce5342b66c414ffc4644d6df6b0c067f9aeb5cfa6d50356235ac20a
dp_best_dp_ddim05_ta08,8,pick_up_the_black_bowl_on_the_stove_and_place_it_on_the_plate,6,18006,0,600,75,22d80af3dce5342b66c414ffc4644d6df6b0c067f9aeb5cfa6d50356235ac20a
dp_best_dp_ddim05_ta08,8,pick_up_the_black_bowl_on_the_stove_and_place_it_on_the_plate,21,18021,1,140,18,22d80af3dce5342b66c414ffc4644d6df6b0c067f9aeb5cfa6d50356235ac20a
dp_best_dp_ddim05_ta08,8,pick_up_the_black_bowl_on_the_stove_and_place_it_on_the_plate,20,18020,1,158,20,22d80af3dce5342b66c414ffc4644d6df6b0c067f9aeb5cfa6d50356235ac20a
dp_best_dp_ddim05_ta08,8,pick_up_the_black_bowl_on_the_stove_and_place_it_on_the_plate,24,18024,1,147,19,22d80af3dce5342b66c414ffc4644d6df6b0c067f9aeb5cfa6d50356235ac20a
dp_best_dp_ddim05_ta08,8,pick_up_the_black_bowl_on_the_stove_and_place_it_on_the_plate,23,18023,1,197,25,22d80af3dce5342b66c414ffc4644d6df6b0c067f9aeb5cfa6d50356235ac20a
dp_best_dp_ddim05_ta08,8,pick_up_the_black_bowl_on_the_stove_and_place_it_on_the_plate,26,18026,1,129,17,22d80af3dce5342b66c414ffc4644d6df6b0c067f9aeb5cfa6d50356235ac20a
dp_best_dp_ddim05_ta08,8,pick_up_the_black_bowl_on_the_stove_and_place_it_on_the_plate,11,18011,0,600,75,22d80af3dce5342b66c414ffc4644d6df6b0c067f9aeb5cfa6d50356235ac20a
dp_best_dp_ddim05_ta08,8,pick_up_the_black_bowl_on_the_stove_and_place_it_on_the_plate,25,18025,1,178,23,22d80af3dce5342b66c414ffc4644d6df6b0c067f9aeb5cfa6d50356235ac20a
dp_best_dp_ddim05_ta08,8,pick_up_the_black_bowl_on_the_stove_and_place_it_on_the_plate,27,18027,1,163,21,22d80af3dce5342b66c414ffc4644d6df6b0c067f9aeb5cfa6d50356235ac20a
dp_best_dp_ddim05_ta08,8,pick_up_the_black_bowl_on_the_stove_and_place_it_on_the_plate,28,18028,1,142,18,22d80af3dce5342b66c414ffc4644d6df6b0c067f9aeb5cfa6d50356235ac20a
dp_best_dp_ddim05_ta08,8,pick_up_the_black_bowl_on_the_stove_and_place_it_on_the_plate,29,18029,1,145,19,22d80af3dce5342b66c414ffc4644d6df6b0c067f9aeb5cfa6d50356235ac20a
dp_best_dp_ddim05_ta08,8,pick_up_the_black_bowl_on_the_stove_and_place_it_on_the_plate,30,18030,1,120,15,22d80af3dce5342b66c414ffc4644d6df6b0c067f9aeb5cfa6d50356235ac20a
dp_best_dp_ddim05_ta08,8,pick_up_the_black_bowl_on_the_stove_and_place_it_on_the_plate,31,18031,1,140,18,22d80af3dce5342b66c414ffc4644d6df6b0c067f9aeb5cfa6d50356235ac20a
dp_best_dp_ddim05_ta08,8,pick_up_the_black_bowl_on_the_stove_and_place_it_on_the_plate,15,18015,0,600,75,22d80af3dce5342b66c414ffc4644d6df6b0c067f9aeb5cfa6d50356235ac20a
dp_best_dp_ddim05_ta08,8,pick_up_the_black_bowl_on_the_stove_and_place_it_on_the_plate,33,18033,1,187,24,22d80af3dce5342b66c414ffc4644d6df6b0c067f9aeb5cfa6d50356235ac20a
dp_best_dp_ddim05_ta08,8,pick_up_the_black_bowl_on_the_stove_and_place_it_on_the_plate,34,18034,1,171,22,22d80af3dce5342b66c414ffc4644d6df6b0c067f9aeb5cfa6d50356235ac20a
dp_best_dp_ddim05_ta08,8,pick_up_the_black_bowl_on_the_stove_and_place_it_on_the_plate,35,18035,1,142,18,22d80af3dce5342b66c414ffc4644d6df6b0c067f9aeb5cfa6d50356235ac20a
dp_best_dp_ddim05_ta08,8,pick_up_the_black_bowl_on_the_stove_and_place_it_on_the_plate,36,18036,1,156,20,22d80af3dce5342b66c414ffc4644d6df6b0c067f9aeb5cfa6d50356235ac20a
dp_best_dp_ddim05_ta08,8,pick_up_the_black_bowl_on_the_stove_and_place_it_on_the_plate,37,18037,1,170,22,22d80af3dce5342b66c414ffc4644d6df6b0c067f9aeb5cfa6d50356235ac20a
dp_best_dp_ddim05_ta08,8,pick_up_the_black_bowl_on_the_stove_and_place_it_on_the_plate,38,18038,1,156,20,22d80af3dce5342b66c414ffc4644d6df6b0c067f9aeb5cfa6d50356235ac20a
dp_best_dp_ddim05_ta08,8,pick_up_the_black_bowl_on_the_stove_and_place_it_on_the_plate,22,18022,0,600,75,22d80af3dce5342b66c414ffc4644d6df6b0c067f9aeb5cfa6d50356235ac20a
dp_best_dp_ddim05_ta08,8,pick_up_the_black_bowl_on_the_stove_and_place_it_on_the_plate,39,18039,1,140,18,22d80af3dce5342b66c414ffc4644d6df6b0c067f9aeb5cfa6d50356235ac20a
dp_best_dp_ddim05_ta08,8,pick_up_the_black_bowl_on_the_stove_and_place_it_on_the_plate,41,18041,1,144,18,22d80af3dce5342b66c414ffc4644d6df6b0c067f9aeb5cfa6d50356235ac20a
dp_best_dp_ddim05_ta08,8,pick_up_the_black_bowl_on_the_stove_and_place_it_on_the_plate,40,18040,1,154,20,22d80af3dce5342b66c414ffc4644d6df6b0c067f9aeb5cfa6d50356235ac20a
dp_best_dp_ddim05_ta08,8,pick_up_the_black_bowl_on_the_stove_and_place_it_on_the_plate,42,18042,1,148,19,22d80af3dce5342b66c414ffc4644d6df6b0c067f9aeb5cfa6d50356235ac20a
dp_best_dp_ddim05_ta08,8,pick_up_the_black_bowl_on_the_stove_and_place_it_on_the_plate,43,18043,1,135,17,22d80af3dce5342b66c414ffc4644d6df6b0c067f9aeb5cfa6d50356235ac20a
dp_best_dp_ddim05_ta08,8,pick_up_the_black_bowl_on_the_stove_and_place_it_on_the_plate,45,18045,1,128,16,22d80af3dce5342b66c414ffc4644d6df6b0c067f9aeb5cfa6d50356235ac20a
dp_best_dp_ddim05_ta08,8,pick_up_the_black_bowl_on_the_stove_and_place_it_on_the_plate,48,18048,1,142,18,22d80af3dce5342b66c414ffc4644d6df6b0c067f9aeb5cfa6d50356235ac20a
dp_best_dp_ddim05_ta08,8,pick_up_the_black_bowl_on_the_stove_and_place_it_on_the_plate,46,18046,1,183,23,22d80af3dce5342b66c414ffc4644d6df6b0c067f9aeb5cfa6d50356235ac20a
dp_best_dp_ddim05_ta08,8,pick_up_the_black_bowl_on_the_stove_and_place_it_on_the_plate,47,18047,1,168,21,22d80af3dce5342b66c414ffc4644d6df6b0c067f9aeb5cfa6d50356235ac20a
dp_best_dp_ddim05_ta08,8,pick_up_the_black_bowl_on_the_stove_and_place_it_on_the_plate,32,18032,0,600,75,22d80af3dce5342b66c414ffc4644d6df6b0c067f9aeb5cfa6d50356235ac20a
dp_best_dp_ddim05_ta08,8,pick_up_the_black_bowl_on_the_stove_and_place_it_on_the_plate,49,18049,1,295,37,22d80af3dce5342b66c414ffc4644d6df6b0c067f9aeb5cfa6d50356235ac20a
dp_best_dp_ddim05_ta08,8,pick_up_the_black_bowl_on_the_stove_and_place_it_on_the_plate,44,18044,0,600,75,22d80af3dce5342b66c414ffc4644d6df6b0c067f9aeb5cfa6d50356235ac20a
dp_best_dp_ddim05_ta08,1,pick_up_the_black_bowl_from_table_center_and_place_it_on_the_plate,1,11001,1,106,14,22d80af3dce5342b66c414ffc4644d6df6b0c067f9aeb5cfa6d50356235ac20a
dp_best_dp_ddim05_ta08,1,pick_up_the_black_bowl_from_table_center_and_place_it_on_the_plate,2,11002,1,107,14,22d80af3dce5342b66c414ffc4644d6df6b0c067f9aeb5cfa6d50356235ac20a
dp_best_dp_ddim05_ta08,1,pick_up_the_black_bowl_from_table_center_and_place_it_on_the_plate,3,11003,1,110,14,22d80af3dce5342b66c414ffc4644d6df6b0c067f9aeb5cfa6d50356235ac20a
dp_best_dp_ddim05_ta08,1,pick_up_the_black_bowl_from_table_center_and_place_it_on_the_plate,6,11006,1,110,14,22d80af3dce5342b66c414ffc4644d6df6b0c067f9aeb5cfa6d50356235ac20a
dp_best_dp_ddim05_ta08,1,pick_up_the_black_bowl_from_table_center_and_place_it_on_the_plate,4,11004,1,115,15,22d80af3dce5342b66c414ffc4644d6df6b0c067f9aeb5cfa6d50356235ac20a
dp_best_dp_ddim05_ta08,1,pick_up_the_black_bowl_from_table_center_and_place_it_on_the_plate,0,11000,1,122,16,22d80af3dce5342b66c414ffc4644d6df6b0c067f9aeb5cfa6d50356235ac20a
dp_best_dp_ddim05_ta08,1,pick_up_the_black_bowl_from_table_center_and_place_it_on_the_plate,7,11007,1,133,17,22d80af3dce5342b66c414ffc4644d6df6b0c067f9aeb5cfa6d50356235ac20a
dp_best_dp_ddim05_ta08,1,pick_up_the_black_bowl_from_table_center_and_place_it_on_the_plate,8,11008,1,103,13,22d80af3dce5342b66c414ffc4644d6df6b0c067f9aeb5cfa6d50356235ac20a
dp_best_dp_ddim05_ta08,1,pick_up_the_black_bowl_from_table_center_and_place_it_on_the_plate,12,11012,1,106,14,22d80af3dce5342b66c414ffc4644d6df6b0c067f9aeb5cfa6d50356235ac20a
dp_best_dp_ddim05_ta08,1,pick_up_the_black_bowl_from_table_center_and_place_it_on_the_plate,9,11009,1,118,15,22d80af3dce5342b66c414ffc4644d6df6b0c067f9aeb5cfa6d50356235ac20a
dp_best_dp_ddim05_ta08,1,pick_up_the_black_bowl_from_table_center_and_place_it_on_the_plate,14,11014,1,131,17,22d80af3dce5342b66c414ffc4644d6df6b0c067f9aeb5cfa6d50356235ac20a
dp_best_dp_ddim05_ta08,1,pick_up_the_black_bowl_from_table_center_and_place_it_on_the_plate,15,11015,1,112,14,22d80af3dce5342b66c414ffc4644d6df6b0c067f9aeb5cfa6d50356235ac20a
dp_best_dp_ddim05_ta08,1,pick_up_the_black_bowl_from_table_center_and_place_it_on_the_plate,17,11017,1,125,16,22d80af3dce5342b66c414ffc4644d6df6b0c067f9aeb5cfa6d50356235ac20a
dp_best_dp_ddim05_ta08,1,pick_up_the_black_bowl_from_table_center_and_place_it_on_the_plate,11,11011,1,259,33,22d80af3dce5342b66c414ffc4644d6df6b0c067f9aeb5cfa6d50356235ac20a
dp_best_dp_ddim05_ta08,1,pick_up_the_black_bowl_from_table_center_and_place_it_on_the_plate,18,11018,1,123,16,22d80af3dce5342b66c414ffc4644d6df6b0c067f9aeb5cfa6d50356235ac20a
dp_best_dp_ddim05_ta08,1,pick_up_the_black_bowl_from_table_center_and_place_it_on_the_plate,20,11020,1,132,17,22d80af3dce5342b66c414ffc4644d6df6b0c067f9aeb5cfa6d50356235ac20a
dp_best_dp_ddim05_ta08,1,pick_up_the_black_bowl_from_table_center_and_place_it_on_the_plate,21,11021,1,116,15,22d80af3dce5342b66c414ffc4644d6df6b0c067f9aeb5cfa6d50356235ac20a
dp_best_dp_ddim05_ta08,1,pick_up_the_black_bowl_from_table_center_and_place_it_on_the_plate,22,11022,1,117,15,22d80af3dce5342b66c414ffc4644d6df6b0c067f9aeb5cfa6d50356235ac20a
dp_best_dp_ddim05_ta08,1,pick_up_the_black_bowl_from_table_center_and_place_it_on_the_plate,10,11010,1,448,56,22d80af3dce5342b66c414ffc4644d6df6b0c067f9aeb5cfa6d50356235ac20a
dp_best_dp_ddim05_ta08,1,pick_up_the_black_bowl_from_table_center_and_place_it_on_the_plate,24,11024,1,109,14,22d80af3dce5342b66c414ffc4644d6df6b0c067f9aeb5cfa6d50356235ac20a
dp_best_dp_ddim05_ta08,1,pick_up_the_black_bowl_from_table_center_and_place_it_on_the_plate,5,11005,0,600,75,22d80af3dce5342b66c414ffc4644d6df6b0c067f9aeb5cfa6d50356235ac20a
dp_best_dp_ddim05_ta08,1,pick_up_the_black_bowl_from_table_center_and_place_it_on_the_plate,23,11023,1,127,16,22d80af3dce5342b66c414ffc4644d6df6b0c067f9aeb5cfa6d50356235ac20a
dp_best_dp_ddim05_ta08,1,pick_up_the_black_bowl_from_table_center_and_place_it_on_the_plate,25,11025,1,133,17,22d80af3dce5342b66c414ffc4644d6df6b0c067f9aeb5cfa6d50356235ac20a
dp_best_dp_ddim05_ta08,1,pick_up_the_black_bowl_from_table_center_and_place_it_on_the_plate,13,11013,0,600,75,22d80af3dce5342b66c414ffc4644d6df6b0c067f9aeb5cfa6d50356235ac20a
dp_best_dp_ddim05_ta08,1,pick_up_the_black_bowl_from_table_center_and_place_it_on_the_plate,30,11030,1,105,14,22d80af3dce5342b66c414ffc4644d6df6b0c067f9aeb5cfa6d50356235ac20a
dp_best_dp_ddim05_ta08,1,pick_up_the_black_bowl_from_table_center_and_place_it_on_the_plate,16,11016,0,600,75,22d80af3dce5342b66c414ffc4644d6df6b0c067f9aeb5cfa6d50356235ac20a
dp_best_dp_ddim05_ta08,1,pick_up_the_black_bowl_from_table_center_and_place_it_on_the_plate,31,11031,1,112,14,22d80af3dce5342b66c414ffc4644d6df6b0c067f9aeb5cfa6d50356235ac20a
dp_best_dp_ddim05_ta08,1,pick_up_the_black_bowl_from_table_center_and_place_it_on_the_plate,29,11029,1,275,35,22d80af3dce5342b66c414ffc4644d6df6b0c067f9aeb5cfa6d50356235ac20a
dp_best_dp_ddim05_ta08,1,pick_up_the_black_bowl_from_table_center_and_place_it_on_the_plate,32,11032,1,157,20,22d80af3dce5342b66c414ffc4644d6df6b0c067f9aeb5cfa6d50356235ac20a
dp_best_dp_ddim05_ta08,1,pick_up_the_black_bowl_from_table_center_and_place_it_on_the_plate,19,11019,0,600,75,22d80af3dce5342b66c414ffc4644d6df6b0c067f9aeb5cfa6d50356235ac20a
dp_best_dp_ddim05_ta08,1,pick_up_the_black_bowl_from_table_center_and_place_it_on_the_plate,34,11034,1,118,15,22d80af3dce5342b66c414ffc4644d6df6b0c067f9aeb5cfa6d50356235ac20a
dp_best_dp_ddim05_ta08,1,pick_up_the_black_bowl_from_table_center_and_place_it_on_the_plate,35,11035,1,110,14,22d80af3dce5342b66c414ffc4644d6df6b0c067f9aeb5cfa6d50356235ac20a
dp_best_dp_ddim05_ta08,1,pick_up_the_black_bowl_from_table_center_and_place_it_on_the_plate,36,11036,1,117,15,22d80af3dce5342b66c414ffc4644d6df6b0c067f9aeb5cfa6d50356235ac20a
dp_best_dp_ddim05_ta08,1,pick_up_the_black_bowl_from_table_center_and_place_it_on_the_plate,37,11037,1,142,18,22d80af3dce5342b66c414ffc4644d6df6b0c067f9aeb5cfa6d50356235ac20a
dp_best_dp_ddim05_ta08,1,pick_up_the_black_bowl_from_table_center_and_place_it_on_the_plate,38,11038,1,133,17,22d80af3dce5342b66c414ffc4644d6df6b0c067f9aeb5cfa6d50356235ac20a
dp_best_dp_ddim05_ta08,1,pick_up_the_black_bowl_from_table_center_and_place_it_on_the_plate,39,11039,1,113,15,22d80af3dce5342b66c414ffc4644d6df6b0c067f9aeb5cfa6d50356235ac20a
dp_best_dp_ddim05_ta08,1,pick_up_the_black_bowl_from_table_center_and_place_it_on_the_plate,40,11040,1,108,14,22d80af3dce5342b66c414ffc4644d6df6b0c067f9aeb5cfa6d50356235ac20a
dp_best_dp_ddim05_ta08,1,pick_up_the_black_bowl_from_table_center_and_place_it_on_the_plate,26,11026,0,600,75,22d80af3dce5342b66c414ffc4644d6df6b0c067f9aeb5cfa6d50356235ac20a
dp_best_dp_ddim05_ta08,1,pick_up_the_black_bowl_from_table_center_and_place_it_on_the_plate,27,11027,0,600,75,22d80af3dce5342b66c414ffc4644d6df6b0c067f9aeb5cfa6d50356235ac20a
dp_best_dp_ddim05_ta08,1,pick_up_the_black_bowl_from_table_center_and_place_it_on_the_plate,28,11028,0,600,75,22d80af3dce5342b66c414ffc4644d6df6b0c067f9aeb5cfa6d50356235ac20a
dp_best_dp_ddim05_ta08,1,pick_up_the_black_bowl_from_table_center_and_place_it_on_the_plate,42,11042,1,112,14,22d80af3dce5342b66c414ffc4644d6df6b0c067f9aeb5cfa6d50356235ac20a
dp_best_dp_ddim05_ta08,1,pick_up_the_black_bowl_from_table_center_and_place_it_on_the_plate,41,11041,1,141,18,22d80af3dce5342b66c414ffc4644d6df6b0c067f9aeb5cfa6d50356235ac20a
dp_best_dp_ddim05_ta08,1,pick_up_the_black_bowl_from_table_center_and_place_it_on_the_plate,43,11043,1,116,15,22d80af3dce5342b66c414ffc4644d6df6b0c067f9aeb5cfa6d50356235ac20a
dp_best_dp_ddim05_ta08,1,pick_up_the_black_bowl_from_table_center_and_place_it_on_the_plate,44,11044,1,119,15,22d80af3dce5342b66c414ffc4644d6df6b0c067f9aeb5cfa6d50356235ac20a
dp_best_dp_ddim05_ta08,1,pick_up_the_black_bowl_from_table_center_and_place_it_on_the_plate,45,11045,1,118,15,22d80af3dce5342b66c414ffc4644d6df6b0c067f9aeb5cfa6d50356235ac20a
dp_best_dp_ddim05_ta08,1,pick_up_the_black_bowl_from_table_center_and_place_it_on_the_plate,48,11048,1,101,13,22d80af3dce5342b66c414ffc4644d6df6b0c067f9aeb5cfa6d50356235ac20a
dp_best_dp_ddim05_ta08,1,pick_up_the_black_bowl_from_table_center_and_place_it_on_the_plate,49,11049,1,112,14,22d80af3dce5342b66c414ffc4644d6df6b0c067f9aeb5cfa6d50356235ac20a
dp_best_dp_ddim05_ta08,1,pick_up_the_black_bowl_from_table_center_and_place_it_on_the_plate,46,11046,1,123,16,22d80af3dce5342b66c414ffc4644d6df6b0c067f9aeb5cfa6d50356235ac20a
dp_best_dp_ddim05_ta08,3,pick_up_the_black_bowl_next_to_the_cookie_box_and_place_it_on_the_plate,0,13000,1,126,16,22d80af3dce5342b66c414ffc4644d6df6b0c067f9aeb5cfa6d50356235ac20a
dp_best_dp_ddim05_ta08,3,pick_up_the_black_bowl_next_to_the_cookie_box_and_place_it_on_the_plate,2,13002,1,114,15,22d80af3dce5342b66c414ffc4644d6df6b0c067f9aeb5cfa6d50356235ac20a
dp_best_dp_ddim05_ta08,1,pick_up_the_black_bowl_from_table_center_and_place_it_on_the_plate,33,11033,0,600,75,22d80af3dce5342b66c414ffc4644d6df6b0c067f9aeb5cfa6d50356235ac20a
dp_best_dp_ddim05_ta08,3,pick_up_the_black_bowl_next_to_the_cookie_box_and_place_it_on_the_plate,3,13003,1,123,16,22d80af3dce5342b66c414ffc4644d6df6b0c067f9aeb5cfa6d50356235ac20a
dp_best_dp_ddim05_ta08,3,pick_up_the_black_bowl_next_to_the_cookie_box_and_place_it_on_the_plate,5,13005,1,132,17,22d80af3dce5342b66c414ffc4644d6df6b0c067f9aeb5cfa6d50356235ac20a
dp_best_dp_ddim05_ta08,3,pick_up_the_black_bowl_next_to_the_cookie_box_and_place_it_on_the_plate,4,13004,1,139,18,22d80af3dce5342b66c414ffc4644d6df6b0c067f9aeb5cfa6d50356235ac20a
dp_best_dp_ddim05_ta08,3,pick_up_the_black_bowl_next_to_the_cookie_box_and_place_it_on_the_plate,6,13006,1,122,16,22d80af3dce5342b66c414ffc4644d6df6b0c067f9aeb5cfa6d50356235ac20a
dp_best_dp_ddim05_ta08,3,pick_up_the_black_bowl_next_to_the_cookie_box_and_place_it_on_the_plate,7,13007,1,104,13,22d80af3dce5342b66c414ffc4644d6df6b0c067f9aeb5cfa6d50356235ac20a
dp_best_dp_ddim05_ta08,3,pick_up_the_black_bowl_next_to_the_cookie_box_and_place_it_on_the_plate,8,13008,1,123,16,22d80af3dce5342b66c414ffc4644d6df6b0c067f9aeb5cfa6d50356235ac20a
dp_best_dp_ddim05_ta08,3,pick_up_the_black_bowl_next_to_the_cookie_box_and_place_it_on_the_plate,10,13010,1,110,14,22d80af3dce5342b66c414ffc4644d6df6b0c067f9aeb5cfa6d50356235ac20a
dp_best_dp_ddim05_ta08,3,pick_up_the_black_bowl_next_to_the_cookie_box_and_place_it_on_the_plate,11,13011,1,126,16,22d80af3dce5342b66c414ffc4644d6df6b0c067f9aeb5cfa6d50356235ac20a
dp_best_dp_ddim05_ta08,3,pick_up_the_black_bowl_next_to_the_cookie_box_and_place_it_on_the_plate,13,13013,1,111,14,22d80af3dce5342b66c414ffc4644d6df6b0c067f9aeb5cfa6d50356235ac20a
dp_best_dp_ddim05_ta08,3,pick_up_the_black_bowl_next_to_the_cookie_box_and_place_it_on_the_plate,12,13012,1,149,19,22d80af3dce5342b66c414ffc4644d6df6b0c067f9aeb5cfa6d50356235ac20a
dp_best_dp_ddim05_ta08,3,pick_up_the_black_bowl_next_to_the_cookie_box_and_place_it_on_the_plate,14,13014,1,131,17,22d80af3dce5342b66c414ffc4644d6df6b0c067f9aeb5cfa6d50356235ac20a
dp_best_dp_ddim05_ta08,3,pick_up_the_black_bowl_next_to_the_cookie_box_and_place_it_on_the_plate,15,13015,1,124,16,22d80af3dce5342b66c414ffc4644d6df6b0c067f9aeb5cfa6d50356235ac20a
dp_best_dp_ddim05_ta08,3,pick_up_the_black_bowl_next_to_the_cookie_box_and_place_it_on_the_plate,16,13016,1,136,17,22d80af3dce5342b66c414ffc4644d6df6b0c067f9aeb5cfa6d50356235ac20a
dp_best_dp_ddim05_ta08,3,pick_up_the_black_bowl_next_to_the_cookie_box_and_place_it_on_the_plate,17,13017,1,122,16,22d80af3dce5342b66c414ffc4644d6df6b0c067f9aeb5cfa6d50356235ac20a
dp_best_dp_ddim05_ta08,3,pick_up_the_black_bowl_next_to_the_cookie_box_and_place_it_on_the_plate,18,13018,1,118,15,22d80af3dce5342b66c414ffc4644d6df6b0c067f9aeb5cfa6d50356235ac20a
dp_best_dp_ddim05_ta08,3,pick_up_the_black_bowl_next_to_the_cookie_box_and_place_it_on_the_plate,19,13019,1,120,15,22d80af3dce5342b66c414ffc4644d6df6b0c067f9aeb5cfa6d50356235ac20a
dp_best_dp_ddim05_ta08,1,pick_up_the_black_bowl_from_table_center_and_place_it_on_the_plate,47,11047,0,600,75,22d80af3dce5342b66c414ffc4644d6df6b0c067f9aeb5cfa6d50356235ac20a
dp_best_dp_ddim05_ta08,3,pick_up_the_black_bowl_next_to_the_cookie_box_and_place_it_on_the_plate,1,13001,0,600,75,22d80af3dce5342b66c414ffc4644d6df6b0c067f9aeb5cfa6d50356235ac20a
dp_best_dp_ddim05_ta08,3,pick_up_the_black_bowl_next_to_the_cookie_box_and_place_it_on_the_plate,22,13022,1,124,16,22d80af3dce5342b66c414ffc4644d6df6b0c067f9aeb5cfa6d50356235ac20a
dp_best_dp_ddim05_ta08,3,pick_up_the_black_bowl_next_to_the_cookie_box_and_place_it_on_the_plate,23,13023,1,116,15,22d80af3dce5342b66c414ffc4644d6df6b0c067f9aeb5cfa6d50356235ac20a
dp_best_dp_ddim05_ta08,3,pick_up_the_black_bowl_next_to_the_cookie_box_and_place_it_on_the_plate,25,13025,1,114,15,22d80af3dce5342b66c414ffc4644d6df6b0c067f9aeb5cfa6d50356235ac20a
dp_best_dp_ddim05_ta08,3,pick_up_the_black_bowl_next_to_the_cookie_box_and_place_it_on_the_plate,24,13024,1,138,18,22d80af3dce5342b66c414ffc4644d6df6b0c067f9aeb5cfa6d50356235ac20a
dp_best_dp_ddim05_ta08,3,pick_up_the_black_bowl_next_to_the_cookie_box_and_place_it_on_the_plate,27,13027,1,105,14,22d80af3dce5342b66c414ffc4644d6df6b0c067f9aeb5cfa6d50356235ac20a
dp_best_dp_ddim05_ta08,3,pick_up_the_black_bowl_next_to_the_cookie_box_and_place_it_on_the_plate,26,13026,1,117,15,22d80af3dce5342b66c414ffc4644d6df6b0c067f9aeb5cfa6d50356235ac20a
dp_best_dp_ddim05_ta08,3,pick_up_the_black_bowl_next_to_the_cookie_box_and_place_it_on_the_plate,28,13028,1,115,15,22d80af3dce5342b66c414ffc4644d6df6b0c067f9aeb5cfa6d50356235ac20a
dp_best_dp_ddim05_ta08,3,pick_up_the_black_bowl_next_to_the_cookie_box_and_place_it_on_the_plate,9,13009,0,600,75,22d80af3dce5342b66c414ffc4644d6df6b0c067f9aeb5cfa6d50356235ac20a
dp_best_dp_ddim05_ta08,3,pick_up_the_black_bowl_next_to_the_cookie_box_and_place_it_on_the_plate,30,13030,1,107,14,22d80af3dce5342b66c414ffc4644d6df6b0c067f9aeb5cfa6d50356235ac20a
dp_best_dp_ddim05_ta08,3,pick_up_the_black_bowl_next_to_the_cookie_box_and_place_it_on_the_plate,29,13029,1,135,17,22d80af3dce5342b66c414ffc4644d6df6b0c067f9aeb5cfa6d50356235ac20a
dp_best_dp_ddim05_ta08,3,pick_up_the_black_bowl_next_to_the_cookie_box_and_place_it_on_the_plate,31,13031,1,119,15,22d80af3dce5342b66c414ffc4644d6df6b0c067f9aeb5cfa6d50356235ac20a
dp_best_dp_ddim05_ta08,3,pick_up_the_black_bowl_next_to_the_cookie_box_and_place_it_on_the_plate,32,13032,1,131,17,22d80af3dce5342b66c414ffc4644d6df6b0c067f9aeb5cfa6d50356235ac20a
dp_best_dp_ddim05_ta08,3,pick_up_the_black_bowl_next_to_the_cookie_box_and_place_it_on_the_plate,33,13033,1,139,18,22d80af3dce5342b66c414ffc4644d6df6b0c067f9aeb5cfa6d50356235ac20a
dp_best_dp_ddim05_ta08,3,pick_up_the_black_bowl_next_to_the_cookie_box_and_place_it_on_the_plate,34,13034,1,116,15,22d80af3dce5342b66c414ffc4644d6df6b0c067f9aeb5cfa6d50356235ac20a
dp_best_dp_ddim05_ta08,3,pick_up_the_black_bowl_next_to_the_cookie_box_and_place_it_on_the_plate,36,13036,1,108,14,22d80af3dce5342b66c414ffc4644d6df6b0c067f9aeb5cfa6d50356235ac20a
dp_best_dp_ddim05_ta08,3,pick_up_the_black_bowl_next_to_the_cookie_box_and_place_it_on_the_plate,37,13037,1,130,17,22d80af3dce5342b66c414ffc4644d6df6b0c067f9aeb5cfa6d50356235ac20a
dp_best_dp_ddim05_ta08,3,pick_up_the_black_bowl_next_to_the_cookie_box_and_place_it_on_the_plate,38,13038,1,114,15,22d80af3dce5342b66c414ffc4644d6df6b0c067f9aeb5cfa6d50356235ac20a
dp_best_dp_ddim05_ta08,3,pick_up_the_black_bowl_next_to_the_cookie_box_and_place_it_on_the_plate,40,13040,1,110,14,22d80af3dce5342b66c414ffc4644d6df6b0c067f9aeb5cfa6d50356235ac20a
dp_best_dp_ddim05_ta08,3,pick_up_the_black_bowl_next_to_the_cookie_box_and_place_it_on_the_plate,39,13039,1,148,19,22d80af3dce5342b66c414ffc4644d6df6b0c067f9aeb5cfa6d50356235ac20a
dp_best_dp_ddim05_ta08,3,pick_up_the_black_bowl_next_to_the_cookie_box_and_place_it_on_the_plate,20,13020,0,600,75,22d80af3dce5342b66c414ffc4644d6df6b0c067f9aeb5cfa6d50356235ac20a
dp_best_dp_ddim05_ta08,3,pick_up_the_black_bowl_next_to_the_cookie_box_and_place_it_on_the_plate,41,13041,1,161,21,22d80af3dce5342b66c414ffc4644d6df6b0c067f9aeb5cfa6d50356235ac20a
dp_best_dp_ddim05_ta08,3,pick_up_the_black_bowl_next_to_the_cookie_box_and_place_it_on_the_plate,42,13042,1,108,14,22d80af3dce5342b66c414ffc4644d6df6b0c067f9aeb5cfa6d50356235ac20a
dp_best_dp_ddim05_ta08,3,pick_up_the_black_bowl_next_to_the_cookie_box_and_place_it_on_the_plate,21,13021,0,600,75,22d80af3dce5342b66c414ffc4644d6df6b0c067f9aeb5cfa6d50356235ac20a
dp_best_dp_ddim05_ta08,3,pick_up_the_black_bowl_next_to_the_cookie_box_and_place_it_on_the_plate,43,13043,1,118,15,22d80af3dce5342b66c414ffc4644d6df6b0c067f9aeb5cfa6d50356235ac20a
dp_best_dp_ddim05_ta08,3,pick_up_the_black_bowl_next_to_the_cookie_box_and_place_it_on_the_plate,44,13044,1,114,15,22d80af3dce5342b66c414ffc4644d6df6b0c067f9aeb5cfa6d50356235ac20a
dp_best_dp_ddim05_ta08,3,pick_up_the_black_bowl_next_to_the_cookie_box_and_place_it_on_the_plate,46,13046,1,132,17,22d80af3dce5342b66c414ffc4644d6df6b0c067f9aeb5cfa6d50356235ac20a
dp_best_dp_ddim05_ta08,3,pick_up_the_black_bowl_next_to_the_cookie_box_and_place_it_on_the_plate,49,13049,1,107,14,22d80af3dce5342b66c414ffc4644d6df6b0c067f9aeb5cfa6d50356235ac20a
dp_best_dp_ddim05_ta08,3,pick_up_the_black_bowl_next_to_the_cookie_box_and_place_it_on_the_plate,47,13047,1,117,15,22d80af3dce5342b66c414ffc4644d6df6b0c067f9aeb5cfa6d50356235ac20a
dp_best_dp_ddim05_ta08,3,pick_up_the_black_bowl_next_to_the_cookie_box_and_place_it_on_the_plate,48,13048,1,117,15,22d80af3dce5342b66c414ffc4644d6df6b0c067f9aeb5cfa6d50356235ac20a
dp_best_dp_ddim05_ta08,5,pick_up_the_black_bowl_next_to_the_ramekin_and_place_it_on_the_plate,0,15000,1,137,18,22d80af3dce5342b66c414ffc4644d6df6b0c067f9aeb5cfa6d50356235ac20a
dp_best_dp_ddim05_ta08,5,pick_up_the_black_bowl_next_to_the_ramekin_and_place_it_on_the_plate,1,15001,1,118,15,22d80af3dce5342b66c414ffc4644d6df6b0c067f9aeb5cfa6d50356235ac20a
dp_best_dp_ddim05_ta08,5,pick_up_the_black_bowl_next_to_the_ramekin_and_place_it_on_the_plate,2,15002,1,116,15,22d80af3dce5342b66c414ffc4644d6df6b0c067f9aeb5cfa6d50356235ac20a
dp_best_dp_ddim05_ta08,5,pick_up_the_black_bowl_next_to_the_ramekin_and_place_it_on_the_plate,3,15003,1,126,16,22d80af3dce5342b66c414ffc4644d6df6b0c067f9aeb5cfa6d50356235ac20a
dp_best_dp_ddim05_ta08,5,pick_up_the_black_bowl_next_to_the_ramekin_and_place_it_on_the_plate,4,15004,1,155,20,22d80af3dce5342b66c414ffc4644d6df6b0c067f9aeb5cfa6d50356235ac20a
dp_best_dp_ddim05_ta08,5,pick_up_the_black_bowl_next_to_the_ramekin_and_place_it_on_the_plate,6,15006,1,145,19,22d80af3dce5342b66c414ffc4644d6df6b0c067f9aeb5cfa6d50356235ac20a
dp_best_dp_ddim05_ta08,5,pick_up_the_black_bowl_next_to_the_ramekin_and_place_it_on_the_plate,7,15007,1,149,19,22d80af3dce5342b66c414ffc4644d6df6b0c067f9aeb5cfa6d50356235ac20a
dp_best_dp_ddim05_ta08,3,pick_up_the_black_bowl_next_to_the_cookie_box_and_place_it_on_the_plate,35,13035,0,600,75,22d80af3dce5342b66c414ffc4644d6df6b0c067f9aeb5cfa6d50356235ac20a
dp_best_dp_ddim05_ta08,5,pick_up_the_black_bowl_next_to_the_ramekin_and_place_it_on_the_plate,8,15008,1,117,15,22d80af3dce5342b66c414ffc4644d6df6b0c067f9aeb5cfa6d50356235ac20a
dp_best_dp_ddim05_ta08,5,pick_up_the_black_bowl_next_to_the_ramekin_and_place_it_on_the_plate,5,15005,1,251,32,22d80af3dce5342b66c414ffc4644d6df6b0c067f9aeb5cfa6d50356235ac20a
dp_best_dp_ddim05_ta08,5,pick_up_the_black_bowl_next_to_the_ramekin_and_place_it_on_the_plate,10,15010,1,118,15,22d80af3dce5342b66c414ffc4644d6df6b0c067f9aeb5cfa6d50356235ac20a
dp_best_dp_ddim05_ta08,5,pick_up_the_black_bowl_next_to_the_ramekin_and_place_it_on_the_plate,13,15013,1,107,14,22d80af3dce5342b66c414ffc4644d6df6b0c067f9aeb5cfa6d50356235ac20a
dp_best_dp_ddim05_ta08,5,pick_up_the_black_bowl_next_to_the_ramekin_and_place_it_on_the_plate,11,15011,1,135,17,22d80af3dce5342b66c414ffc4644d6df6b0c067f9aeb5cfa6d50356235ac20a
dp_best_dp_ddim05_ta08,5,pick_up_the_black_bowl_next_to_the_ramekin_and_place_it_on_the_plate,14,15014,1,111,14,22d80af3dce5342b66c414ffc4644d6df6b0c067f9aeb5cfa6d50356235ac20a
dp_best_dp_ddim05_ta08,5,pick_up_the_black_bowl_next_to_the_ramekin_and_place_it_on_the_plate,16,15016,1,107,14,22d80af3dce5342b66c414ffc4644d6df6b0c067f9aeb5cfa6d50356235ac20a
dp_best_dp_ddim05_ta08,5,pick_up_the_black_bowl_next_to_the_ramekin_and_place_it_on_the_plate,15,15015,1,147,19,22d80af3dce5342b66c414ffc4644d6df6b0c067f9aeb5cfa6d50356235ac20a
dp_best_dp_ddim05_ta08,3,pick_up_the_black_bowl_next_to_the_cookie_box_and_place_it_on_the_plate,45,13045,0,600,75,22d80af3dce5342b66c414ffc4644d6df6b0c067f9aeb5cfa6d50356235ac20a
dp_best_dp_ddim05_ta08,5,pick_up_the_black_bowl_next_to_the_ramekin_and_place_it_on_the_plate,18,15018,1,129,17,22d80af3dce5342b66c414ffc4644d6df6b0c067f9aeb5cfa6d50356235ac20a
dp_best_dp_ddim05_ta08,5,pick_up_the_black_bowl_next_to_the_ramekin_and_place_it_on_the_plate,19,15019,1,122,16,22d80af3dce5342b66c414ffc4644d6df6b0c067f9aeb5cfa6d50356235ac20a
dp_best_dp_ddim05_ta08,5,pick_up_the_black_bowl_next_to_the_ramekin_and_place_it_on_the_plate,20,15020,1,120,15,22d80af3dce5342b66c414ffc4644d6df6b0c067f9aeb5cfa6d50356235ac20a
dp_best_dp_ddim05_ta08,5,pick_up_the_black_bowl_next_to_the_ramekin_and_place_it_on_the_plate,21,15021,1,125,16,22d80af3dce5342b66c414ffc4644d6df6b0c067f9aeb5cfa6d50356235ac20a
dp_best_dp_ddim05_ta08,5,pick_up_the_black_bowl_next_to_the_ramekin_and_place_it_on_the_plate,22,15022,1,115,15,22d80af3dce5342b66c414ffc4644d6df6b0c067f9aeb5cfa6d50356235ac20a
dp_best_dp_ddim05_ta08,5,pick_up_the_black_bowl_next_to_the_ramekin_and_place_it_on_the_plate,23,15023,1,121,16,22d80af3dce5342b66c414ffc4644d6df6b0c067f9aeb5cfa6d50356235ac20a
dp_best_dp_ddim05_ta08,5,pick_up_the_black_bowl_next_to_the_ramekin_and_place_it_on_the_plate,27,15027,1,113,15,22d80af3dce5342b66c414ffc4644d6df6b0c067f9aeb5cfa6d50356235ac20a
dp_best_dp_ddim05_ta08,5,pick_up_the_black_bowl_next_to_the_ramekin_and_place_it_on_the_plate,26,15026,1,145,19,22d80af3dce5342b66c414ffc4644d6df6b0c067f9aeb5cfa6d50356235ac20a
dp_best_dp_ddim05_ta08,5,pick_up_the_black_bowl_next_to_the_ramekin_and_place_it_on_the_plate,24,15024,1,221,28,22d80af3dce5342b66c414ffc4644d6df6b0c067f9aeb5cfa6d50356235ac20a
dp_best_dp_ddim05_ta08,5,pick_up_the_black_bowl_next_to_the_ramekin_and_place_it_on_the_plate,28,15028,1,118,15,22d80af3dce5342b66c414ffc4644d6df6b0c067f9aeb5cfa6d50356235ac20a
dp_best_dp_ddim05_ta08,5,pick_up_the_black_bowl_next_to_the_ramekin_and_place_it_on_the_plate,9,15009,0,600,75,22d80af3dce5342b66c414ffc4644d6df6b0c067f9aeb5cfa6d50356235ac20a
dp_best_dp_ddim05_ta08,5,pick_up_the_black_bowl_next_to_the_ramekin_and_place_it_on_the_plate,17,15017,1,409,52,22d80af3dce5342b66c414ffc4644d6df6b0c067f9aeb5cfa6d50356235ac20a
dp_best_dp_ddim05_ta08,5,pick_up_the_black_bowl_next_to_the_ramekin_and_place_it_on_the_plate,30,15030,1,119,15,22d80af3dce5342b66c414ffc4644d6df6b0c067f9aeb5cfa6d50356235ac20a
dp_best_dp_ddim05_ta08,5,pick_up_the_black_bowl_next_to_the_ramekin_and_place_it_on_the_plate,12,15012,0,600,75,22d80af3dce5342b66c414ffc4644d6df6b0c067f9aeb5cfa6d50356235ac20a
dp_best_dp_ddim05_ta08,5,pick_up_the_black_bowl_next_to_the_ramekin_and_place_it_on_the_plate,29,15029,1,138,18,22d80af3dce5342b66c414ffc4644d6df6b0c067f9aeb5cfa6d50356235ac20a
dp_best_dp_ddim05_ta08,5,pick_up_the_black_bowl_next_to_the_ramekin_and_place_it_on_the_plate,32,15032,1,124,16,22d80af3dce5342b66c414ffc4644d6df6b0c067f9aeb5cfa6d50356235ac20a
dp_best_dp_ddim05_ta08,5,pick_up_the_black_bowl_next_to_the_ramekin_and_place_it_on_the_plate,31,15031,1,146,19,22d80af3dce5342b66c414ffc4644d6df6b0c067f9aeb5cfa6d50356235ac20a
dp_best_dp_ddim05_ta08,5,pick_up_the_black_bowl_next_to_the_ramekin_and_place_it_on_the_plate,33,15033,1,129,17,22d80af3dce5342b66c414ffc4644d6df6b0c067f9aeb5cfa6d50356235ac20a
dp_best_dp_ddim05_ta08,5,pick_up_the_black_bowl_next_to_the_ramekin_and_place_it_on_the_plate,34,15034,1,127,16,22d80af3dce5342b66c414ffc4644d6df6b0c067f9aeb5cfa6d50356235ac20a
dp_best_dp_ddim05_ta08,5,pick_up_the_black_bowl_next_to_the_ramekin_and_place_it_on_the_plate,36,15036,1,117,15,22d80af3dce5342b66c414ffc4644d6df6b0c067f9aeb5cfa6d50356235ac20a
dp_best_dp_ddim05_ta08,5,pick_up_the_black_bowl_next_to_the_ramekin_and_place_it_on_the_plate,37,15037,1,121,16,22d80af3dce5342b66c414ffc4644d6df6b0c067f9aeb5cfa6d50356235ac20a
dp_best_dp_ddim05_ta08,5,pick_up_the_black_bowl_next_to_the_ramekin_and_place_it_on_the_plate,35,15035,1,128,16,22d80af3dce5342b66c414ffc4644d6df6b0c067f9aeb5cfa6d50356235ac20a
dp_best_dp_ddim05_ta08,5,pick_up_the_black_bowl_next_to_the_ramekin_and_place_it_on_the_plate,38,15038,1,125,16,22d80af3dce5342b66c414ffc4644d6df6b0c067f9aeb5cfa6d50356235ac20a
dp_best_dp_ddim05_ta08,5,pick_up_the_black_bowl_next_to_the_ramekin_and_place_it_on_the_plate,39,15039,1,131,17,22d80af3dce5342b66c414ffc4644d6df6b0c067f9aeb5cfa6d50356235ac20a
dp_best_dp_ddim05_ta08,5,pick_up_the_black_bowl_next_to_the_ramekin_and_place_it_on_the_plate,41,15041,1,113,15,22d80af3dce5342b66c414ffc4644d6df6b0c067f9aeb5cfa6d50356235ac20a
dp_best_dp_ddim05_ta08,5,pick_up_the_black_bowl_next_to_the_ramekin_and_place_it_on_the_plate,40,15040,1,134,17,22d80af3dce5342b66c414ffc4644d6df6b0c067f9aeb5cfa6d50356235ac20a
dp_best_dp_ddim05_ta08,5,pick_up_the_black_bowl_next_to_the_ramekin_and_place_it_on_the_plate,43,15043,1,119,15,22d80af3dce5342b66c414ffc4644d6df6b0c067f9aeb5cfa6d50356235ac20a
dp_best_dp_ddim05_ta08,5,pick_up_the_black_bowl_next_to_the_ramekin_and_place_it_on_the_plate,44,15044,1,127,16,22d80af3dce5342b66c414ffc4644d6df6b0c067f9aeb5cfa6d50356235ac20a
dp_best_dp_ddim05_ta08,5,pick_up_the_black_bowl_next_to_the_ramekin_and_place_it_on_the_plate,42,15042,1,169,22,22d80af3dce5342b66c414ffc4644d6df6b0c067f9aeb5cfa6d50356235ac20a
dp_best_dp_ddim05_ta08,5,pick_up_the_black_bowl_next_to_the_ramekin_and_place_it_on_the_plate,47,15047,1,131,17,22d80af3dce5342b66c414ffc4644d6df6b0c067f9aeb5cfa6d50356235ac20a
dp_best_dp_ddim05_ta08,5,pick_up_the_black_bowl_next_to_the_ramekin_and_place_it_on_the_plate,25,15025,0,600,75,22d80af3dce5342b66c414ffc4644d6df6b0c067f9aeb5cfa6d50356235ac20a
dp_best_dp_ddim05_ta08,5,pick_up_the_black_bowl_next_to_the_ramekin_and_place_it_on_the_plate,49,15049,1,114,15,22d80af3dce5342b66c414ffc4644d6df6b0c067f9aeb5cfa6d50356235ac20a
dp_best_dp_ddim05_ta08,7,pick_up_the_black_bowl_on_the_ramekin_and_place_it_on_the_plate,0,17000,1,135,17,22d80af3dce5342b66c414ffc4644d6df6b0c067f9aeb5cfa6d50356235ac20a
dp_best_dp_ddim05_ta08,5,pick_up_the_black_bowl_next_to_the_ramekin_and_place_it_on_the_plate,45,15045,1,422,53,22d80af3dce5342b66c414ffc4644d6df6b0c067f9aeb5cfa6d50356235ac20a
dp_best_dp_ddim05_ta08,5,pick_up_the_black_bowl_next_to_the_ramekin_and_place_it_on_the_plate,46,15046,0,600,75,22d80af3dce5342b66c414ffc4644d6df6b0c067f9aeb5cfa6d50356235ac20a
dp_best_dp_ddim05_ta08,5,pick_up_the_black_bowl_next_to_the_ramekin_and_place_it_on_the_plate,48,15048,0,600,75,22d80af3dce5342b66c414ffc4644d6df6b0c067f9aeb5cfa6d50356235ac20a
dp_best_dp_ddim05_ta08,7,pick_up_the_black_bowl_on_the_ramekin_and_place_it_on_the_plate,7,17007,1,117,15,22d80af3dce5342b66c414ffc4644d6df6b0c067f9aeb5cfa6d50356235ac20a
dp_best_dp_ddim05_ta08,7,pick_up_the_black_bowl_on_the_ramekin_and_place_it_on_the_plate,1,17001,0,600,75,22d80af3dce5342b66c414ffc4644d6df6b0c067f9aeb5cfa6d50356235ac20a
dp_best_dp_ddim05_ta08,7,pick_up_the_black_bowl_on_the_ramekin_and_place_it_on_the_plate,2,17002,0,600,75,22d80af3dce5342b66c414ffc4644d6df6b0c067f9aeb5cfa6d50356235ac20a
dp_best_dp_ddim05_ta08,7,pick_up_the_black_bowl_on_the_ramekin_and_place_it_on_the_plate,3,17003,0,600,75,22d80af3dce5342b66c414ffc4644d6df6b0c067f9aeb5cfa6d50356235ac20a
dp_best_dp_ddim05_ta08,7,pick_up_the_black_bowl_on_the_ramekin_and_place_it_on_the_plate,4,17004,0,600,75,22d80af3dce5342b66c414ffc4644d6df6b0c067f9aeb5cfa6d50356235ac20a
dp_best_dp_ddim05_ta08,7,pick_up_the_black_bowl_on_the_ramekin_and_place_it_on_the_plate,5,17005,0,600,75,22d80af3dce5342b66c414ffc4644d6df6b0c067f9aeb5cfa6d50356235ac20a
dp_best_dp_ddim05_ta08,7,pick_up_the_black_bowl_on_the_ramekin_and_place_it_on_the_plate,6,17006,0,600,75,22d80af3dce5342b66c414ffc4644d6df6b0c067f9aeb5cfa6d50356235ac20a
dp_best_dp_ddim05_ta08,7,pick_up_the_black_bowl_on_the_ramekin_and_place_it_on_the_plate,8,17008,0,600,75,22d80af3dce5342b66c414ffc4644d6df6b0c067f9aeb5cfa6d50356235ac20a
dp_best_dp_ddim05_ta08,7,pick_up_the_black_bowl_on_the_ramekin_and_place_it_on_the_plate,9,17009,0,600,75,22d80af3dce5342b66c414ffc4644d6df6b0c067f9aeb5cfa6d50356235ac20a
dp_best_dp_ddim05_ta08,7,pick_up_the_black_bowl_on_the_ramekin_and_place_it_on_the_plate,10,17010,0,600,75,22d80af3dce5342b66c414ffc4644d6df6b0c067f9aeb5cfa6d50356235ac20a
dp_best_dp_ddim05_ta08,7,pick_up_the_black_bowl_on_the_ramekin_and_place_it_on_the_plate,11,17011,0,600,75,22d80af3dce5342b66c414ffc4644d6df6b0c067f9aeb5cfa6d50356235ac20a
dp_best_dp_ddim05_ta08,7,pick_up_the_black_bowl_on_the_ramekin_and_place_it_on_the_plate,12,17012,0,600,75,22d80af3dce5342b66c414ffc4644d6df6b0c067f9aeb5cfa6d50356235ac20a
dp_best_dp_ddim05_ta08,7,pick_up_the_black_bowl_on_the_ramekin_and_place_it_on_the_plate,13,17013,0,600,75,22d80af3dce5342b66c414ffc4644d6df6b0c067f9aeb5cfa6d50356235ac20a
dp_best_dp_ddim05_ta08,7,pick_up_the_black_bowl_on_the_ramekin_and_place_it_on_the_plate,14,17014,0,600,75,22d80af3dce5342b66c414ffc4644d6df6b0c067f9aeb5cfa6d50356235ac20a
dp_best_dp_ddim05_ta08,7,pick_up_the_black_bowl_on_the_ramekin_and_place_it_on_the_plate,15,17015,0,600,75,22d80af3dce5342b66c414ffc4644d6df6b0c067f9aeb5cfa6d50356235ac20a
dp_best_dp_ddim05_ta08,7,pick_up_the_black_bowl_on_the_ramekin_and_place_it_on_the_plate,16,17016,0,600,75,22d80af3dce5342b66c414ffc4644d6df6b0c067f9aeb5cfa6d50356235ac20a
dp_best_dp_ddim05_ta08,7,pick_up_the_black_bowl_on_the_ramekin_and_place_it_on_the_plate,17,17017,0,600,75,22d80af3dce5342b66c414ffc4644d6df6b0c067f9aeb5cfa6d50356235ac20a
dp_best_dp_ddim05_ta08,7,pick_up_the_black_bowl_on_the_ramekin_and_place_it_on_the_plate,18,17018,0,600,75,22d80af3dce5342b66c414ffc4644d6df6b0c067f9aeb5cfa6d50356235ac20a
dp_best_dp_ddim05_ta08,7,pick_up_the_black_bowl_on_the_ramekin_and_place_it_on_the_plate,19,17019,0,600,75,22d80af3dce5342b66c414ffc4644d6df6b0c067f9aeb5cfa6d50356235ac20a
dp_best_dp_ddim05_ta08,7,pick_up_the_black_bowl_on_the_ramekin_and_place_it_on_the_plate,20,17020,0,600,75,22d80af3dce5342b66c414ffc4644d6df6b0c067f9aeb5cfa6d50356235ac20a
dp_best_dp_ddim05_ta08,7,pick_up_the_black_bowl_on_the_ramekin_and_place_it_on_the_plate,24,17024,1,126,16,22d80af3dce5342b66c414ffc4644d6df6b0c067f9aeb5cfa6d50356235ac20a
dp_best_dp_ddim05_ta08,7,pick_up_the_black_bowl_on_the_ramekin_and_place_it_on_the_plate,21,17021,0,600,75,22d80af3dce5342b66c414ffc4644d6df6b0c067f9aeb5cfa6d50356235ac20a
dp_best_dp_ddim05_ta08,7,pick_up_the_black_bowl_on_the_ramekin_and_place_it_on_the_plate,22,17022,0,600,75,22d80af3dce5342b66c414ffc4644d6df6b0c067f9aeb5cfa6d50356235ac20a
dp_best_dp_ddim05_ta08,7,pick_up_the_black_bowl_on_the_ramekin_and_place_it_on_the_plate,23,17023,0,600,75,22d80af3dce5342b66c414ffc4644d6df6b0c067f9aeb5cfa6d50356235ac20a
dp_best_dp_ddim05_ta08,7,pick_up_the_black_bowl_on_the_ramekin_and_place_it_on_the_plate,27,17027,1,268,34,22d80af3dce5342b66c414ffc4644d6df6b0c067f9aeb5cfa6d50356235ac20a
dp_best_dp_ddim05_ta08,7,pick_up_the_black_bowl_on_the_ramekin_and_place_it_on_the_plate,25,17025,0,600,75,22d80af3dce5342b66c414ffc4644d6df6b0c067f9aeb5cfa6d50356235ac20a
dp_best_dp_ddim05_ta08,7,pick_up_the_black_bowl_on_the_ramekin_and_place_it_on_the_plate,26,17026,0,600,75,22d80af3dce5342b66c414ffc4644d6df6b0c067f9aeb5cfa6d50356235ac20a
dp_best_dp_ddim05_ta08,7,pick_up_the_black_bowl_on_the_ramekin_and_place_it_on_the_plate,28,17028,0,600,75,22d80af3dce5342b66c414ffc4644d6df6b0c067f9aeb5cfa6d50356235ac20a
dp_best_dp_ddim05_ta08,7,pick_up_the_black_bowl_on_the_ramekin_and_place_it_on_the_plate,29,17029,0,600,75,22d80af3dce5342b66c414ffc4644d6df6b0c067f9aeb5cfa6d50356235ac20a
dp_best_dp_ddim05_ta08,7,pick_up_the_black_bowl_on_the_ramekin_and_place_it_on_the_plate,30,17030,0,600,75,22d80af3dce5342b66c414ffc4644d6df6b0c067f9aeb5cfa6d50356235ac20a
dp_best_dp_ddim05_ta08,7,pick_up_the_black_bowl_on_the_ramekin_and_place_it_on_the_plate,31,17031,0,600,75,22d80af3dce5342b66c414ffc4644d6df6b0c067f9aeb5cfa6d50356235ac20a
dp_best_dp_ddim05_ta08,7,pick_up_the_black_bowl_on_the_ramekin_and_place_it_on_the_plate,36,17036,1,135,17,22d80af3dce5342b66c414ffc4644d6df6b0c067f9aeb5cfa6d50356235ac20a
dp_best_dp_ddim05_ta08,7,pick_up_the_black_bowl_on_the_ramekin_and_place_it_on_the_plate,32,17032,0,600,75,22d80af3dce5342b66c414ffc4644d6df6b0c067f9aeb5cfa6d50356235ac20a
dp_best_dp_ddim05_ta08,7,pick_up_the_black_bowl_on_the_ramekin_and_place_it_on_the_plate,33,17033,0,600,75,22d80af3dce5342b66c414ffc4644d6df6b0c067f9aeb5cfa6d50356235ac20a
dp_best_dp_ddim05_ta08,7,pick_up_the_black_bowl_on_the_ramekin_and_place_it_on_the_plate,34,17034,0,600,75,22d80af3dce5342b66c414ffc4644d6df6b0c067f9aeb5cfa6d50356235ac20a
dp_best_dp_ddim05_ta08,7,pick_up_the_black_bowl_on_the_ramekin_and_place_it_on_the_plate,35,17035,0,600,75,22d80af3dce5342b66c414ffc4644d6df6b0c067f9aeb5cfa6d50356235ac20a
dp_best_dp_ddim05_ta08,7,pick_up_the_black_bowl_on_the_ramekin_and_place_it_on_the_plate,37,17037,0,600,75,22d80af3dce5342b66c414ffc4644d6df6b0c067f9aeb5cfa6d50356235ac20a
dp_best_dp_ddim05_ta08,7,pick_up_the_black_bowl_on_the_ramekin_and_place_it_on_the_plate,38,17038,0,600,75,22d80af3dce5342b66c414ffc4644d6df6b0c067f9aeb5cfa6d50356235ac20a
dp_best_dp_ddim05_ta08,7,pick_up_the_black_bowl_on_the_ramekin_and_place_it_on_the_plate,39,17039,0,600,75,22d80af3dce5342b66c414ffc4644d6df6b0c067f9aeb5cfa6d50356235ac20a
dp_best_dp_ddim05_ta08,7,pick_up_the_black_bowl_on_the_ramekin_and_place_it_on_the_plate,40,17040,0,600,75,22d80af3dce5342b66c414ffc4644d6df6b0c067f9aeb5cfa6d50356235ac20a
dp_best_dp_ddim05_ta08,7,pick_up_the_black_bowl_on_the_ramekin_and_place_it_on_the_plate,41,17041,0,600,75,22d80af3dce5342b66c414ffc4644d6df6b0c067f9aeb5cfa6d50356235ac20a
dp_best_dp_ddim05_ta08,7,pick_up_the_black_bowl_on_the_ramekin_and_place_it_on_the_plate,42,17042,0,600,75,22d80af3dce5342b66c414ffc4644d6df6b0c067f9aeb5cfa6d50356235ac20a
dp_best_dp_ddim05_ta08,9,pick_up_the_black_bowl_on_the_wooden_cabinet_and_place_it_on_the_plate,0,19000,1,144,18,22d80af3dce5342b66c414ffc4644d6df6b0c067f9aeb5cfa6d50356235ac20a
dp_best_dp_ddim05_ta08,7,pick_up_the_black_bowl_on_the_ramekin_and_place_it_on_the_plate,43,17043,0,600,75,22d80af3dce5342b66c414ffc4644d6df6b0c067f9aeb5cfa6d50356235ac20a
dp_best_dp_ddim05_ta08,7,pick_up_the_black_bowl_on_the_ramekin_and_place_it_on_the_plate,44,17044,0,600,75,22d80af3dce5342b66c414ffc4644d6df6b0c067f9aeb5cfa6d50356235ac20a
dp_best_dp_ddim05_ta08,7,pick_up_the_black_bowl_on_the_ramekin_and_place_it_on_the_plate,45,17045,0,600,75,22d80af3dce5342b66c414ffc4644d6df6b0c067f9aeb5cfa6d50356235ac20a
dp_best_dp_ddim05_ta08,7,pick_up_the_black_bowl_on_the_ramekin_and_place_it_on_the_plate,46,17046,0,600,75,22d80af3dce5342b66c414ffc4644d6df6b0c067f9aeb5cfa6d50356235ac20a
dp_best_dp_ddim05_ta08,7,pick_up_the_black_bowl_on_the_ramekin_and_place_it_on_the_plate,47,17047,0,600,75,22d80af3dce5342b66c414ffc4644d6df6b0c067f9aeb5cfa6d50356235ac20a
dp_best_dp_ddim05_ta08,9,pick_up_the_black_bowl_on_the_wooden_cabinet_and_place_it_on_the_plate,2,19002,1,136,17,22d80af3dce5342b66c414ffc4644d6df6b0c067f9aeb5cfa6d50356235ac20a
dp_best_dp_ddim05_ta08,9,pick_up_the_black_bowl_on_the_wooden_cabinet_and_place_it_on_the_plate,3,19003,1,135,17,22d80af3dce5342b66c414ffc4644d6df6b0c067f9aeb5cfa6d50356235ac20a
dp_best_dp_ddim05_ta08,7,pick_up_the_black_bowl_on_the_ramekin_and_place_it_on_the_plate,48,17048,0,600,75,22d80af3dce5342b66c414ffc4644d6df6b0c067f9aeb5cfa6d50356235ac20a
dp_best_dp_ddim05_ta08,9,pick_up_the_black_bowl_on_the_wooden_cabinet_and_place_it_on_the_plate,4,19004,1,139,18,22d80af3dce5342b66c414ffc4644d6df6b0c067f9aeb5cfa6d50356235ac20a
dp_best_dp_ddim05_ta08,9,pick_up_the_black_bowl_on_the_wooden_cabinet_and_place_it_on_the_plate,5,19005,1,141,18,22d80af3dce5342b66c414ffc4644d6df6b0c067f9aeb5cfa6d50356235ac20a
dp_best_dp_ddim05_ta08,7,pick_up_the_black_bowl_on_the_ramekin_and_place_it_on_the_plate,49,17049,0,600,75,22d80af3dce5342b66c414ffc4644d6df6b0c067f9aeb5cfa6d50356235ac20a
dp_best_dp_ddim05_ta08,9,pick_up_the_black_bowl_on_the_wooden_cabinet_and_place_it_on_the_plate,10,19010,1,125,16,22d80af3dce5342b66c414ffc4644d6df6b0c067f9aeb5cfa6d50356235ac20a
dp_best_dp_ddim05_ta08,9,pick_up_the_black_bowl_on_the_wooden_cabinet_and_place_it_on_the_plate,7,19007,1,231,29,22d80af3dce5342b66c414ffc4644d6df6b0c067f9aeb5cfa6d50356235ac20a
dp_best_dp_ddim05_ta08,9,pick_up_the_black_bowl_on_the_wooden_cabinet_and_place_it_on_the_plate,9,19009,1,202,26,22d80af3dce5342b66c414ffc4644d6df6b0c067f9aeb5cfa6d50356235ac20a
dp_best_dp_ddim05_ta08,9,pick_up_the_black_bowl_on_the_wooden_cabinet_and_place_it_on_the_plate,13,19013,1,126,16,22d80af3dce5342b66c414ffc4644d6df6b0c067f9aeb5cfa6d50356235ac20a
dp_best_dp_ddim05_ta08,9,pick_up_the_black_bowl_on_the_wooden_cabinet_and_place_it_on_the_plate,1,19001,0,600,75,22d80af3dce5342b66c414ffc4644d6df6b0c067f9aeb5cfa6d50356235ac20a
dp_best_dp_ddim05_ta08,9,pick_up_the_black_bowl_on_the_wooden_cabinet_and_place_it_on_the_plate,15,19015,1,166,21,22d80af3dce5342b66c414ffc4644d6df6b0c067f9aeb5cfa6d50356235ac20a
dp_best_dp_ddim05_ta08,9,pick_up_the_black_bowl_on_the_wooden_cabinet_and_place_it_on_the_plate,16,19016,1,135,17,22d80af3dce5342b66c414ffc4644d6df6b0c067f9aeb5cfa6d50356235ac20a
dp_best_dp_ddim05_ta08,9,pick_up_the_black_bowl_on_the_wooden_cabinet_and_place_it_on_the_plate,6,19006,0,600,75,22d80af3dce5342b66c414ffc4644d6df6b0c067f9aeb5cfa6d50356235ac20a
dp_best_dp_ddim05_ta08,9,pick_up_the_black_bowl_on_the_wooden_cabinet_and_place_it_on_the_plate,8,19008,0,600,75,22d80af3dce5342b66c414ffc4644d6df6b0c067f9aeb5cfa6d50356235ac20a
dp_best_dp_ddim05_ta08,9,pick_up_the_black_bowl_on_the_wooden_cabinet_and_place_it_on_the_plate,17,19017,1,315,40,22d80af3dce5342b66c414ffc4644d6df6b0c067f9aeb5cfa6d50356235ac20a
dp_best_dp_ddim05_ta08,9,pick_up_the_black_bowl_on_the_wooden_cabinet_and_place_it_on_the_plate,11,19011,0,600,75,22d80af3dce5342b66c414ffc4644d6df6b0c067f9aeb5cfa6d50356235ac20a
dp_best_dp_ddim05_ta08,9,pick_up_the_black_bowl_on_the_wooden_cabinet_and_place_it_on_the_plate,20,19020,1,128,16,22d80af3dce5342b66c414ffc4644d6df6b0c067f9aeb5cfa6d50356235ac20a
dp_best_dp_ddim05_ta08,9,pick_up_the_black_bowl_on_the_wooden_cabinet_and_place_it_on_the_plate,12,19012,0,600,75,22d80af3dce5342b66c414ffc4644d6df6b0c067f9aeb5cfa6d50356235ac20a
dp_best_dp_ddim05_ta08,9,pick_up_the_black_bowl_on_the_wooden_cabinet_and_place_it_on_the_plate,22,19022,1,157,20,22d80af3dce5342b66c414ffc4644d6df6b0c067f9aeb5cfa6d50356235ac20a
dp_best_dp_ddim05_ta08,9,pick_up_the_black_bowl_on_the_wooden_cabinet_and_place_it_on_the_plate,23,19023,1,137,18,22d80af3dce5342b66c414ffc4644d6df6b0c067f9aeb5cfa6d50356235ac20a
dp_best_dp_ddim05_ta08,9,pick_up_the_black_bowl_on_the_wooden_cabinet_and_place_it_on_the_plate,14,19014,0,600,75,22d80af3dce5342b66c414ffc4644d6df6b0c067f9aeb5cfa6d50356235ac20a
dp_best_dp_ddim05_ta08,9,pick_up_the_black_bowl_on_the_wooden_cabinet_and_place_it_on_the_plate,26,19026,1,149,19,22d80af3dce5342b66c414ffc4644d6df6b0c067f9aeb5cfa6d50356235ac20a
dp_best_dp_ddim05_ta08,9,pick_up_the_black_bowl_on_the_wooden_cabinet_and_place_it_on_the_plate,28,19028,1,150,19,22d80af3dce5342b66c414ffc4644d6df6b0c067f9aeb5cfa6d50356235ac20a
dp_best_dp_ddim05_ta08,9,pick_up_the_black_bowl_on_the_wooden_cabinet_and_place_it_on_the_plate,18,19018,0,600,75,22d80af3dce5342b66c414ffc4644d6df6b0c067f9aeb5cfa6d50356235ac20a
dp_best_dp_ddim05_ta08,9,pick_up_the_black_bowl_on_the_wooden_cabinet_and_place_it_on_the_plate,19,19019,0,600,75,22d80af3dce5342b66c414ffc4644d6df6b0c067f9aeb5cfa6d50356235ac20a
dp_best_dp_ddim05_ta08,9,pick_up_the_black_bowl_on_the_wooden_cabinet_and_place_it_on_the_plate,29,19029,1,126,16,22d80af3dce5342b66c414ffc4644d6df6b0c067f9aeb5cfa6d50356235ac20a
dp_best_dp_ddim05_ta08,9,pick_up_the_black_bowl_on_the_wooden_cabinet_and_place_it_on_the_plate,31,19031,1,195,25,22d80af3dce5342b66c414ffc4644d6df6b0c067f9aeb5cfa6d50356235ac20a
dp_best_dp_ddim05_ta08,9,pick_up_the_black_bowl_on_the_wooden_cabinet_and_place_it_on_the_plate,21,19021,0,600,75,22d80af3dce5342b66c414ffc4644d6df6b0c067f9aeb5cfa6d50356235ac20a
dp_best_dp_ddim05_ta08,9,pick_up_the_black_bowl_on_the_wooden_cabinet_and_place_it_on_the_plate,24,19024,0,600,75,22d80af3dce5342b66c414ffc4644d6df6b0c067f9aeb5cfa6d50356235ac20a
dp_best_dp_ddim05_ta08,9,pick_up_the_black_bowl_on_the_wooden_cabinet_and_place_it_on_the_plate,34,19034,1,130,17,22d80af3dce5342b66c414ffc4644d6df6b0c067f9aeb5cfa6d50356235ac20a
dp_best_dp_ddim05_ta08,9,pick_up_the_black_bowl_on_the_wooden_cabinet_and_place_it_on_the_plate,25,19025,0,600,75,22d80af3dce5342b66c414ffc4644d6df6b0c067f9aeb5cfa6d50356235ac20a
dp_best_dp_ddim05_ta08,9,pick_up_the_black_bowl_on_the_wooden_cabinet_and_place_it_on_the_plate,35,19035,1,141,18,22d80af3dce5342b66c414ffc4644d6df6b0c067f9aeb5cfa6d50356235ac20a
dp_best_dp_ddim05_ta08,9,pick_up_the_black_bowl_on_the_wooden_cabinet_and_place_it_on_the_plate,27,19027,0,600,75,22d80af3dce5342b66c414ffc4644d6df6b0c067f9aeb5cfa6d50356235ac20a
dp_best_dp_ddim05_ta08,9,pick_up_the_black_bowl_on_the_wooden_cabinet_and_place_it_on_the_plate,38,19038,1,142,18,22d80af3dce5342b66c414ffc4644d6df6b0c067f9aeb5cfa6d50356235ac20a
dp_best_dp_ddim05_ta08,9,pick_up_the_black_bowl_on_the_wooden_cabinet_and_place_it_on_the_plate,30,19030,0,600,75,22d80af3dce5342b66c414ffc4644d6df6b0c067f9aeb5cfa6d50356235ac20a
dp_best_dp_ddim05_ta08,9,pick_up_the_black_bowl_on_the_wooden_cabinet_and_place_it_on_the_plate,32,19032,0,600,75,22d80af3dce5342b66c414ffc4644d6df6b0c067f9aeb5cfa6d50356235ac20a
dp_best_dp_ddim05_ta08,9,pick_up_the_black_bowl_on_the_wooden_cabinet_and_place_it_on_the_plate,33,19033,0,600,75,22d80af3dce5342b66c414ffc4644d6df6b0c067f9aeb5cfa6d50356235ac20a
dp_best_dp_ddim05_ta08,9,pick_up_the_black_bowl_on_the_wooden_cabinet_and_place_it_on_the_plate,44,19044,1,131,17,22d80af3dce5342b66c414ffc4644d6df6b0c067f9aeb5cfa6d50356235ac20a
dp_best_dp_ddim05_ta08,9,pick_up_the_black_bowl_on_the_wooden_cabinet_and_place_it_on_the_plate,43,19043,1,168,21,22d80af3dce5342b66c414ffc4644d6df6b0c067f9aeb5cfa6d50356235ac20a
dp_best_dp_ddim05_ta08,9,pick_up_the_black_bowl_on_the_wooden_cabinet_and_place_it_on_the_plate,36,19036,0,600,75,22d80af3dce5342b66c414ffc4644d6df6b0c067f9aeb5cfa6d50356235ac20a
dp_best_dp_ddim05_ta08,9,pick_up_the_black_bowl_on_the_wooden_cabinet_and_place_it_on_the_plate,37,19037,0,600,75,22d80af3dce5342b66c414ffc4644d6df6b0c067f9aeb5cfa6d50356235ac20a
dp_best_dp_ddim05_ta08,9,pick_up_the_black_bowl_on_the_wooden_cabinet_and_place_it_on_the_plate,39,19039,0,600,75,22d80af3dce5342b66c414ffc4644d6df6b0c067f9aeb5cfa6d50356235ac20a
dp_best_dp_ddim05_ta08,9,pick_up_the_black_bowl_on_the_wooden_cabinet_and_place_it_on_the_plate,40,19040,0,600,75,22d80af3dce5342b66c414ffc4644d6df6b0c067f9aeb5cfa6d50356235ac20a
dp_best_dp_ddim05_ta08,9,pick_up_the_black_bowl_on_the_wooden_cabinet_and_place_it_on_the_plate,48,19048,1,141,18,22d80af3dce5342b66c414ffc4644d6df6b0c067f9aeb5cfa6d50356235ac20a
dp_best_dp_ddim05_ta08,9,pick_up_the_black_bowl_on_the_wooden_cabinet_and_place_it_on_the_plate,49,19049,1,136,17,22d80af3dce5342b66c414ffc4644d6df6b0c067f9aeb5cfa6d50356235ac20a
dp_best_dp_ddim05_ta08,9,pick_up_the_black_bowl_on_the_wooden_cabinet_and_place_it_on_the_plate,41,19041,0,600,75,22d80af3dce5342b66c414ffc4644d6df6b0c067f9aeb5cfa6d50356235ac20a
dp_best_dp_ddim05_ta08,9,pick_up_the_black_bowl_on_the_wooden_cabinet_and_place_it_on_the_plate,46,19046,1,328,41,22d80af3dce5342b66c414ffc4644d6df6b0c067f9aeb5cfa6d50356235ac20a
dp_best_dp_ddim05_ta08,9,pick_up_the_black_bowl_on_the_wooden_cabinet_and_place_it_on_the_plate,47,19047,1,235,30,22d80af3dce5342b66c414ffc4644d6df6b0c067f9aeb5cfa6d50356235ac20a
dp_best_dp_ddim05_ta08,9,pick_up_the_black_bowl_on_the_wooden_cabinet_and_place_it_on_the_plate,42,19042,0,600,75,22d80af3dce5342b66c414ffc4644d6df6b0c067f9aeb5cfa6d50356235ac20a
dp_best_dp_ddim05_ta08,9,pick_up_the_black_bowl_on_the_wooden_cabinet_and_place_it_on_the_plate,45,19045,0,600,75,22d80af3dce5342b66c414ffc4644d6df6b0c067f9aeb5cfa6d50356235ac20a
dp_best_dp_ddim20_ta08,0,pick_up_the_black_bowl_between_the_plate_and_the_ramekin_and_place_it_on_the_plate,4,10004,1,86,11,22d80af3dce5342b66c414ffc4644d6df6b0c067f9aeb5cfa6d50356235ac20a
dp_best_dp_ddim20_ta08,0,pick_up_the_black_bowl_between_the_plate_and_the_ramekin_and_place_it_on_the_plate,5,10005,1,93,12,22d80af3dce5342b66c414ffc4644d6df6b0c067f9aeb5cfa6d50356235ac20a
dp_best_dp_ddim20_ta08,0,pick_up_the_black_bowl_between_the_plate_and_the_ramekin_and_place_it_on_the_plate,3,10003,1,99,13,22d80af3dce5342b66c414ffc4644d6df6b0c067f9aeb5cfa6d50356235ac20a
dp_best_dp_ddim20_ta08,0,pick_up_the_black_bowl_between_the_plate_and_the_ramekin_and_place_it_on_the_plate,7,10007,1,117,15,22d80af3dce5342b66c414ffc4644d6df6b0c067f9aeb5cfa6d50356235ac20a
dp_best_dp_ddim20_ta08,0,pick_up_the_black_bowl_between_the_plate_and_the_ramekin_and_place_it_on_the_plate,2,10002,1,173,22,22d80af3dce5342b66c414ffc4644d6df6b0c067f9aeb5cfa6d50356235ac20a
dp_best_dp_ddim20_ta08,0,pick_up_the_black_bowl_between_the_plate_and_the_ramekin_and_place_it_on_the_plate,9,10009,1,90,12,22d80af3dce5342b66c414ffc4644d6df6b0c067f9aeb5cfa6d50356235ac20a
dp_best_dp_ddim20_ta08,0,pick_up_the_black_bowl_between_the_plate_and_the_ramekin_and_place_it_on_the_plate,11,10011,1,93,12,22d80af3dce5342b66c414ffc4644d6df6b0c067f9aeb5cfa6d50356235ac20a
dp_best_dp_ddim20_ta08,0,pick_up_the_black_bowl_between_the_plate_and_the_ramekin_and_place_it_on_the_plate,13,10013,1,91,12,22d80af3dce5342b66c414ffc4644d6df6b0c067f9aeb5cfa6d50356235ac20a
dp_best_dp_ddim20_ta08,0,pick_up_the_black_bowl_between_the_plate_and_the_ramekin_and_place_it_on_the_plate,15,10015,1,92,12,22d80af3dce5342b66c414ffc4644d6df6b0c067f9aeb5cfa6d50356235ac20a
dp_best_dp_ddim20_ta08,0,pick_up_the_black_bowl_between_the_plate_and_the_ramekin_and_place_it_on_the_plate,8,10008,1,287,36,22d80af3dce5342b66c414ffc4644d6df6b0c067f9aeb5cfa6d50356235ac20a
dp_best_dp_ddim20_ta08,0,pick_up_the_black_bowl_between_the_plate_and_the_ramekin_and_place_it_on_the_plate,17,10017,1,76,10,22d80af3dce5342b66c414ffc4644d6df6b0c067f9aeb5cfa6d50356235ac20a
dp_best_dp_ddim20_ta08,0,pick_up_the_black_bowl_between_the_plate_and_the_ramekin_and_place_it_on_the_plate,16,10016,1,87,11,22d80af3dce5342b66c414ffc4644d6df6b0c067f9aeb5cfa6d50356235ac20a
dp_best_dp_ddim20_ta08,0,pick_up_the_black_bowl_between_the_plate_and_the_ramekin_and_place_it_on_the_plate,18,10018,1,103,13,22d80af3dce5342b66c414ffc4644d6df6b0c067f9aeb5cfa6d50356235ac20a
dp_best_dp_ddim20_ta08,0,pick_up_the_black_bowl_between_the_plate_and_the_ramekin_and_place_it_on_the_plate,0,10000,0,600,75,22d80af3dce5342b66c414ffc4644d6df6b0c067f9aeb5cfa6d50356235ac20a
dp_best_dp_ddim20_ta08,0,pick_up_the_black_bowl_between_the_plate_and_the_ramekin_and_place_it_on_the_plate,1,10001,0,600,75,22d80af3dce5342b66c414ffc4644d6df6b0c067f9aeb5cfa6d50356235ac20a
dp_best_dp_ddim20_ta08,0,pick_up_the_black_bowl_between_the_plate_and_the_ramekin_and_place_it_on_the_plate,6,10006,0,600,75,22d80af3dce5342b66c414ffc4644d6df6b0c067f9aeb5cfa6d50356235ac20a
dp_best_dp_ddim20_ta08,0,pick_up_the_black_bowl_between_the_plate_and_the_ramekin_and_place_it_on_the_plate,19,10019,1,156,20,22d80af3dce5342b66c414ffc4644d6df6b0c067f9aeb5cfa6d50356235ac20a
dp_best_dp_ddim20_ta08,0,pick_up_the_black_bowl_between_the_plate_and_the_ramekin_and_place_it_on_the_plate,21,10021,1,93,12,22d80af3dce5342b66c414ffc4644d6df6b0c067f9aeb5cfa6d50356235ac20a
dp_best_dp_ddim20_ta08,0,pick_up_the_black_bowl_between_the_plate_and_the_ramekin_and_place_it_on_the_plate,10,10010,0,600,75,22d80af3dce5342b66c414ffc4644d6df6b0c067f9aeb5cfa6d50356235ac20a
dp_best_dp_ddim20_ta08,0,pick_up_the_black_bowl_between_the_plate_and_the_ramekin_and_place_it_on_the_plate,23,10023,1,141,18,22d80af3dce5342b66c414ffc4644d6df6b0c067f9aeb5cfa6d50356235ac20a
dp_best_dp_ddim20_ta08,0,pick_up_the_black_bowl_between_the_plate_and_the_ramekin_and_place_it_on_the_plate,12,10012,0,600,75,22d80af3dce5342b66c414ffc4644d6df6b0c067f9aeb5cfa6d50356235ac20a
dp_best_dp_ddim20_ta08,0,pick_up_the_black_bowl_between_the_plate_and_the_ramekin_and_place_it_on_the_plate,25,10025,1,112,14,22d80af3dce5342b66c414ffc4644d6df6b0c067f9aeb5cfa6d50356235ac20a
dp_best_dp_ddim20_ta08,0,pick_up_the_black_bowl_between_the_plate_and_the_ramekin_and_place_it_on_the_plate,14,10014,0,600,75,22d80af3dce5342b66c414ffc4644d6df6b0c067f9aeb5cfa6d50356235ac20a
dp_best_dp_ddim20_ta08,0,pick_up_the_black_bowl_between_the_plate_and_the_ramekin_and_place_it_on_the_plate,27,10027,1,191,24,22d80af3dce5342b66c414ffc4644d6df6b0c067f9aeb5cfa6d50356235ac20a
dp_best_dp_ddim20_ta08,0,pick_up_the_black_bowl_between_the_plate_and_the_ramekin_and_place_it_on_the_plate,26,10026,1,273,35,22d80af3dce5342b66c414ffc4644d6df6b0c067f9aeb5cfa6d50356235ac20a
dp_best_dp_ddim20_ta08,0,pick_up_the_black_bowl_between_the_plate_and_the_ramekin_and_place_it_on_the_plate,29,10029,1,230,29,22d80af3dce5342b66c414ffc4644d6df6b0c067f9aeb5cfa6d50356235ac20a
dp_best_dp_ddim20_ta08,0,pick_up_the_black_bowl_between_the_plate_and_the_ramekin_and_place_it_on_the_plate,31,10031,1,108,14,22d80af3dce5342b66c414ffc4644d6df6b0c067f9aeb5cfa6d50356235ac20a
dp_best_dp_ddim20_ta08,0,pick_up_the_black_bowl_between_the_plate_and_the_ramekin_and_place_it_on_the_plate,32,10032,1,98,13,22d80af3dce5342b66c414ffc4644d6df6b0c067f9aeb5cfa6d50356235ac20a
dp_best_dp_ddim20_ta08,0,pick_up_the_black_bowl_between_the_plate_and_the_ramekin_and_place_it_on_the_plate,33,10033,1,89,12,22d80af3dce5342b66c414ffc4644d6df6b0c067f9aeb5cfa6d50356235ac20a
dp_best_dp_ddim20_ta08,0,pick_up_the_black_bowl_between_the_plate_and_the_ramekin_and_place_it_on_the_plate,20,10020,0,600,75,22d80af3dce5342b66c414ffc4644d6df6b0c067f9aeb5cfa6d50356235ac20a
dp_best_dp_ddim20_ta08,0,pick_up_the_black_bowl_between_the_plate_and_the_ramekin_and_place_it_on_the_plate,34,10034,1,143,18,22d80af3dce5342b66c414ffc4644d6df6b0c067f9aeb5cfa6d50356235ac20a
dp_best_dp_ddim20_ta08,0,pick_up_the_black_bowl_between_the_plate_and_the_ramekin_and_place_it_on_the_plate,22,10022,0,600,75,22d80af3dce5342b66c414ffc4644d6df6b0c067f9aeb5cfa6d50356235ac20a
dp_best_dp_ddim20_ta08,0,pick_up_the_black_bowl_between_the_plate_and_the_ramekin_and_place_it_on_the_plate,36,10036,1,84,11,22d80af3dce5342b66c414ffc4644d6df6b0c067f9aeb5cfa6d50356235ac20a
dp_best_dp_ddim20_ta08,0,pick_up_the_black_bowl_between_the_plate_and_the_ramekin_and_place_it_on_the_plate,24,10024,0,600,75,22d80af3dce5342b66c414ffc4644d6df6b0c067f9aeb5cfa6d50356235ac20a
dp_best_dp_ddim20_ta08,0,pick_up_the_black_bowl_between_the_plate_and_the_ramekin_and_place_it_on_the_plate,37,10037,1,94,12,22d80af3dce5342b66c414ffc4644d6df6b0c067f9aeb5cfa6d50356235ac20a
dp_best_dp_ddim20_ta08,0,pick_up_the_black_bowl_between_the_plate_and_the_ramekin_and_place_it_on_the_plate,38,10038,1,98,13,22d80af3dce5342b66c414ffc4644d6df6b0c067f9aeb5cfa6d50356235ac20a
dp_best_dp_ddim20_ta08,0,pick_up_the_black_bowl_between_the_plate_and_the_ramekin_and_place_it_on_the_plate,41,10041,1,93,12,22d80af3dce5342b66c414ffc4644d6df6b0c067f9aeb5cfa6d50356235ac20a
dp_best_dp_ddim20_ta08,0,pick_up_the_black_bowl_between_the_plate_and_the_ramekin_and_place_it_on_the_plate,40,10040,1,112,14,22d80af3dce5342b66c414ffc4644d6df6b0c067f9aeb5cfa6d50356235ac20a
dp_best_dp_ddim20_ta08,0,pick_up_the_black_bowl_between_the_plate_and_the_ramekin_and_place_it_on_the_plate,42,10042,1,88,11,22d80af3dce5342b66c414ffc4644d6df6b0c067f9aeb5cfa6d50356235ac20a
dp_best_dp_ddim20_ta08,0,pick_up_the_black_bowl_between_the_plate_and_the_ramekin_and_place_it_on_the_plate,28,10028,0,600,75,22d80af3dce5342b66c414ffc4644d6df6b0c067f9aeb5cfa6d50356235ac20a
dp_best_dp_ddim20_ta08,0,pick_up_the_black_bowl_between_the_plate_and_the_ramekin_and_place_it_on_the_plate,43,10043,1,99,13,22d80af3dce5342b66c414ffc4644d6df6b0c067f9aeb5cfa6d50356235ac20a
dp_best_dp_ddim20_ta08,0,pick_up_the_black_bowl_between_the_plate_and_the_ramekin_and_place_it_on_the_plate,44,10044,1,81,11,22d80af3dce5342b66c414ffc4644d6df6b0c067f9aeb5cfa6d50356235ac20a
dp_best_dp_ddim20_ta08,0,pick_up_the_black_bowl_between_the_plate_and_the_ramekin_and_place_it_on_the_plate,30,10030,0,600,75,22d80af3dce5342b66c414ffc4644d6df6b0c067f9aeb5cfa6d50356235ac20a
dp_best_dp_ddim20_ta08,0,pick_up_the_black_bowl_between_the_plate_and_the_ramekin_and_place_it_on_the_plate,46,10046,1,84,11,22d80af3dce5342b66c414ffc4644d6df6b0c067f9aeb5cfa6d50356235ac20a
dp_best_dp_ddim20_ta08,0,pick_up_the_black_bowl_between_the_plate_and_the_ramekin_and_place_it_on_the_plate,47,10047,1,84,11,22d80af3dce5342b66c414ffc4644d6df6b0c067f9aeb5cfa6d50356235ac20a
dp_best_dp_ddim20_ta08,0,pick_up_the_black_bowl_between_the_plate_and_the_ramekin_and_place_it_on_the_plate,45,10045,1,174,22,22d80af3dce5342b66c414ffc4644d6df6b0c067f9aeb5cfa6d50356235ac20a
dp_best_dp_ddim20_ta08,0,pick_up_the_black_bowl_between_the_plate_and_the_ramekin_and_place_it_on_the_plate,49,10049,1,156,20,22d80af3dce5342b66c414ffc4644d6df6b0c067f9aeb5cfa6d50356235ac20a
dp_best_dp_ddim20_ta08,2,pick_up_the_black_bowl_in_the_top_drawer_of_the_wooden_cabinet_and_place_it_on_the_plate,0,12000,1,153,20,22d80af3dce5342b66c414ffc4644d6df6b0c067f9aeb5cfa6d50356235ac20a
dp_best_dp_ddim20_ta08,2,pick_up_the_black_bowl_in_the_top_drawer_of_the_wooden_cabinet_and_place_it_on_the_plate,3,12003,1,156,20,22d80af3dce5342b66c414ffc4644d6df6b0c067f9aeb5cfa6d50356235ac20a
dp_best_dp_ddim20_ta08,0,pick_up_the_black_bowl_between_the_plate_and_the_ramekin_and_place_it_on_the_plate,35,10035,0,600,75,22d80af3dce5342b66c414ffc4644d6df6b0c067f9aeb5cfa6d50356235ac20a
dp_best_dp_ddim20_ta08,2,pick_up_the_black_bowl_in_the_top_drawer_of_the_wooden_cabinet_and_place_it_on_the_plate,5,12005,1,138,18,22d80af3dce5342b66c414ffc4644d6df6b0c067f9aeb5cfa6d50356235ac20a
dp_best_dp_ddim20_ta08,2,pick_up_the_black_bowl_in_the_top_drawer_of_the_wooden_cabinet_and_place_it_on_the_plate,4,12004,1,158,20,22d80af3dce5342b66c414ffc4644d6df6b0c067f9aeb5cfa6d50356235ac20a
dp_best_dp_ddim20_ta08,2,pick_up_the_black_bowl_in_the_top_drawer_of_the_wooden_cabinet_and_place_it_on_the_plate,7,12007,1,117,15,22d80af3dce5342b66c414ffc4644d6df6b0c067f9aeb5cfa6d50356235ac20a
dp_best_dp_ddim20_ta08,0,pick_up_the_black_bowl_between_the_plate_and_the_ramekin_and_place_it_on_the_plate,39,10039,0,600,75,22d80af3dce5342b66c414ffc4644d6df6b0c067f9aeb5cfa6d50356235ac20a
dp_best_dp_ddim20_ta08,2,pick_up_the_black_bowl_in_the_top_drawer_of_the_wooden_cabinet_and_place_it_on_the_plate,8,12008,1,130,17,22d80af3dce5342b66c414ffc4644d6df6b0c067f9aeb5cfa6d50356235ac20a
dp_best_dp_ddim20_ta08,2,pick_up_the_black_bowl_in_the_top_drawer_of_the_wooden_cabinet_and_place_it_on_the_plate,9,12009,1,133,17,22d80af3dce5342b66c414ffc4644d6df6b0c067f9aeb5cfa6d50356235ac20a
dp_best_dp_ddim20_ta08,2,pick_up_the_black_bowl_in_the_top_drawer_of_the_wooden_cabinet_and_place_it_on_the_plate,11,12011,1,146,19,22d80af3dce5342b66c414ffc4644d6df6b0c067f9aeb5cfa6d50356235ac20a
dp_best_dp_ddim20_ta08,0,pick_up_the_black_bowl_between_the_plate_and_the_ramekin_and_place_it_on_the_plate,48,10048,0,600,75,22d80af3dce5342b66c414ffc4644d6df6b0c067f9aeb5cfa6d50356235ac20a
dp_best_dp_ddim20_ta08,2,pick_up_the_black_bowl_in_the_top_drawer_of_the_wooden_cabinet_and_place_it_on_the_plate,13,12013,1,152,19,22d80af3dce5342b66c414ffc4644d6df6b0c067f9aeb5cfa6d50356235ac20a
dp_best_dp_ddim20_ta08,2,pick_up_the_black_bowl_in_the_top_drawer_of_the_wooden_cabinet_and_place_it_on_the_plate,1,12001,0,600,75,22d80af3dce5342b66c414ffc4644d6df6b0c067f9aeb5cfa6d50356235ac20a
dp_best_dp_ddim20_ta08,2,pick_up_the_black_bowl_in_the_top_drawer_of_the_wooden_cabinet_and_place_it_on_the_plate,2,12002,0,600,75,22d80af3dce5342b66c414ffc4644d6df6b0c067f9aeb5cfa6d50356235ac20a
dp_best_dp_ddim20_ta08,2,pick_up_the_black_bowl_in_the_top_drawer_of_the_wooden_cabinet_and_place_it_on_the_plate,14,12014,1,135,17,22d80af3dce5342b66c414ffc4644d6df6b0c067f9aeb5cfa6d50356235ac20a
dp_best_dp_ddim20_ta08,2,pick_up_the_black_bowl_in_the_top_drawer_of_the_wooden_cabinet_and_place_it_on_the_plate,16,12016,1,128,16,22d80af3dce5342b66c414ffc4644d6df6b0c067f9aeb5cfa6d50356235ac20a
dp_best_dp_ddim20_ta08,2,pick_up_the_black_bowl_in_the_top_drawer_of_the_wooden_cabinet_and_place_it_on_the_plate,15,12015,1,147,19,22d80af3dce5342b66c414ffc4644d6df6b0c067f9aeb5cfa6d50356235ac20a
dp_best_dp_ddim20_ta08,2,pick_up_the_black_bowl_in_the_top_drawer_of_the_wooden_cabinet_and_place_it_on_the_plate,17,12017,1,155,20,22d80af3dce5342b66c414ffc4644d6df6b0c067f9aeb5cfa6d50356235ac20a
dp_best_dp_ddim20_ta08,2,pick_up_the_black_bowl_in_the_top_drawer_of_the_wooden_cabinet_and_place_it_on_the_plate,18,12018,1,143,18,22d80af3dce5342b66c414ffc4644d6df6b0c067f9aeb5cfa6d50356235ac20a
dp_best_dp_ddim20_ta08,2,pick_up_the_black_bowl_in_the_top_drawer_of_the_wooden_cabinet_and_place_it_on_the_plate,19,12019,1,123,16,22d80af3dce5342b66c414ffc4644d6df6b0c067f9aeb5cfa6d50356235ac20a
dp_best_dp_ddim20_ta08,2,pick_up_the_black_bowl_in_the_top_drawer_of_the_wooden_cabinet_and_place_it_on_the_plate,6,12006,0,600,75,22d80af3dce5342b66c414ffc4644d6df6b0c067f9aeb5cfa6d50356235ac20a
dp_best_dp_ddim20_ta08,2,pick_up_the_black_bowl_in_the_top_drawer_of_the_wooden_cabinet_and_place_it_on_the_plate,20,12020,1,135,17,22d80af3dce5342b66c414ffc4644d6df6b0c067f9aeb5cfa6d50356235ac20a
dp_best_dp_ddim20_ta08,2,pick_up_the_black_bowl_in_the_top_drawer_of_the_wooden_cabinet_and_place_it_on_the_plate,22,12022,1,162,21,22d80af3dce5342b66c414ffc4644d6df6b0c067f9aeb5cfa6d50356235ac20a
dp_best_dp_ddim20_ta08,2,pick_up_the_black_bowl_in_the_top_drawer_of_the_wooden_cabinet_and_place_it_on_the_plate,10,12010,0,600,75,22d80af3dce5342b66c414ffc4644d6df6b0c067f9aeb5cfa6d50356235ac20a
dp_best_dp_ddim20_ta08,2,pick_up_the_black_bowl_in_the_top_drawer_of_the_wooden_cabinet_and_place_it_on_the_plate,26,12026,1,169,22,22d80af3dce5342b66c414ffc4644d6df6b0c067f9aeb5cfa6d50356235ac20a
dp_best_dp_ddim20_ta08,2,pick_up_the_black_bowl_in_the_top_drawer_of_the_wooden_cabinet_and_place_it_on_the_plate,12,12012,0,600,75,22d80af3dce5342b66c414ffc4644d6df6b0c067f9aeb5cfa6d50356235ac20a
dp_best_dp_ddim20_ta08,2,pick_up_the_black_bowl_in_the_top_drawer_of_the_wooden_cabinet_and_place_it_on_the_plate,28,12028,1,143,18,22d80af3dce5342b66c414ffc4644d6df6b0c067f9aeb5cfa6d50356235ac20a
dp_best_dp_ddim20_ta08,2,pick_up_the_black_bowl_in_the_top_drawer_of_the_wooden_cabinet_and_place_it_on_the_plate,30,12030,1,164,21,22d80af3dce5342b66c414ffc4644d6df6b0c067f9aeb5cfa6d50356235ac20a
dp_best_dp_ddim20_ta08,2,pick_up_the_black_bowl_in_the_top_drawer_of_the_wooden_cabinet_and_place_it_on_the_plate,21,12021,0,600,75,22d80af3dce5342b66c414ffc4644d6df6b0c067f9aeb5cfa6d50356235ac20a
dp_best_dp_ddim20_ta08,2,pick_up_the_black_bowl_in_the_top_drawer_of_the_wooden_cabinet_and_place_it_on_the_plate,32,12032,1,152,19,22d80af3dce5342b66c414ffc4644d6df6b0c067f9aeb5cfa6d50356235ac20a
dp_best_dp_ddim20_ta08,2,pick_up_the_black_bowl_in_the_top_drawer_of_the_wooden_cabinet_and_place_it_on_the_plate,23,12023,0,600,75,22d80af3dce5342b66c414ffc4644d6df6b0c067f9aeb5cfa6d50356235ac20a
dp_best_dp_ddim20_ta08,2,pick_up_the_black_bowl_in_the_top_drawer_of_the_wooden_cabinet_and_place_it_on_the_plate,24,12024,0,600,75,22d80af3dce5342b66c414ffc4644d6df6b0c067f9aeb5cfa6d50356235ac20a
dp_best_dp_ddim20_ta08,2,pick_up_the_black_bowl_in_the_top_drawer_of_the_wooden_cabinet_and_place_it_on_the_plate,25,12025,0,600,75,22d80af3dce5342b66c414ffc4644d6df6b0c067f9aeb5cfa6d50356235ac20a
dp_best_dp_ddim20_ta08,2,pick_up_the_black_bowl_in_the_top_drawer_of_the_wooden_cabinet_and_place_it_on_the_plate,27,12027,0,600,75,22d80af3dce5342b66c414ffc4644d6df6b0c067f9aeb5cfa6d50356235ac20a
dp_best_dp_ddim20_ta08,2,pick_up_the_black_bowl_in_the_top_drawer_of_the_wooden_cabinet_and_place_it_on_the_plate,35,12035,1,140,18,22d80af3dce5342b66c414ffc4644d6df6b0c067f9aeb5cfa6d50356235ac20a
dp_best_dp_ddim20_ta08,2,pick_up_the_black_bowl_in_the_top_drawer_of_the_wooden_cabinet_and_place_it_on_the_plate,36,12036,1,180,23,22d80af3dce5342b66c414ffc4644d6df6b0c067f9aeb5cfa6d50356235ac20a
dp_best_dp_ddim20_ta08,2,pick_up_the_black_bowl_in_the_top_drawer_of_the_wooden_cabinet_and_place_it_on_the_plate,29,12029,0,600,75,22d80af3dce5342b66c414ffc4644d6df6b0c067f9aeb5cfa6d50356235ac20a
dp_best_dp_ddim20_ta08,2,pick_up_the_black_bowl_in_the_top_drawer_of_the_wooden_cabinet_and_place_it_on_the_plate,40,12040,1,129,17,22d80af3dce5342b66c414ffc4644d6df6b0c067f9aeb5cfa6d50356235ac20a
dp_best_dp_ddim20_ta08,2,pick_up_the_black_bowl_in_the_top_drawer_of_the_wooden_cabinet_and_place_it_on_the_plate,31,12031,0,600,75,22d80af3dce5342b66c414ffc4644d6df6b0c067f9aeb5cfa6d50356235ac20a
dp_best_dp_ddim20_ta08,2,pick_up_the_black_bowl_in_the_top_drawer_of_the_wooden_cabinet_and_place_it_on_the_plate,39,12039,1,219,28,22d80af3dce5342b66c414ffc4644d6df6b0c067f9aeb5cfa6d50356235ac20a
dp_best_dp_ddim20_ta08,2,pick_up_the_black_bowl_in_the_top_drawer_of_the_wooden_cabinet_and_place_it_on_the_plate,41,12041,1,154,20,22d80af3dce5342b66c414ffc4644d6df6b0c067f9aeb5cfa6d50356235ac20a
dp_best_dp_ddim20_ta08,2,pick_up_the_black_bowl_in_the_top_drawer_of_the_wooden_cabinet_and_place_it_on_the_plate,42,12042,1,138,18,22d80af3dce5342b66c414ffc4644d6df6b0c067f9aeb5cfa6d50356235ac20a
dp_best_dp_ddim20_ta08,2,pick_up_the_black_bowl_in_the_top_drawer_of_the_wooden_cabinet_and_place_it_on_the_plate,43,12043,1,154,20,22d80af3dce5342b66c414ffc4644d6df6b0c067f9aeb5cfa6d50356235ac20a
dp_best_dp_ddim20_ta08,2,pick_up_the_black_bowl_in_the_top_drawer_of_the_wooden_cabinet_and_place_it_on_the_plate,44,12044,1,139,18,22d80af3dce5342b66c414ffc4644d6df6b0c067f9aeb5cfa6d50356235ac20a
dp_best_dp_ddim20_ta08,2,pick_up_the_black_bowl_in_the_top_drawer_of_the_wooden_cabinet_and_place_it_on_the_plate,33,12033,0,600,75,22d80af3dce5342b66c414ffc4644d6df6b0c067f9aeb5cfa6d50356235ac20a
dp_best_dp_ddim20_ta08,2,pick_up_the_black_bowl_in_the_top_drawer_of_the_wooden_cabinet_and_place_it_on_the_plate,34,12034,0,600,75,22d80af3dce5342b66c414ffc4644d6df6b0c067f9aeb5cfa6d50356235ac20a
dp_best_dp_ddim20_ta08,2,pick_up_the_black_bowl_in_the_top_drawer_of_the_wooden_cabinet_and_place_it_on_the_plate,47,12047,1,145,19,22d80af3dce5342b66c414ffc4644d6df6b0c067f9aeb5cfa6d50356235ac20a
dp_best_dp_ddim20_ta08,2,pick_up_the_black_bowl_in_the_top_drawer_of_the_wooden_cabinet_and_place_it_on_the_plate,37,12037,0,600,75,22d80af3dce5342b66c414ffc4644d6df6b0c067f9aeb5cfa6d50356235ac20a
dp_best_dp_ddim20_ta08,2,pick_up_the_black_bowl_in_the_top_drawer_of_the_wooden_cabinet_and_place_it_on_the_plate,38,12038,0,600,75,22d80af3dce5342b66c414ffc4644d6df6b0c067f9aeb5cfa6d50356235ac20a
dp_best_dp_ddim20_ta08,4,pick_up_the_black_bowl_next_to_the_plate_and_place_it_on_the_plate,3,14003,1,100,13,22d80af3dce5342b66c414ffc4644d6df6b0c067f9aeb5cfa6d50356235ac20a
dp_best_dp_ddim20_ta08,4,pick_up_the_black_bowl_next_to_the_plate_and_place_it_on_the_plate,2,14002,1,188,24,22d80af3dce5342b66c414ffc4644d6df6b0c067f9aeb5cfa6d50356235ac20a
dp_best_dp_ddim20_ta08,4,pick_up_the_black_bowl_next_to_the_plate_and_place_it_on_the_plate,5,14005,1,108,14,22d80af3dce5342b66c414ffc4644d6df6b0c067f9aeb5cfa6d50356235ac20a
dp_best_dp_ddim20_ta08,2,pick_up_the_black_bowl_in_the_top_drawer_of_the_wooden_cabinet_and_place_it_on_the_plate,45,12045,0,600,75,22d80af3dce5342b66c414ffc4644d6df6b0c067f9aeb5cfa6d50356235ac20a
dp_best_dp_ddim20_ta08,4,pick_up_the_black_bowl_next_to_the_plate_and_place_it_on_the_plate,6,14006,1,94,12,22d80af3dce5342b66c414ffc4644d6df6b0c067f9aeb5cfa6d50356235ac20a
dp_best_dp_ddim20_ta08,2,pick_up_the_black_bowl_in_the_top_drawer_of_the_wooden_cabinet_and_place_it_on_the_plate,46,12046,0,600,75,22d80af3dce5342b66c414ffc4644d6df6b0c067f9aeb5cfa6d50356235ac20a
dp_best_dp_ddim20_ta08,4,pick_up_the_black_bowl_next_to_the_plate_and_place_it_on_the_plate,7,14007,1,113,15,22d80af3dce5342b66c414ffc4644d6df6b0c067f9aeb5cfa6d50356235ac20a
dp_best_dp_ddim20_ta08,2,pick_up_the_black_bowl_in_the_top_drawer_of_the_wooden_cabinet_and_place_it_on_the_plate,48,12048,0,600,75,22d80af3dce5342b66c414ffc4644d6df6b0c067f9aeb5cfa6d50356235ac20a
dp_best_dp_ddim20_ta08,2,pick_up_the_black_bowl_in_the_top_drawer_of_the_wooden_cabinet_and_place_it_on_the_plate,49,12049,0,600,75,22d80af3dce5342b66c414ffc4644d6df6b0c067f9aeb5cfa6d50356235ac20a
dp_best_dp_ddim20_ta08,4,pick_up_the_black_bowl_next_to_the_plate_and_place_it_on_the_plate,0,14000,0,600,75,22d80af3dce5342b66c414ffc4644d6df6b0c067f9aeb5cfa6d50356235ac20a
dp_best_dp_ddim20_ta08,4,pick_up_the_black_bowl_next_to_the_plate_and_place_it_on_the_plate,9,14009,1,99,13,22d80af3dce5342b66c414ffc4644d6df6b0c067f9aeb5cfa6d50356235ac20a
dp_best_dp_ddim20_ta08,4,pick_up_the_black_bowl_next_to_the_plate_and_place_it_on_the_plate,8,14008,1,109,14,22d80af3dce5342b66c414ffc4644d6df6b0c067f9aeb5cfa6d50356235ac20a
dp_best_dp_ddim20_ta08,4,pick_up_the_black_bowl_next_to_the_plate_and_place_it_on_the_plate,12,14012,1,91,12,22d80af3dce5342b66c414ffc4644d6df6b0c067f9aeb5cfa6d50356235ac20a
dp_best_dp_ddim20_ta08,4,pick_up_the_black_bowl_next_to_the_plate_and_place_it_on_the_plate,1,14001,0,600,75,22d80af3dce5342b66c414ffc4644d6df6b0c067f9aeb5cfa6d50356235ac20a
dp_best_dp_ddim20_ta08,4,pick_up_the_black_bowl_next_to_the_plate_and_place_it_on_the_plate,15,14015,1,97,13,22d80af3dce5342b66c414ffc4644d6df6b0c067f9aeb5cfa6d50356235ac20a
dp_best_dp_ddim20_ta08,4,pick_up_the_black_bowl_next_to_the_plate_and_place_it_on_the_plate,17,14017,1,96,12,22d80af3dce5342b66c414ffc4644d6df6b0c067f9aeb5cfa6d50356235ac20a
dp_best_dp_ddim20_ta08,4,pick_up_the_black_bowl_next_to_the_plate_and_place_it_on_the_plate,14,14014,1,191,24,22d80af3dce5342b66c414ffc4644d6df6b0c067f9aeb5cfa6d50356235ac20a
dp_best_dp_ddim20_ta08,4,pick_up_the_black_bowl_next_to_the_plate_and_place_it_on_the_plate,19,14019,1,99,13,22d80af3dce5342b66c414ffc4644d6df6b0c067f9aeb5cfa6d50356235ac20a
dp_best_dp_ddim20_ta08,4,pick_up_the_black_bowl_next_to_the_plate_and_place_it_on_the_plate,4,14004,0,600,75,22d80af3dce5342b66c414ffc4644d6df6b0c067f9aeb5cfa6d50356235ac20a
dp_best_dp_ddim20_ta08,4,pick_up_the_black_bowl_next_to_the_plate_and_place_it_on_the_plate,20,14020,1,144,18,22d80af3dce5342b66c414ffc4644d6df6b0c067f9aeb5cfa6d50356235ac20a
dp_best_dp_ddim20_ta08,4,pick_up_the_black_bowl_next_to_the_plate_and_place_it_on_the_plate,21,14021,1,98,13,22d80af3dce5342b66c414ffc4644d6df6b0c067f9aeb5cfa6d50356235ac20a
dp_best_dp_ddim20_ta08,4,pick_up_the_black_bowl_next_to_the_plate_and_place_it_on_the_plate,23,14023,1,105,14,22d80af3dce5342b66c414ffc4644d6df6b0c067f9aeb5cfa6d50356235ac20a
dp_best_dp_ddim20_ta08,4,pick_up_the_black_bowl_next_to_the_plate_and_place_it_on_the_plate,24,14024,1,108,14,22d80af3dce5342b66c414ffc4644d6df6b0c067f9aeb5cfa6d50356235ac20a
dp_best_dp_ddim20_ta08,4,pick_up_the_black_bowl_next_to_the_plate_and_place_it_on_the_plate,10,14010,0,600,75,22d80af3dce5342b66c414ffc4644d6df6b0c067f9aeb5cfa6d50356235ac20a
dp_best_dp_ddim20_ta08,4,pick_up_the_black_bowl_next_to_the_plate_and_place_it_on_the_plate,11,14011,0,600,75,22d80af3dce5342b66c414ffc4644d6df6b0c067f9aeb5cfa6d50356235ac20a
dp_best_dp_ddim20_ta08,4,pick_up_the_black_bowl_next_to_the_plate_and_place_it_on_the_plate,25,14025,1,109,14,22d80af3dce5342b66c414ffc4644d6df6b0c067f9aeb5cfa6d50356235ac20a
dp_best_dp_ddim20_ta08,4,pick_up_the_black_bowl_next_to_the_plate_and_place_it_on_the_plate,26,14026,1,93,12,22d80af3dce5342b66c414ffc4644d6df6b0c067f9aeb5cfa6d50356235ac20a
dp_best_dp_ddim20_ta08,4,pick_up_the_black_bowl_next_to_the_plate_and_place_it_on_the_plate,13,14013,0,600,75,22d80af3dce5342b66c414ffc4644d6df6b0c067f9aeb5cfa6d50356235ac20a
dp_best_dp_ddim20_ta08,4,pick_up_the_black_bowl_next_to_the_plate_and_place_it_on_the_plate,22,14022,1,331,42,22d80af3dce5342b66c414ffc4644d6df6b0c067f9aeb5cfa6d50356235ac20a
dp_best_dp_ddim20_ta08,4,pick_up_the_black_bowl_next_to_the_plate_and_place_it_on_the_plate,27,14027,1,101,13,22d80af3dce5342b66c414ffc4644d6df6b0c067f9aeb5cfa6d50356235ac20a
dp_best_dp_ddim20_ta08,4,pick_up_the_black_bowl_next_to_the_plate_and_place_it_on_the_plate,29,14029,1,94,12,22d80af3dce5342b66c414ffc4644d6df6b0c067f9aeb5cfa6d50356235ac20a
dp_best_dp_ddim20_ta08,4,pick_up_the_black_bowl_next_to_the_plate_and_place_it_on_the_plate,28,14028,1,104,13,22d80af3dce5342b66c414ffc4644d6df6b0c067f9aeb5cfa6d50356235ac20a
dp_best_dp_ddim20_ta08,4,pick_up_the_black_bowl_next_to_the_plate_and_place_it_on_the_plate,16,14016,0,600,75,22d80af3dce5342b66c414ffc4644d6df6b0c067f9aeb5cfa6d50356235ac20a
dp_best_dp_ddim20_ta08,4,pick_up_the_black_bowl_next_to_the_plate_and_place_it_on_the_plate,30,14030,1,107,14,22d80af3dce5342b66c414ffc4644d6df6b0c067f9aeb5cfa6d50356235ac20a
dp_best_dp_ddim20_ta08,4,pick_up_the_black_bowl_next_to_the_plate_and_place_it_on_the_plate,18,14018,0,600,75,22d80af3dce5342b66c414ffc4644d6df6b0c067f9aeb5cfa6d50356235ac20a
dp_best_dp_ddim20_ta08,4,pick_up_the_black_bowl_next_to_the_plate_and_place_it_on_the_plate,31,14031,1,110,14,22d80af3dce5342b66c414ffc4644d6df6b0c067f9aeb5cfa6d50356235ac20a
dp_best_dp_ddim20_ta08,4,pick_up_the_black_bowl_next_to_the_plate_and_place_it_on_the_plate,32,14032,1,103,13,22d80af3dce5342b66c414ffc4644d6df6b0c067f9aeb5cfa6d50356235ac20a
dp_best_dp_ddim20_ta08,4,pick_up_the_black_bowl_next_to_the_plate_and_place_it_on_the_plate,34,14034,1,104,13,22d80af3dce5342b66c414ffc4644d6df6b0c067f9aeb5cfa6d50356235ac20a
dp_best_dp_ddim20_ta08,4,pick_up_the_black_bowl_next_to_the_plate_and_place_it_on_the_plate,35,14035,1,107,14,22d80af3dce5342b66c414ffc4644d6df6b0c067f9aeb5cfa6d50356235ac20a
dp_best_dp_ddim20_ta08,4,pick_up_the_black_bowl_next_to_the_plate_and_place_it_on_the_plate,36,14036,1,106,14,22d80af3dce5342b66c414ffc4644d6df6b0c067f9aeb5cfa6d50356235ac20a
dp_best_dp_ddim20_ta08,4,pick_up_the_black_bowl_next_to_the_plate_and_place_it_on_the_plate,37,14037,1,97,13,22d80af3dce5342b66c414ffc4644d6df6b0c067f9aeb5cfa6d50356235ac20a
dp_best_dp_ddim20_ta08,4,pick_up_the_black_bowl_next_to_the_plate_and_place_it_on_the_plate,38,14038,1,100,13,22d80af3dce5342b66c414ffc4644d6df6b0c067f9aeb5cfa6d50356235ac20a
dp_best_dp_ddim20_ta08,4,pick_up_the_black_bowl_next_to_the_plate_and_place_it_on_the_plate,39,14039,1,103,13,22d80af3dce5342b66c414ffc4644d6df6b0c067f9aeb5cfa6d50356235ac20a
dp_best_dp_ddim20_ta08,4,pick_up_the_black_bowl_next_to_the_plate_and_place_it_on_the_plate,40,14040,1,98,13,22d80af3dce5342b66c414ffc4644d6df6b0c067f9aeb5cfa6d50356235ac20a
dp_best_dp_ddim20_ta08,4,pick_up_the_black_bowl_next_to_the_plate_and_place_it_on_the_plate,42,14042,1,103,13,22d80af3dce5342b66c414ffc4644d6df6b0c067f9aeb5cfa6d50356235ac20a
dp_best_dp_ddim20_ta08,4,pick_up_the_black_bowl_next_to_the_plate_and_place_it_on_the_plate,41,14041,1,133,17,22d80af3dce5342b66c414ffc4644d6df6b0c067f9aeb5cfa6d50356235ac20a
dp_best_dp_ddim20_ta08,4,pick_up_the_black_bowl_next_to_the_plate_and_place_it_on_the_plate,45,14045,1,99,13,22d80af3dce5342b66c414ffc4644d6df6b0c067f9aeb5cfa6d50356235ac20a
dp_best_dp_ddim20_ta08,4,pick_up_the_black_bowl_next_to_the_plate_and_place_it_on_the_plate,44,14044,1,118,15,22d80af3dce5342b66c414ffc4644d6df6b0c067f9aeb5cfa6d50356235ac20a
dp_best_dp_ddim20_ta08,4,pick_up_the_black_bowl_next_to_the_plate_and_place_it_on_the_plate,46,14046,1,160,20,22d80af3dce5342b66c414ffc4644d6df6b0c067f9aeb5cfa6d50356235ac20a
dp_best_dp_ddim20_ta08,4,pick_up_the_black_bowl_next_to_the_plate_and_place_it_on_the_plate,48,14048,1,110,14,22d80af3dce5342b66c414ffc4644d6df6b0c067f9aeb5cfa6d50356235ac20a
dp_best_dp_ddim20_ta08,6,pick_up_the_black_bowl_on_the_cookie_box_and_place_it_on_the_plate,0,16000,1,92,12,22d80af3dce5342b66c414ffc4644d6df6b0c067f9aeb5cfa6d50356235ac20a
dp_best_dp_ddim20_ta08,4,pick_up_the_black_bowl_next_to_the_plate_and_place_it_on_the_plate,49,14049,1,111,14,22d80af3dce5342b66c414ffc4644d6df6b0c067f9aeb5cfa6d50356235ac20a
dp_best_dp_ddim20_ta08,6,pick_up_the_black_bowl_on_the_cookie_box_and_place_it_on_the_plate,1,16001,1,95,12,22d80af3dce5342b66c414ffc4644d6df6b0c067f9aeb5cfa6d50356235ac20a
dp_best_dp_ddim20_ta08,6,pick_up_the_black_bowl_on_the_cookie_box_and_place_it_on_the_plate,3,16003,1,96,12,22d80af3dce5342b66c414ffc4644d6df6b0c067f9aeb5cfa6d50356235ac20a
dp_best_dp_ddim20_ta08,6,pick_up_the_black_bowl_on_the_cookie_box_and_place_it_on_the_plate,2,16002,1,101,13,22d80af3dce5342b66c414ffc4644d6df6b0c067f9aeb5cfa6d50356235ac20a
dp_best_dp_ddim20_ta08,6,pick_up_the_black_bowl_on_the_cookie_box_and_place_it_on_the_plate,4,16004,1,94,12,22d80af3dce5342b66c414ffc4644d6df6b0c067f9aeb5cfa6d50356235ac20a
dp_best_dp_ddim20_ta08,6,pick_up_the_black_bowl_on_the_cookie_box_and_place_it_on_the_plate,6,16006,1,93,12,22d80af3dce5342b66c414ffc4644d6df6b0c067f9aeb5cfa6d50356235ac20a
dp_best_dp_ddim20_ta08,6,pick_up_the_black_bowl_on_the_cookie_box_and_place_it_on_the_plate,5,16005,1,102,13,22d80af3dce5342b66c414ffc4644d6df6b0c067f9aeb5cfa6d50356235ac20a
dp_best_dp_ddim20_ta08,6,pick_up_the_black_bowl_on_the_cookie_box_and_place_it_on_the_plate,7,16007,1,92,12,22d80af3dce5342b66c414ffc4644d6df6b0c067f9aeb5cfa6d50356235ac20a
dp_best_dp_ddim20_ta08,6,pick_up_the_black_bowl_on_the_cookie_box_and_place_it_on_the_plate,8,16008,1,96,12,22d80af3dce5342b66c414ffc4644d6df6b0c067f9aeb5cfa6d50356235ac20a
dp_best_dp_ddim20_ta08,6,pick_up_the_black_bowl_on_the_cookie_box_and_place_it_on_the_plate,9,16009,1,93,12,22d80af3dce5342b66c414ffc4644d6df6b0c067f9aeb5cfa6d50356235ac20a
dp_best_dp_ddim20_ta08,6,pick_up_the_black_bowl_on_the_cookie_box_and_place_it_on_the_plate,10,16010,1,92,12,22d80af3dce5342b66c414ffc4644d6df6b0c067f9aeb5cfa6d50356235ac20a
dp_best_dp_ddim20_ta08,6,pick_up_the_black_bowl_on_the_cookie_box_and_place_it_on_the_plate,11,16011,1,92,12,22d80af3dce5342b66c414ffc4644d6df6b0c067f9aeb5cfa6d50356235ac20a
dp_best_dp_ddim20_ta08,4,pick_up_the_black_bowl_next_to_the_plate_and_place_it_on_the_plate,33,14033,0,600,75,22d80af3dce5342b66c414ffc4644d6df6b0c067f9aeb5cfa6d50356235ac20a
dp_best_dp_ddim20_ta08,6,pick_up_the_black_bowl_on_the_cookie_box_and_place_it_on_the_plate,12,16012,1,92,12,22d80af3dce5342b66c414ffc4644d6df6b0c067f9aeb5cfa6d50356235ac20a
dp_best_dp_ddim20_ta08,6,pick_up_the_black_bowl_on_the_cookie_box_and_place_it_on_the_plate,13,16013,1,97,13,22d80af3dce5342b66c414ffc4644d6df6b0c067f9aeb5cfa6d50356235ac20a
dp_best_dp_ddim20_ta08,6,pick_up_the_black_bowl_on_the_cookie_box_and_place_it_on_the_plate,15,16015,1,95,12,22d80af3dce5342b66c414ffc4644d6df6b0c067f9aeb5cfa6d50356235ac20a
dp_best_dp_ddim20_ta08,6,pick_up_the_black_bowl_on_the_cookie_box_and_place_it_on_the_plate,14,16014,1,100,13,22d80af3dce5342b66c414ffc4644d6df6b0c067f9aeb5cfa6d50356235ac20a
dp_best_dp_ddim20_ta08,6,pick_up_the_black_bowl_on_the_cookie_box_and_place_it_on_the_plate,16,16016,1,96,12,22d80af3dce5342b66c414ffc4644d6df6b0c067f9aeb5cfa6d50356235ac20a
dp_best_dp_ddim20_ta08,6,pick_up_the_black_bowl_on_the_cookie_box_and_place_it_on_the_plate,17,16017,1,98,13,22d80af3dce5342b66c414ffc4644d6df6b0c067f9aeb5cfa6d50356235ac20a
dp_best_dp_ddim20_ta08,6,pick_up_the_black_bowl_on_the_cookie_box_and_place_it_on_the_plate,18,16018,1,99,13,22d80af3dce5342b66c414ffc4644d6df6b0c067f9aeb5cfa6d50356235ac20a
dp_best_dp_ddim20_ta08,6,pick_up_the_black_bowl_on_the_cookie_box_and_place_it_on_the_plate,19,16019,1,104,13,22d80af3dce5342b66c414ffc4644d6df6b0c067f9aeb5cfa6d50356235ac20a
dp_best_dp_ddim20_ta08,4,pick_up_the_black_bowl_next_to_the_plate_and_place_it_on_the_plate,43,14043,0,600,75,22d80af3dce5342b66c414ffc4644d6df6b0c067f9aeb5cfa6d50356235ac20a
dp_best_dp_ddim20_ta08,6,pick_up_the_black_bowl_on_the_cookie_box_and_place_it_on_the_plate,20,16020,1,106,14,22d80af3dce5342b66c414ffc4644d6df6b0c067f9aeb5cfa6d50356235ac20a
dp_best_dp_ddim20_ta08,6,pick_up_the_black_bowl_on_the_cookie_box_and_place_it_on_the_plate,22,16022,1,106,14,22d80af3dce5342b66c414ffc4644d6df6b0c067f9aeb5cfa6d50356235ac20a
dp_best_dp_ddim20_ta08,4,pick_up_the_black_bowl_next_to_the_plate_and_place_it_on_the_plate,47,14047,0,600,75,22d80af3dce5342b66c414ffc4644d6df6b0c067f9aeb5cfa6d50356235ac20a
dp_best_dp_ddim20_ta08,6,pick_up_the_black_bowl_on_the_cookie_box_and_place_it_on_the_plate,23,16023,1,106,14,22d80af3dce5342b66c414ffc4644d6df6b0c067f9aeb5cfa6d50356235ac20a
dp_best_dp_ddim20_ta08,6,pick_up_the_black_bowl_on_the_cookie_box_and_place_it_on_the_plate,26,16026,1,87,11,22d80af3dce5342b66c414ffc4644d6df6b0c067f9aeb5cfa6d50356235ac20a
dp_best_dp_ddim20_ta08,6,pick_up_the_black_bowl_on_the_cookie_box_and_place_it_on_the_plate,27,16027,1,83,11,22d80af3dce5342b66c414ffc4644d6df6b0c067f9aeb5cfa6d50356235ac20a
dp_best_dp_ddim20_ta08,6,pick_up_the_black_bowl_on_the_cookie_box_and_place_it_on_the_plate,25,16025,1,97,13,22d80af3dce5342b66c414ffc4644d6df6b0c067f9aeb5cfa6d50356235ac20a
dp_best_dp_ddim20_ta08,6,pick_up_the_black_bowl_on_the_cookie_box_and_place_it_on_the_plate,24,16024,1,128,16,22d80af3dce5342b66c414ffc4644d6df6b0c067f9aeb5cfa6d50356235ac20a
dp_best_dp_ddim20_ta08,6,pick_up_the_black_bowl_on_the_cookie_box_and_place_it_on_the_plate,28,16028,1,94,12,22d80af3dce5342b66c414ffc4644d6df6b0c067f9aeb5cfa6d50356235ac20a
dp_best_dp_ddim20_ta08,6,pick_up_the_black_bowl_on_the_cookie_box_and_place_it_on_the_plate,29,16029,1,85,11,22d80af3dce5342b66c414ffc4644d6df6b0c067f9aeb5cfa6d50356235ac20a
dp_best_dp_ddim20_ta08,6,pick_up_the_black_bowl_on_the_cookie_box_and_place_it_on_the_plate,30,16030,1,103,13,22d80af3dce5342b66c414ffc4644d6df6b0c067f9aeb5cfa6d50356235ac20a
dp_best_dp_ddim20_ta08,6,pick_up_the_black_bowl_on_the_cookie_box_and_place_it_on_the_plate,31,16031,1,88,11,22d80af3dce5342b66c414ffc4644d6df6b0c067f9aeb5cfa6d50356235ac20a
dp_best_dp_ddim20_ta08,6,pick_up_the_black_bowl_on_the_cookie_box_and_place_it_on_the_plate,33,16033,1,81,11,22d80af3dce5342b66c414ffc4644d6df6b0c067f9aeb5cfa6d50356235ac20a
dp_best_dp_ddim20_ta08,6,pick_up_the_black_bowl_on_the_cookie_box_and_place_it_on_the_plate,35,16035,1,85,11,22d80af3dce5342b66c414ffc4644d6df6b0c067f9aeb5cfa6d50356235ac20a
dp_best_dp_ddim20_ta08,6,pick_up_the_black_bowl_on_the_cookie_box_and_place_it_on_the_plate,32,16032,1,108,14,22d80af3dce5342b66c414ffc4644d6df6b0c067f9aeb5cfa6d50356235ac20a
dp_best_dp_ddim20_ta08,6,pick_up_the_black_bowl_on_the_cookie_box_and_place_it_on_the_plate,34,16034,1,103,13,22d80af3dce5342b66c414ffc4644d6df6b0c067f9aeb5cfa6d50356235ac20a
dp_best_dp_ddim20_ta08,6,pick_up_the_black_bowl_on_the_cookie_box_and_place_it_on_the_plate,36,16036,1,101,13,22d80af3dce5342b66c414ffc4644d6df6b0c067f9aeb5cfa6d50356235ac20a
dp_best_dp_ddim20_ta08,6,pick_up_the_black_bowl_on_the_cookie_box_and_place_it_on_the_plate,37,16037,1,94,12,22d80af3dce5342b66c414ffc4644d6df6b0c067f9aeb5cfa6d50356235ac20a
dp_best_dp_ddim20_ta08,6,pick_up_the_black_bowl_on_the_cookie_box_and_place_it_on_the_plate,39,16039,1,94,12,22d80af3dce5342b66c414ffc4644d6df6b0c067f9aeb5cfa6d50356235ac20a
dp_best_dp_ddim20_ta08,6,pick_up_the_black_bowl_on_the_cookie_box_and_place_it_on_the_plate,41,16041,1,94,12,22d80af3dce5342b66c414ffc4644d6df6b0c067f9aeb5cfa6d50356235ac20a
dp_best_dp_ddim20_ta08,6,pick_up_the_black_bowl_on_the_cookie_box_and_place_it_on_the_plate,40,16040,1,112,14,22d80af3dce5342b66c414ffc4644d6df6b0c067f9aeb5cfa6d50356235ac20a
dp_best_dp_ddim20_ta08,6,pick_up_the_black_bowl_on_the_cookie_box_and_place_it_on_the_plate,42,16042,1,101,13,22d80af3dce5342b66c414ffc4644d6df6b0c067f9aeb5cfa6d50356235ac20a
dp_best_dp_ddim20_ta08,6,pick_up_the_black_bowl_on_the_cookie_box_and_place_it_on_the_plate,43,16043,1,90,12,22d80af3dce5342b66c414ffc4644d6df6b0c067f9aeb5cfa6d50356235ac20a
dp_best_dp_ddim20_ta08,6,pick_up_the_black_bowl_on_the_cookie_box_and_place_it_on_the_plate,45,16045,1,96,12,22d80af3dce5342b66c414ffc4644d6df6b0c067f9aeb5cfa6d50356235ac20a
dp_best_dp_ddim20_ta08,6,pick_up_the_black_bowl_on_the_cookie_box_and_place_it_on_the_plate,44,16044,1,103,13,22d80af3dce5342b66c414ffc4644d6df6b0c067f9aeb5cfa6d50356235ac20a
dp_best_dp_ddim20_ta08,6,pick_up_the_black_bowl_on_the_cookie_box_and_place_it_on_the_plate,46,16046,1,95,12,22d80af3dce5342b66c414ffc4644d6df6b0c067f9aeb5cfa6d50356235ac20a
dp_best_dp_ddim20_ta08,6,pick_up_the_black_bowl_on_the_cookie_box_and_place_it_on_the_plate,48,16048,1,95,12,22d80af3dce5342b66c414ffc4644d6df6b0c067f9aeb5cfa6d50356235ac20a
dp_best_dp_ddim20_ta08,6,pick_up_the_black_bowl_on_the_cookie_box_and_place_it_on_the_plate,49,16049,1,91,12,22d80af3dce5342b66c414ffc4644d6df6b0c067f9aeb5cfa6d50356235ac20a
dp_best_dp_ddim20_ta08,6,pick_up_the_black_bowl_on_the_cookie_box_and_place_it_on_the_plate,47,16047,1,109,14,22d80af3dce5342b66c414ffc4644d6df6b0c067f9aeb5cfa6d50356235ac20a
dp_best_dp_ddim20_ta08,8,pick_up_the_black_bowl_on_the_stove_and_place_it_on_the_plate,0,18000,1,125,16,22d80af3dce5342b66c414ffc4644d6df6b0c067f9aeb5cfa6d50356235ac20a
dp_best_dp_ddim20_ta08,6,pick_up_the_black_bowl_on_the_cookie_box_and_place_it_on_the_plate,21,16021,0,600,75,22d80af3dce5342b66c414ffc4644d6df6b0c067f9aeb5cfa6d50356235ac20a
dp_best_dp_ddim20_ta08,8,pick_up_the_black_bowl_on_the_stove_and_place_it_on_the_plate,2,18002,1,117,15,22d80af3dce5342b66c414ffc4644d6df6b0c067f9aeb5cfa6d50356235ac20a
dp_best_dp_ddim20_ta08,8,pick_up_the_black_bowl_on_the_stove_and_place_it_on_the_plate,1,18001,1,151,19,22d80af3dce5342b66c414ffc4644d6df6b0c067f9aeb5cfa6d50356235ac20a
dp_best_dp_ddim20_ta08,8,pick_up_the_black_bowl_on_the_stove_and_place_it_on_the_plate,5,18005,1,161,21,22d80af3dce5342b66c414ffc4644d6df6b0c067f9aeb5cfa6d50356235ac20a
dp_best_dp_ddim20_ta08,8,pick_up_the_black_bowl_on_the_stove_and_place_it_on_the_plate,6,18006,1,116,15,22d80af3dce5342b66c414ffc4644d6df6b0c067f9aeb5cfa6d50356235ac20a
dp_best_dp_ddim20_ta08,8,pick_up_the_black_bowl_on_the_stove_and_place_it_on_the_plate,7,18007,1,129,17,22d80af3dce5342b66c414ffc4644d6df6b0c067f9aeb5cfa6d50356235ac20a
dp_best_dp_ddim20_ta08,8,pick_up_the_black_bowl_on_the_stove_and_place_it_on_the_plate,8,18008,1,132,17,22d80af3dce5342b66c414ffc4644d6df6b0c067f9aeb5cfa6d50356235ac20a
dp_best_dp_ddim20_ta08,8,pick_up_the_black_bowl_on_the_stove_and_place_it_on_the_plate,9,18009,1,151,19,22d80af3dce5342b66c414ffc4644d6df6b0c067f9aeb5cfa6d50356235ac20a
dp_best_dp_ddim20_ta08,8,pick_up_the_black_bowl_on_the_stove_and_place_it_on_the_plate,4,18004,1,292,37,22d80af3dce5342b66c414ffc4644d6df6b0c067f9aeb5cfa6d50356235ac20a
dp_best_dp_ddim20_ta08,8,pick_up_the_black_bowl_on_the_stove_and_place_it_on_the_plate,3,18003,1,324,41,22d80af3dce5342b66c414ffc4644d6df6b0c067f9aeb5cfa6d50356235ac20a
dp_best_dp_ddim20_ta08,8,pick_up_the_black_bowl_on_the_stove_and_place_it_on_the_plate,12,18012,1,114,15,22d80af3dce5342b66c414ffc4644d6df6b0c067f9aeb5cfa6d50356235ac20a
dp_best_dp_ddim20_ta08,6,pick_up_the_black_bowl_on_the_cookie_box_and_place_it_on_the_plate,38,16038,0,600,75,22d80af3dce5342b66c414ffc4644d6df6b0c067f9aeb5cfa6d50356235ac20a
dp_best_dp_ddim20_ta08,8,pick_up_the_black_bowl_on_the_stove_and_place_it_on_the_plate,13,18013,1,139,18,22d80af3dce5342b66c414ffc4644d6df6b0c067f9aeb5cfa6d50356235ac20a
dp_best_dp_ddim20_ta08,8,pick_up_the_black_bowl_on_the_stove_and_place_it_on_the_plate,14,18014,1,157,20,22d80af3dce5342b66c414ffc4644d6df6b0c067f9aeb5cfa6d50356235ac20a
dp_best_dp_ddim20_ta08,8,pick_up_the_black_bowl_on_the_stove_and_place_it_on_the_plate,16,18016,1,148,19,22d80af3dce5342b66c414ffc4644d6df6b0c067f9aeb5cfa6d50356235ac20a
dp_best_dp_ddim20_ta08,8,pick_up_the_black_bowl_on_the_stove_and_place_it_on_the_plate,17,18017,1,134,17,22d80af3dce5342b66c414ffc4644d6df6b0c067f9aeb5cfa6d50356235ac20a
dp_best_dp_ddim20_ta08,8,pick_up_the_black_bowl_on_the_stove_and_place_it_on_the_plate,19,18019,1,161,21,22d80af3dce5342b66c414ffc4644d6df6b0c067f9aeb5cfa6d50356235ac20a
dp_best_dp_ddim20_ta08,8,pick_up_the_black_bowl_on_the_stove_and_place_it_on_the_plate,20,18020,1,158,20,22d80af3dce5342b66c414ffc4644d6df6b0c067f9aeb5cfa6d50356235ac20a
dp_best_dp_ddim20_ta08,8,pick_up_the_black_bowl_on_the_stove_and_place_it_on_the_plate,21,18021,1,125,16,22d80af3dce5342b66c414ffc4644d6df6b0c067f9aeb5cfa6d50356235ac20a
dp_best_dp_ddim20_ta08,8,pick_up_the_black_bowl_on_the_stove_and_place_it_on_the_plate,24,18024,1,153,20,22d80af3dce5342b66c414ffc4644d6df6b0c067f9aeb5cfa6d50356235ac20a
dp_best_dp_ddim20_ta08,8,pick_up_the_black_bowl_on_the_stove_and_place_it_on_the_plate,25,18025,1,170,22,22d80af3dce5342b66c414ffc4644d6df6b0c067f9aeb5cfa6d50356235ac20a
dp_best_dp_ddim20_ta08,8,pick_up_the_black_bowl_on_the_stove_and_place_it_on_the_plate,10,18010,0,600,75,22d80af3dce5342b66c414ffc4644d6df6b0c067f9aeb5cfa6d50356235ac20a
dp_best_dp_ddim20_ta08,8,pick_up_the_black_bowl_on_the_stove_and_place_it_on_the_plate,11,18011,0,600,75,22d80af3dce5342b66c414ffc4644d6df6b0c067f9aeb5cfa6d50356235ac20a
dp_best_dp_ddim20_ta08,8,pick_up_the_black_bowl_on_the_stove_and_place_it_on_the_plate,26,18026,1,144,18,22d80af3dce5342b66c414ffc4644d6df6b0c067f9aeb5cfa6d50356235ac20a
dp_best_dp_ddim20_ta08,8,pick_up_the_black_bowl_on_the_stove_and_place_it_on_the_plate,15,18015,0,600,75,22d80af3dce5342b66c414ffc4644d6df6b0c067f9aeb5cfa6d50356235ac20a
dp_best_dp_ddim20_ta08,8,pick_up_the_black_bowl_on_the_stove_and_place_it_on_the_plate,27,18027,1,151,19,22d80af3dce5342b66c414ffc4644d6df6b0c067f9aeb5cfa6d50356235ac20a
dp_best_dp_ddim20_ta08,8,pick_up_the_black_bowl_on_the_stove_and_place_it_on_the_plate,29,18029,1,155,20,22d80af3dce5342b66c414ffc4644d6df6b0c067f9aeb5cfa6d50356235ac20a
dp_best_dp_ddim20_ta08,8,pick_up_the_black_bowl_on_the_stove_and_place_it_on_the_plate,18,18018,0,600,75,22d80af3dce5342b66c414ffc4644d6df6b0c067f9aeb5cfa6d50356235ac20a
dp_best_dp_ddim20_ta08,8,pick_up_the_black_bowl_on_the_stove_and_place_it_on_the_plate,30,18030,1,119,15,22d80af3dce5342b66c414ffc4644d6df6b0c067f9aeb5cfa6d50356235ac20a
dp_best_dp_ddim20_ta08,8,pick_up_the_black_bowl_on_the_stove_and_place_it_on_the_plate,23,18023,1,470,59,22d80af3dce5342b66c414ffc4644d6df6b0c067f9aeb5cfa6d50356235ac20a
dp_best_dp_ddim20_ta08,8,pick_up_the_black_bowl_on_the_stove_and_place_it_on_the_plate,31,18031,1,138,18,22d80af3dce5342b66c414ffc4644d6df6b0c067f9aeb5cfa6d50356235ac20a
dp_best_dp_ddim20_ta08,8,pick_up_the_black_bowl_on_the_stove_and_place_it_on_the_plate,32,18032,1,145,19,22d80af3dce5342b66c414ffc4644d6df6b0c067f9aeb5cfa6d50356235ac20a
dp_best_dp_ddim20_ta08,8,pick_up_the_black_bowl_on_the_stove_and_place_it_on_the_plate,22,18022,0,600,75,22d80af3dce5342b66c414ffc4644d6df6b0c067f9aeb5cfa6d50356235ac20a
dp_best_dp_ddim20_ta08,8,pick_up_the_black_bowl_on_the_stove_and_place_it_on_the_plate,33,18033,1,126,16,22d80af3dce5342b66c414ffc4644d6df6b0c067f9aeb5cfa6d50356235ac20a
dp_best_dp_ddim20_ta08,8,pick_up_the_black_bowl_on_the_stove_and_place_it_on_the_plate,34,18034,1,161,21,22d80af3dce5342b66c414ffc4644d6df6b0c067f9aeb5cfa6d50356235ac20a
dp_best_dp_ddim20_ta08,8,pick_up_the_black_bowl_on_the_stove_and_place_it_on_the_plate,35,18035,1,133,17,22d80af3dce5342b66c414ffc4644d6df6b0c067f9aeb5cfa6d50356235ac20a
dp_best_dp_ddim20_ta08,8,pick_up_the_black_bowl_on_the_stove_and_place_it_on_the_plate,36,18036,1,160,20,22d80af3dce5342b66c414ffc4644d6df6b0c067f9aeb5cfa6d50356235ac20a
dp_best_dp_ddim20_ta08,8,pick_up_the_black_bowl_on_the_stove_and_place_it_on_the_plate,37,18037,1,169,22,22d80af3dce5342b66c414ffc4644d6df6b0c067f9aeb5cfa6d50356235ac20a
dp_best_dp_ddim20_ta08,8,pick_up_the_black_bowl_on_the_stove_and_place_it_on_the_plate,39,18039,1,138,18,22d80af3dce5342b66c414ffc4644d6df6b0c067f9aeb5cfa6d50356235ac20a
dp_best_dp_ddim20_ta08,8,pick_up_the_black_bowl_on_the_stove_and_place_it_on_the_plate,38,18038,1,148,19,22d80af3dce5342b66c414ffc4644d6df6b0c067f9aeb5cfa6d50356235ac20a
dp_best_dp_ddim20_ta08,8,pick_up_the_black_bowl_on_the_stove_and_place_it_on_the_plate,40,18040,1,147,19,22d80af3dce5342b66c414ffc4644d6df6b0c067f9aeb5cfa6d50356235ac20a
dp_best_dp_ddim20_ta08,8,pick_up_the_black_bowl_on_the_stove_and_place_it_on_the_plate,41,18041,1,126,16,22d80af3dce5342b66c414ffc4644d6df6b0c067f9aeb5cfa6d50356235ac20a
dp_best_dp_ddim20_ta08,8,pick_up_the_black_bowl_on_the_stove_and_place_it_on_the_plate,42,18042,1,141,18,22d80af3dce5342b66c414ffc4644d6df6b0c067f9aeb5cfa6d50356235ac20a
dp_best_dp_ddim20_ta08,8,pick_up_the_black_bowl_on_the_stove_and_place_it_on_the_plate,43,18043,1,132,17,22d80af3dce5342b66c414ffc4644d6df6b0c067f9aeb5cfa6d50356235ac20a
dp_best_dp_ddim20_ta08,8,pick_up_the_black_bowl_on_the_stove_and_place_it_on_the_plate,45,18045,1,124,16,22d80af3dce5342b66c414ffc4644d6df6b0c067f9aeb5cfa6d50356235ac20a
dp_best_dp_ddim20_ta08,8,pick_up_the_black_bowl_on_the_stove_and_place_it_on_the_plate,28,18028,0,600,75,22d80af3dce5342b66c414ffc4644d6df6b0c067f9aeb5cfa6d50356235ac20a
dp_best_dp_ddim20_ta08,8,pick_up_the_black_bowl_on_the_stove_and_place_it_on_the_plate,48,18048,1,129,17,22d80af3dce5342b66c414ffc4644d6df6b0c067f9aeb5cfa6d50356235ac20a
dp_best_dp_ddim20_ta08,8,pick_up_the_black_bowl_on_the_stove_and_place_it_on_the_plate,46,18046,1,172,22,22d80af3dce5342b66c414ffc4644d6df6b0c067f9aeb5cfa6d50356235ac20a
dp_best_dp_ddim20_ta08,8,pick_up_the_black_bowl_on_the_stove_and_place_it_on_the_plate,47,18047,1,382,48,22d80af3dce5342b66c414ffc4644d6df6b0c067f9aeb5cfa6d50356235ac20a
dp_best_dp_ddim20_ta08,8,pick_up_the_black_bowl_on_the_stove_and_place_it_on_the_plate,44,18044,0,600,75,22d80af3dce5342b66c414ffc4644d6df6b0c067f9aeb5cfa6d50356235ac20a
dp_best_dp_ddim20_ta08,8,pick_up_the_black_bowl_on_the_stove_and_place_it_on_the_plate,49,18049,0,600,75,22d80af3dce5342b66c414ffc4644d6df6b0c067f9aeb5cfa6d50356235ac20a
dp_best_dp_ddim20_ta08,1,pick_up_the_black_bowl_from_table_center_and_place_it_on_the_plate,2,11002,1,99,13,22d80af3dce5342b66c414ffc4644d6df6b0c067f9aeb5cfa6d50356235ac20a
dp_best_dp_ddim20_ta08,1,pick_up_the_black_bowl_from_table_center_and_place_it_on_the_plate,6,11006,1,104,13,22d80af3dce5342b66c414ffc4644d6df6b0c067f9aeb5cfa6d50356235ac20a
dp_best_dp_ddim20_ta08,1,pick_up_the_black_bowl_from_table_center_and_place_it_on_the_plate,4,11004,1,106,14,22d80af3dce5342b66c414ffc4644d6df6b0c067f9aeb5cfa6d50356235ac20a
dp_best_dp_ddim20_ta08,1,pick_up_the_black_bowl_from_table_center_and_place_it_on_the_plate,1,11001,1,107,14,22d80af3dce5342b66c414ffc4644d6df6b0c067f9aeb5cfa6d50356235ac20a
dp_best_dp_ddim20_ta08,1,pick_up_the_black_bowl_from_table_center_and_place_it_on_the_plate,3,11003,1,107,14,22d80af3dce5342b66c414ffc4644d6df6b0c067f9aeb5cfa6d50356235ac20a
dp_best_dp_ddim20_ta08,1,pick_up_the_black_bowl_from_table_center_and_place_it_on_the_plate,8,11008,1,103,13,22d80af3dce5342b66c414ffc4644d6df6b0c067f9aeb5cfa6d50356235ac20a
dp_best_dp_ddim20_ta08,1,pick_up_the_black_bowl_from_table_center_and_place_it_on_the_plate,12,11012,1,106,14,22d80af3dce5342b66c414ffc4644d6df6b0c067f9aeb5cfa6d50356235ac20a
dp_best_dp_ddim20_ta08,1,pick_up_the_black_bowl_from_table_center_and_place_it_on_the_plate,9,11009,1,114,15,22d80af3dce5342b66c414ffc4644d6df6b0c067f9aeb5cfa6d50356235ac20a
dp_best_dp_ddim20_ta08,1,pick_up_the_black_bowl_from_table_center_and_place_it_on_the_plate,11,11011,1,114,15,22d80af3dce5342b66c414ffc4644d6df6b0c067f9aeb5cfa6d50356235ac20a
dp_best_dp_ddim20_ta08,1,pick_up_the_black_bowl_from_table_center_and_place_it_on_the_plate,10,11010,1,143,18,22d80af3dce5342b66c414ffc4644d6df6b0c067f9aeb5cfa6d50356235ac20a
dp_best_dp_ddim20_ta08,1,pick_up_the_black_bowl_from_table_center_and_place_it_on_the_plate,16,11016,1,94,12,22d80af3dce5342b66c414ffc4644d6df6b0c067f9aeb5cfa6d50356235ac20a
dp_best_dp_ddim20_ta08,1,pick_up_the_black_bowl_from_table_center_and_place_it_on_the_plate,13,11013,1,123,16,22d80af3dce5342b66c414ffc4644d6df6b0c067f9aeb5cfa6d50356235ac20a
dp_best_dp_ddim20_ta08,1,pick_up_the_black_bowl_from_table_center_and_place_it_on_the_plate,14,11014,1,122,16,22d80af3dce5342b66c414ffc4644d6df6b0c067f9aeb5cfa6d50356235ac20a
dp_best_dp_ddim20_ta08,1,pick_up_the_black_bowl_from_table_center_and_place_it_on_the_plate,15,11015,1,129,17,22d80af3dce5342b66c414ffc4644d6df6b0c067f9aeb5cfa6d50356235ac20a
dp_best_dp_ddim20_ta08,1,pick_up_the_black_bowl_from_table_center_and_place_it_on_the_plate,17,11017,1,114,15,22d80af3dce5342b66c414ffc4644d6df6b0c067f9aeb5cfa6d50356235ac20a
dp_best_dp_ddim20_ta08,1,pick_up_the_black_bowl_from_table_center_and_place_it_on_the_plate,18,11018,1,111,14,22d80af3dce5342b66c414ffc4644d6df6b0c067f9aeb5cfa6d50356235ac20a
dp_best_dp_ddim20_ta08,1,pick_up_the_black_bowl_from_table_center_and_place_it_on_the_plate,21,11021,1,102,13,22d80af3dce5342b66c414ffc4644d6df6b0c067f9aeb5cfa6d50356235ac20a
dp_best_dp_ddim20_ta08,1,pick_up_the_black_bowl_from_table_center_and_place_it_on_the_plate,20,11020,1,134,17,22d80af3dce5342b66c414ffc4644d6df6b0c067f9aeb5cfa6d50356235ac20a
dp_best_dp_ddim20_ta08,1,pick_up_the_black_bowl_from_table_center_and_place_it_on_the_plate,22,11022,1,108,14,22d80af3dce5342b66c414ffc4644d6df6b0c067f9aeb5cfa6d50356235ac20a
dp_best_dp_ddim20_ta08,1,pick_up_the_black_bowl_from_table_center_and_place_it_on_the_plate,23,11023,1,107,14,22d80af3dce5342b66c414ffc4644d6df6b0c067f9aeb5cfa6d50356235ac20a
dp_best_dp_ddim20_ta08,1,pick_up_the_black_bowl_from_table_center_and_place_it_on_the_plate,24,11024,1,108,14,22d80af3dce5342b66c414ffc4644d6df6b0c067f9aeb5cfa6d50356235ac20a
dp_best_dp_ddim20_ta08,1,pick_up_the_black_bowl_from_table_center_and_place_it_on_the_plate,25,11025,1,99,13,22d80af3dce5342b66c414ffc4644d6df6b0c067f9aeb5cfa6d50356235ac20a
dp_best_dp_ddim20_ta08,1,pick_up_the_black_bowl_from_table_center_and_place_it_on_the_plate,0,11000,0,600,75,22d80af3dce5342b66c414ffc4644d6df6b0c067f9aeb5cfa6d50356235ac20a
dp_best_dp_ddim20_ta08,1,pick_up_the_black_bowl_from_table_center_and_place_it_on_the_plate,5,11005,0,600,75,22d80af3dce5342b66c414ffc4644d6df6b0c067f9aeb5cfa6d50356235ac20a
dp_best_dp_ddim20_ta08,1,pick_up_the_black_bowl_from_table_center_and_place_it_on_the_plate,7,11007,0,600,75,22d80af3dce5342b66c414ffc4644d6df6b0c067f9aeb5cfa6d50356235ac20a
dp_best_dp_ddim20_ta08,1,pick_up_the_black_bowl_from_table_center_and_place_it_on_the_plate,27,11027,1,116,15,22d80af3dce5342b66c414ffc4644d6df6b0c067f9aeb5cfa6d50356235ac20a
dp_best_dp_ddim20_ta08,1,pick_up_the_black_bowl_from_table_center_and_place_it_on_the_plate,30,11030,1,97,13,22d80af3dce5342b66c414ffc4644d6df6b0c067f9aeb5cfa6d50356235ac20a
dp_best_dp_ddim20_ta08,1,pick_up_the_black_bowl_from_table_center_and_place_it_on_the_plate,31,11031,1,101,13,22d80af3dce5342b66c414ffc4644d6df6b0c067f9aeb5cfa6d50356235ac20a
dp_best_dp_ddim20_ta08,1,pick_up_the_black_bowl_from_table_center_and_place_it_on_the_plate,32,11032,1,158,20,22d80af3dce5342b66c414ffc4644d6df6b0c067f9aeb5cfa6d50356235ac20a
dp_best_dp_ddim20_ta08,1,pick_up_the_black_bowl_from_table_center_and_place_it_on_the_plate,35,11035,1,96,12,22d80af3dce5342b66c414ffc4644d6df6b0c067f9aeb5cfa6d50356235ac20a
dp_best_dp_ddim20_ta08,1,pick_up_the_black_bowl_from_table_center_and_place_it_on_the_plate,34,11034,1,112,14,22d80af3dce5342b66c414ffc4644d6df6b0c067f9aeb5cfa6d50356235ac20a
dp_best_dp_ddim20_ta08,1,pick_up_the_black_bowl_from_table_center_and_place_it_on_the_plate,36,11036,1,107,14,22d80af3dce5342b66c414ffc4644d6df6b0c067f9aeb5cfa6d50356235ac20a
dp_best_dp_ddim20_ta08,1,pick_up_the_black_bowl_from_table_center_and_place_it_on_the_plate,19,11019,0,600,75,22d80af3dce5342b66c414ffc4644d6df6b0c067f9aeb5cfa6d50356235ac20a
dp_best_dp_ddim20_ta08,1,pick_up_the_black_bowl_from_table_center_and_place_it_on_the_plate,37,11037,1,141,18,22d80af3dce5342b66c414ffc4644d6df6b0c067f9aeb5cfa6d50356235ac20a
dp_best_dp_ddim20_ta08,1,pick_up_the_black_bowl_from_table_center_and_place_it_on_the_plate,29,11029,1,388,49,22d80af3dce5342b66c414ffc4644d6df6b0c067f9aeb5cfa6d50356235ac20a
dp_best_dp_ddim20_ta08,1,pick_up_the_black_bowl_from_table_center_and_place_it_on_the_plate,39,11039,1,105,14,22d80af3dce5342b66c414ffc4644d6df6b0c067f9aeb5cfa6d50356235ac20a
dp_best_dp_ddim20_ta08,1,pick_up_the_black_bowl_from_table_center_and_place_it_on_the_plate,42,11042,1,110,14,22d80af3dce5342b66c414ffc4644d6df6b0c067f9aeb5cfa6d50356235ac20a
dp_best_dp_ddim20_ta08,1,pick_up_the_black_bowl_from_table_center_and_place_it_on_the_plate,26,11026,0,600,75,22d80af3dce5342b66c414ffc4644d6df6b0c067f9aeb5cfa6d50356235ac20a
dp_best_dp_ddim20_ta08,1,pick_up_the_black_bowl_from_table_center_and_place_it_on_the_plate,43,11043,1,109,14,22d80af3dce5342b66c414ffc4644d6df6b0c067f9aeb5cfa6d50356235ac20a
dp_best_dp_ddim20_ta08,1,pick_up_the_black_bowl_from_table_center_and_place_it_on_the_plate,28,11028,0,600,75,22d80af3dce5342b66c414ffc4644d6df6b0c067f9aeb5cfa6d50356235ac20a
dp_best_dp_ddim20_ta08,1,pick_up_the_black_bowl_from_table_center_and_place_it_on_the_plate,46,11046,1,113,15,22d80af3dce5342b66c414ffc4644d6df6b0c067f9aeb5cfa6d50356235ac20a
dp_best_dp_ddim20_ta08,1,pick_up_the_black_bowl_from_table_center_and_place_it_on_the_plate,44,11044,1,158,20,22d80af3dce5342b66c414ffc4644d6df6b0c067f9aeb5cfa6d50356235ac20a
dp_best_dp_ddim20_ta08,1,pick_up_the_black_bowl_from_table_center_and_place_it_on_the_plate,33,11033,0,600,75,22d80af3dce5342b66c414ffc4644d6df6b0c067f9aeb5cfa6d50356235ac20a
dp_best_dp_ddim20_ta08,1,pick_up_the_black_bowl_from_table_center_and_place_it_on_the_plate,47,11047,1,113,15,22d80af3dce5342b66c414ffc4644d6df6b0c067f9aeb5cfa6d50356235ac20a
dp_best_dp_ddim20_ta08,1,pick_up_the_black_bowl_from_table_center_and_place_it_on_the_plate,48,11048,1,101,13,22d80af3dce5342b66c414ffc4644d6df6b0c067f9aeb5cfa6d50356235ac20a
dp_best_dp_ddim20_ta08,1,pick_up_the_black_bowl_from_table_center_and_place_it_on_the_plate,49,11049,1,111,14,22d80af3dce5342b66c414ffc4644d6df6b0c067f9aeb5cfa6d50356235ac20a
dp_best_dp_ddim20_ta08,3,pick_up_the_black_bowl_next_to_the_cookie_box_and_place_it_on_the_plate,0,13000,1,116,15,22d80af3dce5342b66c414ffc4644d6df6b0c067f9aeb5cfa6d50356235ac20a
dp_best_dp_ddim20_ta08,3,pick_up_the_black_bowl_next_to_the_cookie_box_and_place_it_on_the_plate,1,13001,1,103,13,22d80af3dce5342b66c414ffc4644d6df6b0c067f9aeb5cfa6d50356235ac20a
dp_best_dp_ddim20_ta08,1,pick_up_the_black_bowl_from_table_center_and_place_it_on_the_plate,38,11038,0,600,75,22d80af3dce5342b66c414ffc4644d6df6b0c067f9aeb5cfa6d50356235ac20a
dp_best_dp_ddim20_ta08,3,pick_up_the_black_bowl_next_to_the_cookie_box_and_place_it_on_the_plate,2,13002,1,112,14,22d80af3dce5342b66c414ffc4644d6df6b0c067f9aeb5cfa6d50356235ac20a
dp_best_dp_ddim20_ta08,1,pick_up_the_black_bowl_from_table_center_and_place_it_on_the_plate,45,11045,1,381,48,22d80af3dce5342b66c414ffc4644d6df6b0c067f9aeb5cfa6d50356235ac20a
dp_best_dp_ddim20_ta08,3,pick_up_the_black_bowl_next_to_the_cookie_box_and_place_it_on_the_plate,3,13003,1,122,16,22d80af3dce5342b66c414ffc4644d6df6b0c067f9aeb5cfa6d50356235ac20a
dp_best_dp_ddim20_ta08,3,pick_up_the_black_bowl_next_to_the_cookie_box_and_place_it_on_the_plate,7,13007,1,95,12,22d80af3dce5342b66c414ffc4644d6df6b0c067f9aeb5cfa6d50356235ac20a
dp_best_dp_ddim20_ta08,3,pick_up_the_black_bowl_next_to_the_cookie_box_and_place_it_on_the_plate,4,13004,1,136,17,22d80af3dce5342b66c414ffc4644d6df6b0c067f9aeb5cfa6d50356235ac20a
dp_best_dp_ddim20_ta08,1,pick_up_the_black_bowl_from_table_center_and_place_it_on_the_plate,40,11040,0,600,75,22d80af3dce5342b66c414ffc4644d6df6b0c067f9aeb5cfa6d50356235ac20a
dp_best_dp_ddim20_ta08,3,pick_up_the_black_bowl_next_to_the_cookie_box_and_place_it_on_the_plate,6,13006,1,120,15,22d80af3dce5342b66c414ffc4644d6df6b0c067f9aeb5cfa6d50356235ac20a
dp_best_dp_ddim20_ta08,1,pick_up_the_black_bowl_from_table_center_and_place_it_on_the_plate,41,11041,0,600,75,22d80af3dce5342b66c414ffc4644d6df6b0c067f9aeb5cfa6d50356235ac20a
dp_best_dp_ddim20_ta08,3,pick_up_the_black_bowl_next_to_the_cookie_box_and_place_it_on_the_plate,5,13005,1,170,22,22d80af3dce5342b66c414ffc4644d6df6b0c067f9aeb5cfa6d50356235ac20a
dp_best_dp_ddim20_ta08,3,pick_up_the_black_bowl_next_to_the_cookie_box_and_place_it_on_the_plate,10,13010,1,113,15,22d80af3dce5342b66c414ffc4644d6df6b0c067f9aeb5cfa6d50356235ac20a
dp_best_dp_ddim20_ta08,3,pick_up_the_black_bowl_next_to_the_cookie_box_and_place_it_on_the_plate,8,13008,1,173,22,22d80af3dce5342b66c414ffc4644d6df6b0c067f9aeb5cfa6d50356235ac20a
dp_best_dp_ddim20_ta08,3,pick_up_the_black_bowl_next_to_the_cookie_box_and_place_it_on_the_plate,11,13011,1,124,16,22d80af3dce5342b66c414ffc4644d6df6b0c067f9aeb5cfa6d50356235ac20a
dp_best_dp_ddim20_ta08,3,pick_up_the_black_bowl_next_to_the_cookie_box_and_place_it_on_the_plate,13,13013,1,110,14,22d80af3dce5342b66c414ffc4644d6df6b0c067f9aeb5cfa6d50356235ac20a
dp_best_dp_ddim20_ta08,3,pick_up_the_black_bowl_next_to_the_cookie_box_and_place_it_on_the_plate,14,13014,1,128,16,22d80af3dce5342b66c414ffc4644d6df6b0c067f9aeb5cfa6d50356235ac20a
dp_best_dp_ddim20_ta08,3,pick_up_the_black_bowl_next_to_the_cookie_box_and_place_it_on_the_plate,15,13015,1,124,16,22d80af3dce5342b66c414ffc4644d6df6b0c067f9aeb5cfa6d50356235ac20a
dp_best_dp_ddim20_ta08,3,pick_up_the_black_bowl_next_to_the_cookie_box_and_place_it_on_the_plate,12,13012,1,147,19,22d80af3dce5342b66c414ffc4644d6df6b0c067f9aeb5cfa6d50356235ac20a
dp_best_dp_ddim20_ta08,3,pick_up_the_black_bowl_next_to_the_cookie_box_and_place_it_on_the_plate,17,13017,1,103,13,22d80af3dce5342b66c414ffc4644d6df6b0c067f9aeb5cfa6d50356235ac20a
dp_best_dp_ddim20_ta08,3,pick_up_the_black_bowl_next_to_the_cookie_box_and_place_it_on_the_plate,18,13018,1,117,15,22d80af3dce5342b66c414ffc4644d6df6b0c067f9aeb5cfa6d50356235ac20a
dp_best_dp_ddim20_ta08,3,pick_up_the_black_bowl_next_to_the_cookie_box_and_place_it_on_the_plate,16,13016,1,132,17,22d80af3dce5342b66c414ffc4644d6df6b0c067f9aeb5cfa6d50356235ac20a
dp_best_dp_ddim20_ta08,3,pick_up_the_black_bowl_next_to_the_cookie_box_and_place_it_on_the_plate,19,13019,1,117,15,22d80af3dce5342b66c414ffc4644d6df6b0c067f9aeb5cfa6d50356235ac20a
dp_best_dp_ddim20_ta08,3,pick_up_the_black_bowl_next_to_the_cookie_box_and_place_it_on_the_plate,22,13022,1,120,15,22d80af3dce5342b66c414ffc4644d6df6b0c067f9aeb5cfa6d50356235ac20a
dp_best_dp_ddim20_ta08,3,pick_up_the_black_bowl_next_to_the_cookie_box_and_place_it_on_the_plate,23,13023,1,112,14,22d80af3dce5342b66c414ffc4644d6df6b0c067f9aeb5cfa6d50356235ac20a
dp_best_dp_ddim20_ta08,3,pick_up_the_black_bowl_next_to_the_cookie_box_and_place_it_on_the_plate,25,13025,1,111,14,22d80af3dce5342b66c414ffc4644d6df6b0c067f9aeb5cfa6d50356235ac20a
dp_best_dp_ddim20_ta08,3,pick_up_the_black_bowl_next_to_the_cookie_box_and_place_it_on_the_plate,26,13026,1,116,15,22d80af3dce5342b66c414ffc4644d6df6b0c067f9aeb5cfa6d50356235ac20a
dp_best_dp_ddim20_ta08,3,pick_up_the_black_bowl_next_to_the_cookie_box_and_place_it_on_the_plate,27,13027,1,103,13,22d80af3dce5342b66c414ffc4644d6df6b0c067f9aeb5cfa6d50356235ac20a
dp_best_dp_ddim20_ta08,3,pick_up_the_black_bowl_next_to_the_cookie_box_and_place_it_on_the_plate,28,13028,1,106,14,22d80af3dce5342b66c414ffc4644d6df6b0c067f9aeb5cfa6d50356235ac20a
dp_best_dp_ddim20_ta08,3,pick_up_the_black_bowl_next_to_the_cookie_box_and_place_it_on_the_plate,30,13030,1,105,14,22d80af3dce5342b66c414ffc4644d6df6b0c067f9aeb5cfa6d50356235ac20a
dp_best_dp_ddim20_ta08,3,pick_up_the_black_bowl_next_to_the_cookie_box_and_place_it_on_the_plate,29,13029,1,129,17,22d80af3dce5342b66c414ffc4644d6df6b0c067f9aeb5cfa6d50356235ac20a
dp_best_dp_ddim20_ta08,3,pick_up_the_black_bowl_next_to_the_cookie_box_and_place_it_on_the_plate,31,13031,1,120,15,22d80af3dce5342b66c414ffc4644d6df6b0c067f9aeb5cfa6d50356235ac20a
dp_best_dp_ddim20_ta08,3,pick_up_the_black_bowl_next_to_the_cookie_box_and_place_it_on_the_plate,9,13009,0,600,75,22d80af3dce5342b66c414ffc4644d6df6b0c067f9aeb5cfa6d50356235ac20a
dp_best_dp_ddim20_ta08,3,pick_up_the_black_bowl_next_to_the_cookie_box_and_place_it_on_the_plate,32,13032,1,130,17,22d80af3dce5342b66c414ffc4644d6df6b0c067f9aeb5cfa6d50356235ac20a
dp_best_dp_ddim20_ta08,3,pick_up_the_black_bowl_next_to_the_cookie_box_and_place_it_on_the_plate,33,13033,1,127,16,22d80af3dce5342b66c414ffc4644d6df6b0c067f9aeb5cfa6d50356235ac20a
dp_best_dp_ddim20_ta08,3,pick_up_the_black_bowl_next_to_the_cookie_box_and_place_it_on_the_plate,34,13034,1,126,16,22d80af3dce5342b66c414ffc4644d6df6b0c067f9aeb5cfa6d50356235ac20a
dp_best_dp_ddim20_ta08,3,pick_up_the_black_bowl_next_to_the_cookie_box_and_place_it_on_the_plate,35,13035,1,105,14,22d80af3dce5342b66c414ffc4644d6df6b0c067f9aeb5cfa6d50356235ac20a
dp_best_dp_ddim20_ta08,3,pick_up_the_black_bowl_next_to_the_cookie_box_and_place_it_on_the_plate,36,13036,1,106,14,22d80af3dce5342b66c414ffc4644d6df6b0c067f9aeb5cfa6d50356235ac20a
dp_best_dp_ddim20_ta08,3,pick_up_the_black_bowl_next_to_the_cookie_box_and_place_it_on_the_plate,37,13037,1,129,17,22d80af3dce5342b66c414ffc4644d6df6b0c067f9aeb5cfa6d50356235ac20a
dp_best_dp_ddim20_ta08,3,pick_up_the_black_bowl_next_to_the_cookie_box_and_place_it_on_the_plate,38,13038,1,109,14,22d80af3dce5342b66c414ffc4644d6df6b0c067f9aeb5cfa6d50356235ac20a
dp_best_dp_ddim20_ta08,3,pick_up_the_black_bowl_next_to_the_cookie_box_and_place_it_on_the_plate,39,13039,1,111,14,22d80af3dce5342b66c414ffc4644d6df6b0c067f9aeb5cfa6d50356235ac20a
dp_best_dp_ddim20_ta08,3,pick_up_the_black_bowl_next_to_the_cookie_box_and_place_it_on_the_plate,40,13040,1,108,14,22d80af3dce5342b66c414ffc4644d6df6b0c067f9aeb5cfa6d50356235ac20a
dp_best_dp_ddim20_ta08,3,pick_up_the_black_bowl_next_to_the_cookie_box_and_place_it_on_the_plate,20,13020,0,600,75,22d80af3dce5342b66c414ffc4644d6df6b0c067f9aeb5cfa6d50356235ac20a
dp_best_dp_ddim20_ta08,3,pick_up_the_black_bowl_next_to_the_cookie_box_and_place_it_on_the_plate,21,13021,0,600,75,22d80af3dce5342b66c414ffc4644d6df6b0c067f9aeb5cfa6d50356235ac20a
dp_best_dp_ddim20_ta08,3,pick_up_the_black_bowl_next_to_the_cookie_box_and_place_it_on_the_plate,41,13041,1,130,17,22d80af3dce5342b66c414ffc4644d6df6b0c067f9aeb5cfa6d50356235ac20a
dp_best_dp_ddim20_ta08,3,pick_up_the_black_bowl_next_to_the_cookie_box_and_place_it_on_the_plate,42,13042,1,105,14,22d80af3dce5342b66c414ffc4644d6df6b0c067f9aeb5cfa6d50356235ac20a
dp_best_dp_ddim20_ta08,3,pick_up_the_black_bowl_next_to_the_cookie_box_and_place_it_on_the_plate,43,13043,1,119,15,22d80af3dce5342b66c414ffc4644d6df6b0c067f9aeb5cfa6d50356235ac20a
dp_best_dp_ddim20_ta08,3,pick_up_the_black_bowl_next_to_the_cookie_box_and_place_it_on_the_plate,44,13044,1,113,15,22d80af3dce5342b66c414ffc4644d6df6b0c067f9aeb5cfa6d50356235ac20a
dp_best_dp_ddim20_ta08,3,pick_up_the_black_bowl_next_to_the_cookie_box_and_place_it_on_the_plate,45,13045,1,112,14,22d80af3dce5342b66c414ffc4644d6df6b0c067f9aeb5cfa6d50356235ac20a
dp_best_dp_ddim20_ta08,3,pick_up_the_black_bowl_next_to_the_cookie_box_and_place_it_on_the_plate,24,13024,0,600,75,22d80af3dce5342b66c414ffc4644d6df6b0c067f9aeb5cfa6d50356235ac20a
dp_best_dp_ddim20_ta08,3,pick_up_the_black_bowl_next_to_the_cookie_box_and_place_it_on_the_plate,47,13047,1,117,15,22d80af3dce5342b66c414ffc4644d6df6b0c067f9aeb5cfa6d50356235ac20a
dp_best_dp_ddim20_ta08,3,pick_up_the_black_bowl_next_to_the_cookie_box_and_place_it_on_the_plate,46,13046,1,134,17,22d80af3dce5342b66c414ffc4644d6df6b0c067f9aeb5cfa6d50356235ac20a
dp_best_dp_ddim20_ta08,3,pick_up_the_black_bowl_next_to_the_cookie_box_and_place_it_on_the_plate,48,13048,1,123,16,22d80af3dce5342b66c414ffc4644d6df6b0c067f9aeb5cfa6d50356235ac20a
dp_best_dp_ddim20_ta08,3,pick_up_the_black_bowl_next_to_the_cookie_box_and_place_it_on_the_plate,49,13049,1,122,16,22d80af3dce5342b66c414ffc4644d6df6b0c067f9aeb5cfa6d50356235ac20a
dp_best_dp_ddim20_ta08,5,pick_up_the_black_bowl_next_to_the_ramekin_and_place_it_on_the_plate,2,15002,1,114,15,22d80af3dce5342b66c414ffc4644d6df6b0c067f9aeb5cfa6d50356235ac20a
dp_best_dp_ddim20_ta08,5,pick_up_the_black_bowl_next_to_the_ramekin_and_place_it_on_the_plate,1,15001,1,117,15,22d80af3dce5342b66c414ffc4644d6df6b0c067f9aeb5cfa6d50356235ac20a
dp_best_dp_ddim20_ta08,5,pick_up_the_black_bowl_next_to_the_ramekin_and_place_it_on_the_plate,3,15003,1,126,16,22d80af3dce5342b66c414ffc4644d6df6b0c067f9aeb5cfa6d50356235ac20a
dp_best_dp_ddim20_ta08,5,pick_up_the_black_bowl_next_to_the_ramekin_and_place_it_on_the_plate,0,15000,1,170,22,22d80af3dce5342b66c414ffc4644d6df6b0c067f9aeb5cfa6d50356235ac20a
dp_best_dp_ddim20_ta08,5,pick_up_the_black_bowl_next_to_the_ramekin_and_place_it_on_the_plate,4,15004,1,138,18,22d80af3dce5342b66c414ffc4644d6df6b0c067f9aeb5cfa6d50356235ac20a
dp_best_dp_ddim20_ta08,5,pick_up_the_black_bowl_next_to_the_ramekin_and_place_it_on_the_plate,7,15007,1,118,15,22d80af3dce5342b66c414ffc4644d6df6b0c067f9aeb5cfa6d50356235ac20a
dp_best_dp_ddim20_ta08,5,pick_up_the_black_bowl_next_to_the_ramekin_and_place_it_on_the_plate,8,15008,1,122,16,22d80af3dce5342b66c414ffc4644d6df6b0c067f9aeb5cfa6d50356235ac20a
dp_best_dp_ddim20_ta08,5,pick_up_the_black_bowl_next_to_the_ramekin_and_place_it_on_the_plate,9,15009,1,138,18,22d80af3dce5342b66c414ffc4644d6df6b0c067f9aeb5cfa6d50356235ac20a
dp_best_dp_ddim20_ta08,5,pick_up_the_black_bowl_next_to_the_ramekin_and_place_it_on_the_plate,10,15010,1,144,18,22d80af3dce5342b66c414ffc4644d6df6b0c067f9aeb5cfa6d50356235ac20a
dp_best_dp_ddim20_ta08,5,pick_up_the_black_bowl_next_to_the_ramekin_and_place_it_on_the_plate,13,15013,1,104,13,22d80af3dce5342b66c414ffc4644d6df6b0c067f9aeb5cfa6d50356235ac20a
dp_best_dp_ddim20_ta08,5,pick_up_the_black_bowl_next_to_the_ramekin_and_place_it_on_the_plate,12,15012,1,158,20,22d80af3dce5342b66c414ffc4644d6df6b0c067f9aeb5cfa6d50356235ac20a
dp_best_dp_ddim20_ta08,5,pick_up_the_black_bowl_next_to_the_ramekin_and_place_it_on_the_plate,16,15016,1,103,13,22d80af3dce5342b66c414ffc4644d6df6b0c067f9aeb5cfa6d50356235ac20a
dp_best_dp_ddim20_ta08,5,pick_up_the_black_bowl_next_to_the_ramekin_and_place_it_on_the_plate,14,15014,1,173,22,22d80af3dce5342b66c414ffc4644d6df6b0c067f9aeb5cfa6d50356235ac20a
dp_best_dp_ddim20_ta08,5,pick_up_the_black_bowl_next_to_the_ramekin_and_place_it_on_the_plate,19,15019,1,122,16,22d80af3dce5342b66c414ffc4644d6df6b0c067f9aeb5cfa6d50356235ac20a
dp_best_dp_ddim20_ta08,5,pick_up_the_black_bowl_next_to_the_ramekin_and_place_it_on_the_plate,20,15020,1,116,15,22d80af3dce5342b66c414ffc4644d6df6b0c067f9aeb5cfa6d50356235ac20a
dp_best_dp_ddim20_ta08,5,pick_up_the_black_bowl_next_to_the_ramekin_and_place_it_on_the_plate,17,15017,1,268,34,22d80af3dce5342b66c414ffc4644d6df6b0c067f9aeb5cfa6d50356235ac20a
dp_best_dp_ddim20_ta08,5,pick_up_the_black_bowl_next_to_the_ramekin_and_place_it_on_the_plate,22,15022,1,116,15,22d80af3dce5342b66c414ffc4644d6df6b0c067f9aeb5cfa6d50356235ac20a
dp_best_dp_ddim20_ta08,5,pick_up_the_black_bowl_next_to_the_ramekin_and_place_it_on_the_plate,5,15005,0,600,75,22d80af3dce5342b66c414ffc4644d6df6b0c067f9aeb5cfa6d50356235ac20a
dp_best_dp_ddim20_ta08,5,pick_up_the_black_bowl_next_to_the_ramekin_and_place_it_on_the_plate,21,15021,1,171,22,22d80af3dce5342b66c414ffc4644d6df6b0c067f9aeb5cfa6d50356235ac20a
dp_best_dp_ddim20_ta08,5,pick_up_the_black_bowl_next_to_the_ramekin_and_place_it_on_the_plate,6,15006,0,600,75,22d80af3dce5342b66c414ffc4644d6df6b0c067f9aeb5cfa6d50356235ac20a
dp_best_dp_ddim20_ta08,5,pick_up_the_black_bowl_next_to_the_ramekin_and_place_it_on_the_plate,23,15023,1,129,17,22d80af3dce5342b66c414ffc4644d6df6b0c067f9aeb5cfa6d50356235ac20a
dp_best_dp_ddim20_ta08,5,pick_up_the_black_bowl_next_to_the_ramekin_and_place_it_on_the_plate,11,15011,0,600,75,22d80af3dce5342b66c414ffc4644d6df6b0c067f9aeb5cfa6d50356235ac20a
dp_best_dp_ddim20_ta08,5,pick_up_the_black_bowl_next_to_the_ramekin_and_place_it_on_the_plate,27,15027,1,106,14,22d80af3dce5342b66c414ffc4644d6df6b0c067f9aeb5cfa6d50356235ac20a
dp_best_dp_ddim20_ta08,5,pick_up_the_black_bowl_next_to_the_ramekin_and_place_it_on_the_plate,28,15028,1,113,15,22d80af3dce5342b66c414ffc4644d6df6b0c067f9aeb5cfa6d50356235ac20a
dp_best_dp_ddim20_ta08,5,pick_up_the_black_bowl_next_to_the_ramekin_and_place_it_on_the_plate,26,15026,1,161,21,22d80af3dce5342b66c414ffc4644d6df6b0c067f9aeb5cfa6d50356235ac20a
dp_best_dp_ddim20_ta08,5,pick_up_the_black_bowl_next_to_the_ramekin_and_place_it_on_the_plate,15,15015,0,600,75,22d80af3dce5342b66c414ffc4644d6df6b0c067f9aeb5cfa6d50356235ac20a
dp_best_dp_ddim20_ta08,5,pick_up_the_black_bowl_next_to_the_ramekin_and_place_it_on_the_plate,24,15024,1,212,27,22d80af3dce5342b66c414ffc4644d6df6b0c067f9aeb5cfa6d50356235ac20a
dp_best_dp_ddim20_ta08,5,pick_up_the_black_bowl_next_to_the_ramekin_and_place_it_on_the_plate,29,15029,1,129,17,22d80af3dce5342b66c414ffc4644d6df6b0c067f9aeb5cfa6d50356235ac20a
dp_best_dp_ddim20_ta08,5,pick_up_the_black_bowl_next_to_the_ramekin_and_place_it_on_the_plate,30,15030,1,119,15,22d80af3dce5342b66c414ffc4644d6df6b0c067f9aeb5cfa6d50356235ac20a
dp_best_dp_ddim20_ta08,5,pick_up_the_black_bowl_next_to_the_ramekin_and_place_it_on_the_plate,18,15018,0,600,75,22d80af3dce5342b66c414ffc4644d6df6b0c067f9aeb5cfa6d50356235ac20a
dp_best_dp_ddim20_ta08,5,pick_up_the_black_bowl_next_to_the_ramekin_and_place_it_on_the_plate,32,15032,1,125,16,22d80af3dce5342b66c414ffc4644d6df6b0c067f9aeb5cfa6d50356235ac20a
dp_best_dp_ddim20_ta08,5,pick_up_the_black_bowl_next_to_the_ramekin_and_place_it_on_the_plate,31,15031,1,137,18,22d80af3dce5342b66c414ffc4644d6df6b0c067f9aeb5cfa6d50356235ac20a
dp_best_dp_ddim20_ta08,5,pick_up_the_black_bowl_next_to_the_ramekin_and_place_it_on_the_plate,33,15033,1,123,16,22d80af3dce5342b66c414ffc4644d6df6b0c067f9aeb5cfa6d50356235ac20a
dp_best_dp_ddim20_ta08,5,pick_up_the_black_bowl_next_to_the_ramekin_and_place_it_on_the_plate,34,15034,1,124,16,22d80af3dce5342b66c414ffc4644d6df6b0c067f9aeb5cfa6d50356235ac20a
dp_best_dp_ddim20_ta08,5,pick_up_the_black_bowl_next_to_the_ramekin_and_place_it_on_the_plate,35,15035,1,116,15,22d80af3dce5342b66c414ffc4644d6df6b0c067f9aeb5cfa6d50356235ac20a
dp_best_dp_ddim20_ta08,5,pick_up_the_black_bowl_next_to_the_ramekin_and_place_it_on_the_plate,36,15036,1,115,15,22d80af3dce5342b66c414ffc4644d6df6b0c067f9aeb5cfa6d50356235ac20a
dp_best_dp_ddim20_ta08,5,pick_up_the_black_bowl_next_to_the_ramekin_and_place_it_on_the_plate,37,15037,1,120,15,22d80af3dce5342b66c414ffc4644d6df6b0c067f9aeb5cfa6d50356235ac20a
dp_best_dp_ddim20_ta08,5,pick_up_the_black_bowl_next_to_the_ramekin_and_place_it_on_the_plate,41,15041,1,110,14,22d80af3dce5342b66c414ffc4644d6df6b0c067f9aeb5cfa6d50356235ac20a
dp_best_dp_ddim20_ta08,5,pick_up_the_black_bowl_next_to_the_ramekin_and_place_it_on_the_plate,39,15039,1,131,17,22d80af3dce5342b66c414ffc4644d6df6b0c067f9aeb5cfa6d50356235ac20a
dp_best_dp_ddim20_ta08,5,pick_up_the_black_bowl_next_to_the_ramekin_and_place_it_on_the_plate,40,15040,1,137,18,22d80af3dce5342b66c414ffc4644d6df6b0c067f9aeb5cfa6d50356235ac20a
dp_best_dp_ddim20_ta08,5,pick_up_the_black_bowl_next_to_the_ramekin_and_place_it_on_the_plate,43,15043,1,138,18,22d80af3dce5342b66c414ffc4644d6df6b0c067f9aeb5cfa6d50356235ac20a
dp_best_dp_ddim20_ta08,5,pick_up_the_black_bowl_next_to_the_ramekin_and_place_it_on_the_plate,44,15044,1,124,16,22d80af3dce5342b66c414ffc4644d6df6b0c067f9aeb5cfa6d50356235ac20a
dp_best_dp_ddim20_ta08,5,pick_up_the_black_bowl_next_to_the_ramekin_and_place_it_on_the_plate,42,15042,1,196,25,22d80af3dce5342b66c414ffc4644d6df6b0c067f9aeb5cfa6d50356235ac20a
dp_best_dp_ddim20_ta08,5,pick_up_the_black_bowl_next_to_the_ramekin_and_place_it_on_the_plate,46,15046,1,106,14,22d80af3dce5342b66c414ffc4644d6df6b0c067f9aeb5cfa6d50356235ac20a
dp_best_dp_ddim20_ta08,5,pick_up_the_black_bowl_next_to_the_ramekin_and_place_it_on_the_plate,25,15025,0,600,75,22d80af3dce5342b66c414ffc4644d6df6b0c067f9aeb5cfa6d50356235ac20a
dp_best_dp_ddim20_ta08,5,pick_up_the_black_bowl_next_to_the_ramekin_and_place_it_on_the_plate,47,15047,1,180,23,22d80af3dce5342b66c414ffc4644d6df6b0c067f9aeb5cfa6d50356235ac20a
dp_best_dp_ddim20_ta08,5,pick_up_the_black_bowl_next_to_the_ramekin_and_place_it_on_the_plate,49,15049,1,127,16,22d80af3dce5342b66c414ffc4644d6df6b0c067f9aeb5cfa6d50356235ac20a
dp_best_dp_ddim20_ta08,7,pick_up_the_black_bowl_on_the_ramekin_and_place_it_on_the_plate,1,17001,1,235,30,22d80af3dce5342b66c414ffc4644d6df6b0c067f9aeb5cfa6d50356235ac20a
dp_best_dp_ddim20_ta08,7,pick_up_the_black_bowl_on_the_ramekin_and_place_it_on_the_plate,4,17004,1,150,19,22d80af3dce5342b66c414ffc4644d6df6b0c067f9aeb5cfa6d50356235ac20a
dp_best_dp_ddim20_ta08,5,pick_up_the_black_bowl_next_to_the_ramekin_and_place_it_on_the_plate,38,15038,0,600,75,22d80af3dce5342b66c414ffc4644d6df6b0c067f9aeb5cfa6d50356235ac20a
dp_best_dp_ddim20_ta08,7,pick_up_the_black_bowl_on_the_ramekin_and_place_it_on_the_plate,7,17007,1,119,15,22d80af3dce5342b66c414ffc4644d6df6b0c067f9aeb5cfa6d50356235ac20a
dp_best_dp_ddim20_ta08,5,pick_up_the_black_bowl_next_to_the_ramekin_and_place_it_on_the_plate,45,15045,0,600,75,22d80af3dce5342b66c414ffc4644d6df6b0c067f9aeb5cfa6d50356235ac20a
dp_best_dp_ddim20_ta08,5,pick_up_the_black_bowl_next_to_the_ramekin_and_place_it_on_the_plate,48,15048,0,600,75,22d80af3dce5342b66c414ffc4644d6df6b0c067f9aeb5cfa6d50356235ac20a
dp_best_dp_ddim20_ta08,7,pick_up_the_black_bowl_on_the_ramekin_and_place_it_on_the_plate,0,17000,0,600,75,22d80af3dce5342b66c414ffc4644d6df6b0c067f9aeb5cfa6d50356235ac20a
dp_best_dp_ddim20_ta08,7,pick_up_the_black_bowl_on_the_ramekin_and_place_it_on_the_plate,2,17002,0,600,75,22d80af3dce5342b66c414ffc4644d6df6b0c067f9aeb5cfa6d50356235ac20a
dp_best_dp_ddim20_ta08,7,pick_up_the_black_bowl_on_the_ramekin_and_place_it_on_the_plate,3,17003,0,600,75,22d80af3dce5342b66c414ffc4644d6df6b0c067f9aeb5cfa6d50356235ac20a
dp_best_dp_ddim20_ta08,7,pick_up_the_black_bowl_on_the_ramekin_and_place_it_on_the_plate,12,17012,1,94,12,22d80af3dce5342b66c414ffc4644d6df6b0c067f9aeb5cfa6d50356235ac20a
dp_best_dp_ddim20_ta08,7,pick_up_the_black_bowl_on_the_ramekin_and_place_it_on_the_plate,5,17005,0,600,75,22d80af3dce5342b66c414ffc4644d6df6b0c067f9aeb5cfa6d50356235ac20a
dp_best_dp_ddim20_ta08,7,pick_up_the_black_bowl_on_the_ramekin_and_place_it_on_the_plate,6,17006,0,600,75,22d80af3dce5342b66c414ffc4644d6df6b0c067f9aeb5cfa6d50356235ac20a
dp_best_dp_ddim20_ta08,7,pick_up_the_black_bowl_on_the_ramekin_and_place_it_on_the_plate,8,17008,0,600,75,22d80af3dce5342b66c414ffc4644d6df6b0c067f9aeb5cfa6d50356235ac20a
dp_best_dp_ddim20_ta08,7,pick_up_the_black_bowl_on_the_ramekin_and_place_it_on_the_plate,9,17009,0,600,75,22d80af3dce5342b66c414ffc4644d6df6b0c067f9aeb5cfa6d50356235ac20a
dp_best_dp_ddim20_ta08,7,pick_up_the_black_bowl_on_the_ramekin_and_place_it_on_the_plate,10,17010,0,600,75,22d80af3dce5342b66c414ffc4644d6df6b0c067f9aeb5cfa6d50356235ac20a
dp_best_dp_ddim20_ta08,7,pick_up_the_black_bowl_on_the_ramekin_and_place_it_on_the_plate,11,17011,0,600,75,22d80af3dce5342b66c414ffc4644d6df6b0c067f9aeb5cfa6d50356235ac20a
dp_best_dp_ddim20_ta08,7,pick_up_the_black_bowl_on_the_ramekin_and_place_it_on_the_plate,13,17013,0,600,75,22d80af3dce5342b66c414ffc4644d6df6b0c067f9aeb5cfa6d50356235ac20a
dp_best_dp_ddim20_ta08,7,pick_up_the_black_bowl_on_the_ramekin_and_place_it_on_the_plate,14,17014,0,600,75,22d80af3dce5342b66c414ffc4644d6df6b0c067f9aeb5cfa6d50356235ac20a
dp_best_dp_ddim20_ta08,7,pick_up_the_black_bowl_on_the_ramekin_and_place_it_on_the_plate,15,17015,0,600,75,22d80af3dce5342b66c414ffc4644d6df6b0c067f9aeb5cfa6d50356235ac20a
dp_best_dp_ddim20_ta08,7,pick_up_the_black_bowl_on_the_ramekin_and_place_it_on_the_plate,16,17016,0,600,75,22d80af3dce5342b66c414ffc4644d6df6b0c067f9aeb5cfa6d50356235ac20a
dp_best_dp_ddim20_ta08,7,pick_up_the_black_bowl_on_the_ramekin_and_place_it_on_the_plate,17,17017,0,600,75,22d80af3dce5342b66c414ffc4644d6df6b0c067f9aeb5cfa6d50356235ac20a
dp_best_dp_ddim20_ta08,7,pick_up_the_black_bowl_on_the_ramekin_and_place_it_on_the_plate,18,17018,0,600,75,22d80af3dce5342b66c414ffc4644d6df6b0c067f9aeb5cfa6d50356235ac20a
dp_best_dp_ddim20_ta08,7,pick_up_the_black_bowl_on_the_ramekin_and_place_it_on_the_plate,19,17019,0,600,75,22d80af3dce5342b66c414ffc4644d6df6b0c067f9aeb5cfa6d50356235ac20a
dp_best_dp_ddim20_ta08,7,pick_up_the_black_bowl_on_the_ramekin_and_place_it_on_the_plate,20,17020,0,600,75,22d80af3dce5342b66c414ffc4644d6df6b0c067f9aeb5cfa6d50356235ac20a
dp_best_dp_ddim20_ta08,7,pick_up_the_black_bowl_on_the_ramekin_and_place_it_on_the_plate,21,17021,0,600,75,22d80af3dce5342b66c414ffc4644d6df6b0c067f9aeb5cfa6d50356235ac20a
dp_best_dp_ddim20_ta08,7,pick_up_the_black_bowl_on_the_ramekin_and_place_it_on_the_plate,22,17022,0,600,75,22d80af3dce5342b66c414ffc4644d6df6b0c067f9aeb5cfa6d50356235ac20a
dp_best_dp_ddim20_ta08,7,pick_up_the_black_bowl_on_the_ramekin_and_place_it_on_the_plate,23,17023,0,600,75,22d80af3dce5342b66c414ffc4644d6df6b0c067f9aeb5cfa6d50356235ac20a
dp_best_dp_ddim20_ta08,7,pick_up_the_black_bowl_on_the_ramekin_and_place_it_on_the_plate,24,17024,0,600,75,22d80af3dce5342b66c414ffc4644d6df6b0c067f9aeb5cfa6d50356235ac20a
dp_best_dp_ddim20_ta08,7,pick_up_the_black_bowl_on_the_ramekin_and_place_it_on_the_plate,25,17025,0,600,75,22d80af3dce5342b66c414ffc4644d6df6b0c067f9aeb5cfa6d50356235ac20a
dp_best_dp_ddim20_ta08,7,pick_up_the_black_bowl_on_the_ramekin_and_place_it_on_the_plate,26,17026,0,600,75,22d80af3dce5342b66c414ffc4644d6df6b0c067f9aeb5cfa6d50356235ac20a
dp_best_dp_ddim20_ta08,7,pick_up_the_black_bowl_on_the_ramekin_and_place_it_on_the_plate,27,17027,0,600,75,22d80af3dce5342b66c414ffc4644d6df6b0c067f9aeb5cfa6d50356235ac20a
dp_best_dp_ddim20_ta08,7,pick_up_the_black_bowl_on_the_ramekin_and_place_it_on_the_plate,28,17028,0,600,75,22d80af3dce5342b66c414ffc4644d6df6b0c067f9aeb5cfa6d50356235ac20a
dp_best_dp_ddim20_ta08,7,pick_up_the_black_bowl_on_the_ramekin_and_place_it_on_the_plate,29,17029,0,600,75,22d80af3dce5342b66c414ffc4644d6df6b0c067f9aeb5cfa6d50356235ac20a
dp_best_dp_ddim20_ta08,7,pick_up_the_black_bowl_on_the_ramekin_and_place_it_on_the_plate,30,17030,0,600,75,22d80af3dce5342b66c414ffc4644d6df6b0c067f9aeb5cfa6d50356235ac20a
dp_best_dp_ddim20_ta08,7,pick_up_the_black_bowl_on_the_ramekin_and_place_it_on_the_plate,31,17031,0,600,75,22d80af3dce5342b66c414ffc4644d6df6b0c067f9aeb5cfa6d50356235ac20a
dp_best_dp_ddim20_ta08,7,pick_up_the_black_bowl_on_the_ramekin_and_place_it_on_the_plate,32,17032,0,600,75,22d80af3dce5342b66c414ffc4644d6df6b0c067f9aeb5cfa6d50356235ac20a
dp_best_dp_ddim20_ta08,7,pick_up_the_black_bowl_on_the_ramekin_and_place_it_on_the_plate,33,17033,0,600,75,22d80af3dce5342b66c414ffc4644d6df6b0c067f9aeb5cfa6d50356235ac20a
dp_best_dp_ddim20_ta08,7,pick_up_the_black_bowl_on_the_ramekin_and_place_it_on_the_plate,34,17034,0,600,75,22d80af3dce5342b66c414ffc4644d6df6b0c067f9aeb5cfa6d50356235ac20a
dp_best_dp_ddim20_ta08,7,pick_up_the_black_bowl_on_the_ramekin_and_place_it_on_the_plate,35,17035,0,600,75,22d80af3dce5342b66c414ffc4644d6df6b0c067f9aeb5cfa6d50356235ac20a
dp_best_dp_ddim20_ta08,7,pick_up_the_black_bowl_on_the_ramekin_and_place_it_on_the_plate,36,17036,0,600,75,22d80af3dce5342b66c414ffc4644d6df6b0c067f9aeb5cfa6d50356235ac20a
dp_best_dp_ddim20_ta08,7,pick_up_the_black_bowl_on_the_ramekin_and_place_it_on_the_plate,37,17037,0,600,75,22d80af3dce5342b66c414ffc4644d6df6b0c067f9aeb5cfa6d50356235ac20a
dp_best_dp_ddim20_ta08,7,pick_up_the_black_bowl_on_the_ramekin_and_place_it_on_the_plate,38,17038,0,600,75,22d80af3dce5342b66c414ffc4644d6df6b0c067f9aeb5cfa6d50356235ac20a
dp_best_dp_ddim20_ta08,7,pick_up_the_black_bowl_on_the_ramekin_and_place_it_on_the_plate,39,17039,0,600,75,22d80af3dce5342b66c414ffc4644d6df6b0c067f9aeb5cfa6d50356235ac20a
dp_best_dp_ddim20_ta08,7,pick_up_the_black_bowl_on_the_ramekin_and_place_it_on_the_plate,40,17040,0,600,75,22d80af3dce5342b66c414ffc4644d6df6b0c067f9aeb5cfa6d50356235ac20a
dp_best_dp_ddim20_ta08,7,pick_up_the_black_bowl_on_the_ramekin_and_place_it_on_the_plate,41,17041,0,600,75,22d80af3dce5342b66c414ffc4644d6df6b0c067f9aeb5cfa6d50356235ac20a
dp_best_dp_ddim20_ta08,7,pick_up_the_black_bowl_on_the_ramekin_and_place_it_on_the_plate,42,17042,0,600,75,22d80af3dce5342b66c414ffc4644d6df6b0c067f9aeb5cfa6d50356235ac20a
dp_best_dp_ddim20_ta08,7,pick_up_the_black_bowl_on_the_ramekin_and_place_it_on_the_plate,43,17043,0,600,75,22d80af3dce5342b66c414ffc4644d6df6b0c067f9aeb5cfa6d50356235ac20a
dp_best_dp_ddim20_ta08,7,pick_up_the_black_bowl_on_the_ramekin_and_place_it_on_the_plate,44,17044,0,600,75,22d80af3dce5342b66c414ffc4644d6df6b0c067f9aeb5cfa6d50356235ac20a
dp_best_dp_ddim20_ta08,9,pick_up_the_black_bowl_on_the_wooden_cabinet_and_place_it_on_the_plate,0,19000,1,198,25,22d80af3dce5342b66c414ffc4644d6df6b0c067f9aeb5cfa6d50356235ac20a
dp_best_dp_ddim20_ta08,7,pick_up_the_black_bowl_on_the_ramekin_and_place_it_on_the_plate,45,17045,0,600,75,22d80af3dce5342b66c414ffc4644d6df6b0c067f9aeb5cfa6d50356235ac20a
dp_best_dp_ddim20_ta08,7,pick_up_the_black_bowl_on_the_ramekin_and_place_it_on_the_plate,46,17046,0,600,75,22d80af3dce5342b66c414ffc4644d6df6b0c067f9aeb5cfa6d50356235ac20a
dp_best_dp_ddim20_ta08,9,pick_up_the_black_bowl_on_the_wooden_cabinet_and_place_it_on_the_plate,3,19003,1,128,16,22d80af3dce5342b66c414ffc4644d6df6b0c067f9aeb5cfa6d50356235ac20a
dp_best_dp_ddim20_ta08,7,pick_up_the_black_bowl_on_the_ramekin_and_place_it_on_the_plate,47,17047,0,600,75,22d80af3dce5342b66c414ffc4644d6df6b0c067f9aeb5cfa6d50356235ac20a
dp_best_dp_ddim20_ta08,9,pick_up_the_black_bowl_on_the_wooden_cabinet_and_place_it_on_the_plate,4,19004,1,146,19,22d80af3dce5342b66c414ffc4644d6df6b0c067f9aeb5cfa6d50356235ac20a
dp_best_dp_ddim20_ta08,7,pick_up_the_black_bowl_on_the_ramekin_and_place_it_on_the_plate,48,17048,0,600,75,22d80af3dce5342b66c414ffc4644d6df6b0c067f9aeb5cfa6d50356235ac20a
dp_best_dp_ddim20_ta08,9,pick_up_the_black_bowl_on_the_wooden_cabinet_and_place_it_on_the_plate,5,19005,1,141,18,22d80af3dce5342b66c414ffc4644d6df6b0c067f9aeb5cfa6d50356235ac20a
dp_best_dp_ddim20_ta08,9,pick_up_the_black_bowl_on_the_wooden_cabinet_and_place_it_on_the_plate,6,19006,1,151,19,22d80af3dce5342b66c414ffc4644d6df6b0c067f9aeb5cfa6d50356235ac20a
dp_best_dp_ddim20_ta08,9,pick_up_the_black_bowl_on_the_wooden_cabinet_and_place_it_on_the_plate,10,19010,1,114,15,22d80af3dce5342b66c414ffc4644d6df6b0c067f9aeb5cfa6d50356235ac20a
dp_best_dp_ddim20_ta08,7,pick_up_the_black_bowl_on_the_ramekin_and_place_it_on_the_plate,49,17049,0,600,75,22d80af3dce5342b66c414ffc4644d6df6b0c067f9aeb5cfa6d50356235ac20a
dp_best_dp_ddim20_ta08,9,pick_up_the_black_bowl_on_the_wooden_cabinet_and_place_it_on_the_plate,11,19011,1,150,19,22d80af3dce5342b66c414ffc4644d6df6b0c067f9aeb5cfa6d50356235ac20a
dp_best_dp_ddim20_ta08,9,pick_up_the_black_bowl_on_the_wooden_cabinet_and_place_it_on_the_plate,1,19001,0,600,75,22d80af3dce5342b66c414ffc4644d6df6b0c067f9aeb5cfa6d50356235ac20a
dp_best_dp_ddim20_ta08,9,pick_up_the_black_bowl_on_the_wooden_cabinet_and_place_it_on_the_plate,2,19002,0,600,75,22d80af3dce5342b66c414ffc4644d6df6b0c067f9aeb5cfa6d50356235ac20a
dp_best_dp_ddim20_ta08,9,pick_up_the_black_bowl_on_the_wooden_cabinet_and_place_it_on_the_plate,13,19013,1,127,16,22d80af3dce5342b66c414ffc4644d6df6b0c067f9aeb5cfa6d50356235ac20a
dp_best_dp_ddim20_ta08,9,pick_up_the_black_bowl_on_the_wooden_cabinet_and_place_it_on_the_plate,16,19016,1,132,17,22d80af3dce5342b66c414ffc4644d6df6b0c067f9aeb5cfa6d50356235ac20a
dp_best_dp_ddim20_ta08,9,pick_up_the_black_bowl_on_the_wooden_cabinet_and_place_it_on_the_plate,15,19015,1,184,23,22d80af3dce5342b66c414ffc4644d6df6b0c067f9aeb5cfa6d50356235ac20a
dp_best_dp_ddim20_ta08,9,pick_up_the_black_bowl_on_the_wooden_cabinet_and_place_it_on_the_plate,17,19017,1,142,18,22d80af3dce5342b66c414ffc4644d6df6b0c067f9aeb5cfa6d50356235ac20a
dp_best_dp_ddim20_ta08,9,pick_up_the_black_bowl_on_the_wooden_cabinet_and_place_it_on_the_plate,7,19007,0,600,75,22d80af3dce5342b66c414ffc4644d6df6b0c067f9aeb5cfa6d50356235ac20a
dp_best_dp_ddim20_ta08,9,pick_up_the_black_bowl_on_the_wooden_cabinet_and_place_it_on_the_plate,8,19008,0,600,75,22d80af3dce5342b66c414ffc4644d6df6b0c067f9aeb5cfa6d50356235ac20a
dp_best_dp_ddim20_ta08,9,pick_up_the_black_bowl_on_the_wooden_cabinet_and_place_it_on_the_plate,19,19019,1,120,15,22d80af3dce5342b66c414ffc4644d6df6b0c067f9aeb5cfa6d50356235ac20a
dp_best_dp_ddim20_ta08,9,pick_up_the_black_bowl_on_the_wooden_cabinet_and_place_it_on_the_plate,9,19009,0,600,75,22d80af3dce5342b66c414ffc4644d6df6b0c067f9aeb5cfa6d50356235ac20a
dp_best_dp_ddim20_ta08,9,pick_up_the_black_bowl_on_the_wooden_cabinet_and_place_it_on_the_plate,20,19020,1,126,16,22d80af3dce5342b66c414ffc4644d6df6b0c067f9aeb5cfa6d50356235ac20a
dp_best_dp_ddim20_ta08,9,pick_up_the_black_bowl_on_the_wooden_cabinet_and_place_it_on_the_plate,18,19018,1,173,22,22d80af3dce5342b66c414ffc4644d6df6b0c067f9aeb5cfa6d50356235ac20a
dp_best_dp_ddim20_ta08,9,pick_up_the_black_bowl_on_the_wooden_cabinet_and_place_it_on_the_plate,21,19021,1,157,20,22d80af3dce5342b66c414ffc4644d6df6b0c067f9aeb5cfa6d50356235ac20a
dp_best_dp_ddim20_ta08,9,pick_up_the_black_bowl_on_the_wooden_cabinet_and_place_it_on_the_plate,23,19023,1,136,17,22d80af3dce5342b66c414ffc4644d6df6b0c067f9aeb5cfa6d50356235ac20a
dp_best_dp_ddim20_ta08,9,pick_up_the_black_bowl_on_the_wooden_cabinet_and_place_it_on_the_plate,12,19012,0,600,75,22d80af3dce5342b66c414ffc4644d6df6b0c067f9aeb5cfa6d50356235ac20a
dp_best_dp_ddim20_ta08,9,pick_up_the_black_bowl_on_the_wooden_cabinet_and_place_it_on_the_plate,14,19014,0,600,75,22d80af3dce5342b66c414ffc4644d6df6b0c067f9aeb5cfa6d50356235ac20a
dp_best_dp_ddim20_ta08,9,pick_up_the_black_bowl_on_the_wooden_cabinet_and_place_it_on_the_plate,29,19029,1,123,16,22d80af3dce5342b66c414ffc4644d6df6b0c067f9aeb5cfa6d50356235ac20a
dp_best_dp_ddim20_ta08,9,pick_up_the_black_bowl_on_the_wooden_cabinet_and_place_it_on_the_plate,28,19028,1,139,18,22d80af3dce5342b66c414ffc4644d6df6b0c067f9aeb5cfa6d50356235ac20a
dp_best_dp_ddim20_ta08,9,pick_up_the_black_bowl_on_the_wooden_cabinet_and_place_it_on_the_plate,22,19022,1,312,39,22d80af3dce5342b66c414ffc4644d6df6b0c067f9aeb5cfa6d50356235ac20a
dp_best_dp_ddim20_ta08,9,pick_up_the_black_bowl_on_the_wooden_cabinet_and_place_it_on_the_plate,32,19032,1,164,21,22d80af3dce5342b66c414ffc4644d6df6b0c067f9aeb5cfa6d50356235ac20a
dp_best_dp_ddim20_ta08,9,pick_up_the_black_bowl_on_the_wooden_cabinet_and_place_it_on_the_plate,34,19034,1,129,17,22d80af3dce5342b66c414ffc4644d6df6b0c067f9aeb5cfa6d50356235ac20a
dp_best_dp_ddim20_ta08,9,pick_up_the_black_bowl_on_the_wooden_cabinet_and_place_it_on_the_plate,24,19024,0,600,75,22d80af3dce5342b66c414ffc4644d6df6b0c067f9aeb5cfa6d50356235ac20a
dp_best_dp_ddim20_ta08,9,pick_up_the_black_bowl_on_the_wooden_cabinet_and_place_it_on_the_plate,25,19025,0,600,75,22d80af3dce5342b66c414ffc4644d6df6b0c067f9aeb5cfa6d50356235ac20a
dp_best_dp_ddim20_ta08,9,pick_up_the_black_bowl_on_the_wooden_cabinet_and_place_it_on_the_plate,26,19026,0,600,75,22d80af3dce5342b66c414ffc4644d6df6b0c067f9aeb5cfa6d50356235ac20a
dp_best_dp_ddim20_ta08,9,pick_up_the_black_bowl_on_the_wooden_cabinet_and_place_it_on_the_plate,35,19035,1,132,17,22d80af3dce5342b66c414ffc4644d6df6b0c067f9aeb5cfa6d50356235ac20a
dp_best_dp_ddim20_ta08,9,pick_up_the_black_bowl_on_the_wooden_cabinet_and_place_it_on_the_plate,27,19027,0,600,75,22d80af3dce5342b66c414ffc4644d6df6b0c067f9aeb5cfa6d50356235ac20a
dp_best_dp_ddim20_ta08,9,pick_up_the_black_bowl_on_the_wooden_cabinet_and_place_it_on_the_plate,36,19036,1,171,22,22d80af3dce5342b66c414ffc4644d6df6b0c067f9aeb5cfa6d50356235ac20a
dp_best_dp_ddim20_ta08,9,pick_up_the_black_bowl_on_the_wooden_cabinet_and_place_it_on_the_plate,38,19038,1,138,18,22d80af3dce5342b66c414ffc4644d6df6b0c067f9aeb5cfa6d50356235ac20a
dp_best_dp_ddim20_ta08,9,pick_up_the_black_bowl_on_the_wooden_cabinet_and_place_it_on_the_plate,39,19039,1,125,16,22d80af3dce5342b66c414ffc4644d6df6b0c067f9aeb5cfa6d50356235ac20a
dp_best_dp_ddim20_ta08,9,pick_up_the_black_bowl_on_the_wooden_cabinet_and_place_it_on_the_plate,30,19030,0,600,75,22d80af3dce5342b66c414ffc4644d6df6b0c067f9aeb5cfa6d50356235ac20a
dp_best_dp_ddim20_ta08,9,pick_up_the_black_bowl_on_the_wooden_cabinet_and_place_it_on_the_plate,31,19031,0,600,75,22d80af3dce5342b66c414ffc4644d6df6b0c067f9aeb5cfa6d50356235ac20a
dp_best_dp_ddim20_ta08,9,pick_up_the_black_bowl_on_the_wooden_cabinet_and_place_it_on_the_plate,33,19033,0,600,75,22d80af3dce5342b66c414ffc4644d6df6b0c067f9aeb5cfa6d50356235ac20a
dp_best_dp_ddim20_ta08,9,pick_up_the_black_bowl_on_the_wooden_cabinet_and_place_it_on_the_plate,44,19044,1,125,16,22d80af3dce5342b66c414ffc4644d6df6b0c067f9aeb5cfa6d50356235ac20a
dp_best_dp_ddim20_ta08,9,pick_up_the_black_bowl_on_the_wooden_cabinet_and_place_it_on_the_plate,46,19046,1,180,23,22d80af3dce5342b66c414ffc4644d6df6b0c067f9aeb5cfa6d50356235ac20a
dp_best_dp_ddim20_ta08,9,pick_up_the_black_bowl_on_the_wooden_cabinet_and_place_it_on_the_plate,47,19047,1,172,22,22d80af3dce5342b66c414ffc4644d6df6b0c067f9aeb5cfa6d50356235ac20a
dp_best_dp_ddim20_ta08,9,pick_up_the_black_bowl_on_the_wooden_cabinet_and_place_it_on_the_plate,37,19037,0,600,75,22d80af3dce5342b66c414ffc4644d6df6b0c067f9aeb5cfa6d50356235ac20a
dp_best_dp_ddim20_ta08,9,pick_up_the_black_bowl_on_the_wooden_cabinet_and_place_it_on_the_plate,49,19049,1,142,18,22d80af3dce5342b66c414ffc4644d6df6b0c067f9aeb5cfa6d50356235ac20a
dp_best_dp_ddim20_ta08,9,pick_up_the_black_bowl_on_the_wooden_cabinet_and_place_it_on_the_plate,40,19040,0,600,75,22d80af3dce5342b66c414ffc4644d6df6b0c067f9aeb5cfa6d50356235ac20a
dp_best_dp_ddim20_ta08,9,pick_up_the_black_bowl_on_the_wooden_cabinet_and_place_it_on_the_plate,41,19041,0,600,75,22d80af3dce5342b66c414ffc4644d6df6b0c067f9aeb5cfa6d50356235ac20a
dp_best_dp_ddim20_ta08,9,pick_up_the_black_bowl_on_the_wooden_cabinet_and_place_it_on_the_plate,42,19042,0,600,75,22d80af3dce5342b66c414ffc4644d6df6b0c067f9aeb5cfa6d50356235ac20a
dp_best_dp_ddim20_ta08,9,pick_up_the_black_bowl_on_the_wooden_cabinet_and_place_it_on_the_plate,43,19043,0,600,75,22d80af3dce5342b66c414ffc4644d6df6b0c067f9aeb5cfa6d50356235ac20a
dp_best_dp_ddim20_ta08,9,pick_up_the_black_bowl_on_the_wooden_cabinet_and_place_it_on_the_plate,45,19045,0,600,75,22d80af3dce5342b66c414ffc4644d6df6b0c067f9aeb5cfa6d50356235ac20a
dp_best_dp_ddim20_ta08,9,pick_up_the_black_bowl_on_the_wooden_cabinet_and_place_it_on_the_plate,48,19048,0,600,75,22d80af3dce5342b66c414ffc4644d6df6b0c067f9aeb5cfa6d50356235ac20a
dp_best_dp_ddim10_ta01,0,pick_up_the_black_bowl_between_the_plate_and_the_ramekin_and_place_it_on_the_plate,3,10003,1,107,107,22d80af3dce5342b66c414ffc4644d6df6b0c067f9aeb5cfa6d50356235ac20a
dp_best_dp_ddim10_ta01,0,pick_up_the_black_bowl_between_the_plate_and_the_ramekin_and_place_it_on_the_plate,5,10005,1,108,108,22d80af3dce5342b66c414ffc4644d6df6b0c067f9aeb5cfa6d50356235ac20a
dp_best_dp_ddim10_ta01,0,pick_up_the_black_bowl_between_the_plate_and_the_ramekin_and_place_it_on_the_plate,6,10006,1,108,108,22d80af3dce5342b66c414ffc4644d6df6b0c067f9aeb5cfa6d50356235ac20a
dp_best_dp_ddim10_ta01,0,pick_up_the_black_bowl_between_the_plate_and_the_ramekin_and_place_it_on_the_plate,0,10000,1,110,110,22d80af3dce5342b66c414ffc4644d6df6b0c067f9aeb5cfa6d50356235ac20a
dp_best_dp_ddim10_ta01,0,pick_up_the_black_bowl_between_the_plate_and_the_ramekin_and_place_it_on_the_plate,7,10007,1,159,159,22d80af3dce5342b66c414ffc4644d6df6b0c067f9aeb5cfa6d50356235ac20a
dp_best_dp_ddim10_ta01,0,pick_up_the_black_bowl_between_the_plate_and_the_ramekin_and_place_it_on_the_plate,9,10009,1,121,121,22d80af3dce5342b66c414ffc4644d6df6b0c067f9aeb5cfa6d50356235ac20a
dp_best_dp_ddim10_ta01,0,pick_up_the_black_bowl_between_the_plate_and_the_ramekin_and_place_it_on_the_plate,8,10008,1,124,124,22d80af3dce5342b66c414ffc4644d6df6b0c067f9aeb5cfa6d50356235ac20a
dp_best_dp_ddim10_ta01,0,pick_up_the_black_bowl_between_the_plate_and_the_ramekin_and_place_it_on_the_plate,10,10010,1,183,183,22d80af3dce5342b66c414ffc4644d6df6b0c067f9aeb5cfa6d50356235ac20a
dp_best_dp_ddim10_ta01,0,pick_up_the_black_bowl_between_the_plate_and_the_ramekin_and_place_it_on_the_plate,1,10001,0,600,600,22d80af3dce5342b66c414ffc4644d6df6b0c067f9aeb5cfa6d50356235ac20a
dp_best_dp_ddim10_ta01,0,pick_up_the_black_bowl_between_the_plate_and_the_ramekin_and_place_it_on_the_plate,2,10002,0,600,600,22d80af3dce5342b66c414ffc4644d6df6b0c067f9aeb5cfa6d50356235ac20a
dp_best_dp_ddim10_ta01,0,pick_up_the_black_bowl_between_the_plate_and_the_ramekin_and_place_it_on_the_plate,4,10004,0,600,600,22d80af3dce5342b66c414ffc4644d6df6b0c067f9aeb5cfa6d50356235ac20a
dp_best_dp_ddim10_ta01,0,pick_up_the_black_bowl_between_the_plate_and_the_ramekin_and_place_it_on_the_plate,11,10011,0,600,600,22d80af3dce5342b66c414ffc4644d6df6b0c067f9aeb5cfa6d50356235ac20a
dp_best_dp_ddim10_ta01,0,pick_up_the_black_bowl_between_the_plate_and_the_ramekin_and_place_it_on_the_plate,16,10016,1,110,110,22d80af3dce5342b66c414ffc4644d6df6b0c067f9aeb5cfa6d50356235ac20a
dp_best_dp_ddim10_ta01,0,pick_up_the_black_bowl_between_the_plate_and_the_ramekin_and_place_it_on_the_plate,17,10017,1,120,120,22d80af3dce5342b66c414ffc4644d6df6b0c067f9aeb5cfa6d50356235ac20a
dp_best_dp_ddim10_ta01,0,pick_up_the_black_bowl_between_the_plate_and_the_ramekin_and_place_it_on_the_plate,12,10012,0,600,600,22d80af3dce5342b66c414ffc4644d6df6b0c067f9aeb5cfa6d50356235ac20a
dp_best_dp_ddim10_ta01,0,pick_up_the_black_bowl_between_the_plate_and_the_ramekin_and_place_it_on_the_plate,21,10021,1,103,103,22d80af3dce5342b66c414ffc4644d6df6b0c067f9aeb5cfa6d50356235ac20a
dp_best_dp_ddim10_ta01,0,pick_up_the_black_bowl_between_the_plate_and_the_ramekin_and_place_it_on_the_plate,20,10020,1,114,114,22d80af3dce5342b66c414ffc4644d6df6b0c067f9aeb5cfa6d50356235ac20a
dp_best_dp_ddim10_ta01,0,pick_up_the_black_bowl_between_the_plate_and_the_ramekin_and_place_it_on_the_plate,13,10013,0,600,600,22d80af3dce5342b66c414ffc4644d6df6b0c067f9aeb5cfa6d50356235ac20a
dp_best_dp_ddim10_ta01,0,pick_up_the_black_bowl_between_the_plate_and_the_ramekin_and_place_it_on_the_plate,14,10014,0,600,600,22d80af3dce5342b66c414ffc4644d6df6b0c067f9aeb5cfa6d50356235ac20a
dp_best_dp_ddim10_ta01,0,pick_up_the_black_bowl_between_the_plate_and_the_ramekin_and_place_it_on_the_plate,19,10019,1,124,124,22d80af3dce5342b66c414ffc4644d6df6b0c067f9aeb5cfa6d50356235ac20a
dp_best_dp_ddim10_ta01,0,pick_up_the_black_bowl_between_the_plate_and_the_ramekin_and_place_it_on_the_plate,22,10022,1,121,121,22d80af3dce5342b66c414ffc4644d6df6b0c067f9aeb5cfa6d50356235ac20a
dp_best_dp_ddim10_ta01,0,pick_up_the_black_bowl_between_the_plate_and_the_ramekin_and_place_it_on_the_plate,15,10015,0,600,600,22d80af3dce5342b66c414ffc4644d6df6b0c067f9aeb5cfa6d50356235ac20a
dp_best_dp_ddim10_ta01,0,pick_up_the_black_bowl_between_the_plate_and_the_ramekin_and_place_it_on_the_plate,24,10024,1,98,98,22d80af3dce5342b66c414ffc4644d6df6b0c067f9aeb5cfa6d50356235ac20a
dp_best_dp_ddim10_ta01,0,pick_up_the_black_bowl_between_the_plate_and_the_ramekin_and_place_it_on_the_plate,26,10026,1,99,99,22d80af3dce5342b66c414ffc4644d6df6b0c067f9aeb5cfa6d50356235ac20a
dp_best_dp_ddim10_ta01,0,pick_up_the_black_bowl_between_the_plate_and_the_ramekin_and_place_it_on_the_plate,25,10025,1,113,113,22d80af3dce5342b66c414ffc4644d6df6b0c067f9aeb5cfa6d50356235ac20a
dp_best_dp_ddim10_ta01,0,pick_up_the_black_bowl_between_the_plate_and_the_ramekin_and_place_it_on_the_plate,29,10029,1,97,97,22d80af3dce5342b66c414ffc4644d6df6b0c067f9aeb5cfa6d50356235ac20a
dp_best_dp_ddim10_ta01,0,pick_up_the_black_bowl_between_the_plate_and_the_ramekin_and_place_it_on_the_plate,30,10030,1,103,103,22d80af3dce5342b66c414ffc4644d6df6b0c067f9aeb5cfa6d50356235ac20a
dp_best_dp_ddim10_ta01,0,pick_up_the_black_bowl_between_the_plate_and_the_ramekin_and_place_it_on_the_plate,31,10031,1,109,109,22d80af3dce5342b66c414ffc4644d6df6b0c067f9aeb5cfa6d50356235ac20a
dp_best_dp_ddim10_ta01,0,pick_up_the_black_bowl_between_the_plate_and_the_ramekin_and_place_it_on_the_plate,28,10028,1,167,167,22d80af3dce5342b66c414ffc4644d6df6b0c067f9aeb5cfa6d50356235ac20a
dp_best_dp_ddim10_ta01,0,pick_up_the_black_bowl_between_the_plate_and_the_ramekin_and_place_it_on_the_plate,32,10032,1,138,138,22d80af3dce5342b66c414ffc4644d6df6b0c067f9aeb5cfa6d50356235ac20a
dp_best_dp_ddim10_ta01,0,pick_up_the_black_bowl_between_the_plate_and_the_ramekin_and_place_it_on_the_plate,33,10033,1,106,106,22d80af3dce5342b66c414ffc4644d6df6b0c067f9aeb5cfa6d50356235ac20a
dp_best_dp_ddim10_ta01,0,pick_up_the_black_bowl_between_the_plate_and_the_ramekin_and_place_it_on_the_plate,34,10034,1,91,91,22d80af3dce5342b66c414ffc4644d6df6b0c067f9aeb5cfa6d50356235ac20a
dp_best_dp_ddim10_ta01,0,pick_up_the_black_bowl_between_the_plate_and_the_ramekin_and_place_it_on_the_plate,38,10038,1,101,101,22d80af3dce5342b66c414ffc4644d6df6b0c067f9aeb5cfa6d50356235ac20a
dp_best_dp_ddim10_ta01,0,pick_up_the_black_bowl_between_the_plate_and_the_ramekin_and_place_it_on_the_plate,18,10018,0,600,600,22d80af3dce5342b66c414ffc4644d6df6b0c067f9aeb5cfa6d50356235ac20a
dp_best_dp_ddim10_ta01,0,pick_up_the_black_bowl_between_the_plate_and_the_ramekin_and_place_it_on_the_plate,37,10037,1,132,132,22d80af3dce5342b66c414ffc4644d6df6b0c067f9aeb5cfa6d50356235ac20a
dp_best_dp_ddim10_ta01,0,pick_up_the_black_bowl_between_the_plate_and_the_ramekin_and_place_it_on_the_plate,39,10039,1,110,110,22d80af3dce5342b66c414ffc4644d6df6b0c067f9aeb5cfa6d50356235ac20a
dp_best_dp_ddim10_ta01,0,pick_up_the_black_bowl_between_the_plate_and_the_ramekin_and_place_it_on_the_plate,40,10040,1,102,102,22d80af3dce5342b66c414ffc4644d6df6b0c067f9aeb5cfa6d50356235ac20a
dp_best_dp_ddim10_ta01,0,pick_up_the_black_bowl_between_the_plate_and_the_ramekin_and_place_it_on_the_plate,43,10043,1,90,90,22d80af3dce5342b66c414ffc4644d6df6b0c067f9aeb5cfa6d50356235ac20a
dp_best_dp_ddim10_ta01,0,pick_up_the_black_bowl_between_the_plate_and_the_ramekin_and_place_it_on_the_plate,42,10042,1,109,109,22d80af3dce5342b66c414ffc4644d6df6b0c067f9aeb5cfa6d50356235ac20a
dp_best_dp_ddim10_ta01,0,pick_up_the_black_bowl_between_the_plate_and_the_ramekin_and_place_it_on_the_plate,44,10044,1,95,95,22d80af3dce5342b66c414ffc4644d6df6b0c067f9aeb5cfa6d50356235ac20a
dp_best_dp_ddim10_ta01,0,pick_up_the_black_bowl_between_the_plate_and_the_ramekin_and_place_it_on_the_plate,45,10045,1,97,97,22d80af3dce5342b66c414ffc4644d6df6b0c067f9aeb5cfa6d50356235ac20a
dp_best_dp_ddim10_ta01,0,pick_up_the_black_bowl_between_the_plate_and_the_ramekin_and_place_it_on_the_plate,23,10023,0,600,600,22d80af3dce5342b66c414ffc4644d6df6b0c067f9aeb5cfa6d50356235ac20a
dp_best_dp_ddim10_ta01,0,pick_up_the_black_bowl_between_the_plate_and_the_ramekin_and_place_it_on_the_plate,27,10027,0,600,600,22d80af3dce5342b66c414ffc4644d6df6b0c067f9aeb5cfa6d50356235ac20a
dp_best_dp_ddim10_ta01,0,pick_up_the_black_bowl_between_the_plate_and_the_ramekin_and_place_it_on_the_plate,47,10047,1,124,124,22d80af3dce5342b66c414ffc4644d6df6b0c067f9aeb5cfa6d50356235ac20a
dp_best_dp_ddim10_ta01,0,pick_up_the_black_bowl_between_the_plate_and_the_ramekin_and_place_it_on_the_plate,48,10048,1,108,108,22d80af3dce5342b66c414ffc4644d6df6b0c067f9aeb5cfa6d50356235ac20a
dp_best_dp_ddim10_ta01,0,pick_up_the_black_bowl_between_the_plate_and_the_ramekin_and_place_it_on_the_plate,49,10049,1,104,104,22d80af3dce5342b66c414ffc4644d6df6b0c067f9aeb5cfa6d50356235ac20a
dp_best_dp_ddim10_ta01,0,pick_up_the_black_bowl_between_the_plate_and_the_ramekin_and_place_it_on_the_plate,35,10035,0,600,600,22d80af3dce5342b66c414ffc4644d6df6b0c067f9aeb5cfa6d50356235ac20a
dp_best_dp_ddim10_ta01,0,pick_up_the_black_bowl_between_the_plate_and_the_ramekin_and_place_it_on_the_plate,36,10036,0,600,600,22d80af3dce5342b66c414ffc4644d6df6b0c067f9aeb5cfa6d50356235ac20a
dp_best_dp_ddim10_ta01,2,pick_up_the_black_bowl_in_the_top_drawer_of_the_wooden_cabinet_and_place_it_on_the_plate,2,12002,1,155,155,22d80af3dce5342b66c414ffc4644d6df6b0c067f9aeb5cfa6d50356235ac20a
dp_best_dp_ddim10_ta01,0,pick_up_the_black_bowl_between_the_plate_and_the_ramekin_and_place_it_on_the_plate,41,10041,0,600,600,22d80af3dce5342b66c414ffc4644d6df6b0c067f9aeb5cfa6d50356235ac20a
dp_best_dp_ddim10_ta01,2,pick_up_the_black_bowl_in_the_top_drawer_of_the_wooden_cabinet_and_place_it_on_the_plate,5,12005,1,163,163,22d80af3dce5342b66c414ffc4644d6df6b0c067f9aeb5cfa6d50356235ac20a
dp_best_dp_ddim10_ta01,2,pick_up_the_black_bowl_in_the_top_drawer_of_the_wooden_cabinet_and_place_it_on_the_plate,6,12006,1,153,153,22d80af3dce5342b66c414ffc4644d6df6b0c067f9aeb5cfa6d50356235ac20a
dp_best_dp_ddim10_ta01,0,pick_up_the_black_bowl_between_the_plate_and_the_ramekin_and_place_it_on_the_plate,46,10046,0,600,600,22d80af3dce5342b66c414ffc4644d6df6b0c067f9aeb5cfa6d50356235ac20a
dp_best_dp_ddim10_ta01,2,pick_up_the_black_bowl_in_the_top_drawer_of_the_wooden_cabinet_and_place_it_on_the_plate,8,12008,1,152,152,22d80af3dce5342b66c414ffc4644d6df6b0c067f9aeb5cfa6d50356235ac20a
dp_best_dp_ddim10_ta01,2,pick_up_the_black_bowl_in_the_top_drawer_of_the_wooden_cabinet_and_place_it_on_the_plate,7,12007,1,176,176,22d80af3dce5342b66c414ffc4644d6df6b0c067f9aeb5cfa6d50356235ac20a
dp_best_dp_ddim10_ta01,2,pick_up_the_black_bowl_in_the_top_drawer_of_the_wooden_cabinet_and_place_it_on_the_plate,9,12009,1,167,167,22d80af3dce5342b66c414ffc4644d6df6b0c067f9aeb5cfa6d50356235ac20a
dp_best_dp_ddim10_ta01,2,pick_up_the_black_bowl_in_the_top_drawer_of_the_wooden_cabinet_and_place_it_on_the_plate,4,12004,1,364,364,22d80af3dce5342b66c414ffc4644d6df6b0c067f9aeb5cfa6d50356235ac20a
dp_best_dp_ddim10_ta01,2,pick_up_the_black_bowl_in_the_top_drawer_of_the_wooden_cabinet_and_place_it_on_the_plate,0,12000,0,600,600,22d80af3dce5342b66c414ffc4644d6df6b0c067f9aeb5cfa6d50356235ac20a
dp_best_dp_ddim10_ta01,2,pick_up_the_black_bowl_in_the_top_drawer_of_the_wooden_cabinet_and_place_it_on_the_plate,10,12010,1,187,187,22d80af3dce5342b66c414ffc4644d6df6b0c067f9aeb5cfa6d50356235ac20a
dp_best_dp_ddim10_ta01,2,pick_up_the_black_bowl_in_the_top_drawer_of_the_wooden_cabinet_and_place_it_on_the_plate,11,12011,1,148,148,22d80af3dce5342b66c414ffc4644d6df6b0c067f9aeb5cfa6d50356235ac20a
dp_best_dp_ddim10_ta01,2,pick_up_the_black_bowl_in_the_top_drawer_of_the_wooden_cabinet_and_place_it_on_the_plate,1,12001,0,600,600,22d80af3dce5342b66c414ffc4644d6df6b0c067f9aeb5cfa6d50356235ac20a
dp_best_dp_ddim10_ta01,2,pick_up_the_black_bowl_in_the_top_drawer_of_the_wooden_cabinet_and_place_it_on_the_plate,3,12003,0,600,600,22d80af3dce5342b66c414ffc4644d6df6b0c067f9aeb5cfa6d50356235ac20a
dp_best_dp_ddim10_ta01,2,pick_up_the_black_bowl_in_the_top_drawer_of_the_wooden_cabinet_and_place_it_on_the_plate,14,12014,1,145,145,22d80af3dce5342b66c414ffc4644d6df6b0c067f9aeb5cfa6d50356235ac20a
dp_best_dp_ddim10_ta01,2,pick_up_the_black_bowl_in_the_top_drawer_of_the_wooden_cabinet_and_place_it_on_the_plate,13,12013,1,191,191,22d80af3dce5342b66c414ffc4644d6df6b0c067f9aeb5cfa6d50356235ac20a
dp_best_dp_ddim10_ta01,2,pick_up_the_black_bowl_in_the_top_drawer_of_the_wooden_cabinet_and_place_it_on_the_plate,15,12015,1,169,169,22d80af3dce5342b66c414ffc4644d6df6b0c067f9aeb5cfa6d50356235ac20a
dp_best_dp_ddim10_ta01,2,pick_up_the_black_bowl_in_the_top_drawer_of_the_wooden_cabinet_and_place_it_on_the_plate,16,12016,1,154,154,22d80af3dce5342b66c414ffc4644d6df6b0c067f9aeb5cfa6d50356235ac20a
dp_best_dp_ddim10_ta01,2,pick_up_the_black_bowl_in_the_top_drawer_of_the_wooden_cabinet_and_place_it_on_the_plate,18,12018,1,213,213,22d80af3dce5342b66c414ffc4644d6df6b0c067f9aeb5cfa6d50356235ac20a
dp_best_dp_ddim10_ta01,2,pick_up_the_black_bowl_in_the_top_drawer_of_the_wooden_cabinet_and_place_it_on_the_plate,22,12022,1,195,195,22d80af3dce5342b66c414ffc4644d6df6b0c067f9aeb5cfa6d50356235ac20a
dp_best_dp_ddim10_ta01,2,pick_up_the_black_bowl_in_the_top_drawer_of_the_wooden_cabinet_and_place_it_on_the_plate,23,12023,1,168,168,22d80af3dce5342b66c414ffc4644d6df6b0c067f9aeb5cfa6d50356235ac20a
dp_best_dp_ddim10_ta01,2,pick_up_the_black_bowl_in_the_top_drawer_of_the_wooden_cabinet_and_place_it_on_the_plate,24,12024,1,167,167,22d80af3dce5342b66c414ffc4644d6df6b0c067f9aeb5cfa6d50356235ac20a
dp_best_dp_ddim10_ta01,2,pick_up_the_black_bowl_in_the_top_drawer_of_the_wooden_cabinet_and_place_it_on_the_plate,21,12021,1,376,376,22d80af3dce5342b66c414ffc4644d6df6b0c067f9aeb5cfa6d50356235ac20a
dp_best_dp_ddim10_ta01,2,pick_up_the_black_bowl_in_the_top_drawer_of_the_wooden_cabinet_and_place_it_on_the_plate,12,12012,0,600,600,22d80af3dce5342b66c414ffc4644d6df6b0c067f9aeb5cfa6d50356235ac20a
dp_best_dp_ddim10_ta01,2,pick_up_the_black_bowl_in_the_top_drawer_of_the_wooden_cabinet_and_place_it_on_the_plate,26,12026,1,179,179,22d80af3dce5342b66c414ffc4644d6df6b0c067f9aeb5cfa6d50356235ac20a
dp_best_dp_ddim10_ta01,2,pick_up_the_black_bowl_in_the_top_drawer_of_the_wooden_cabinet_and_place_it_on_the_plate,17,12017,0,600,600,22d80af3dce5342b66c414ffc4644d6df6b0c067f9aeb5cfa6d50356235ac20a
dp_best_dp_ddim10_ta01,2,pick_up_the_black_bowl_in_the_top_drawer_of_the_wooden_cabinet_and_place_it_on_the_plate,19,12019,0,600,600,22d80af3dce5342b66c414ffc4644d6df6b0c067f9aeb5cfa6d50356235ac20a
dp_best_dp_ddim10_ta01,2,pick_up_the_black_bowl_in_the_top_drawer_of_the_wooden_cabinet_and_place_it_on_the_plate,20,12020,0,600,600,22d80af3dce5342b66c414ffc4644d6df6b0c067f9aeb5cfa6d50356235ac20a
dp_best_dp_ddim10_ta01,2,pick_up_the_black_bowl_in_the_top_drawer_of_the_wooden_cabinet_and_place_it_on_the_plate,30,12030,1,204,204,22d80af3dce5342b66c414ffc4644d6df6b0c067f9aeb5cfa6d50356235ac20a
dp_best_dp_ddim10_ta01,2,pick_up_the_black_bowl_in_the_top_drawer_of_the_wooden_cabinet_and_place_it_on_the_plate,32,12032,1,152,152,22d80af3dce5342b66c414ffc4644d6df6b0c067f9aeb5cfa6d50356235ac20a
dp_best_dp_ddim10_ta01,2,pick_up_the_black_bowl_in_the_top_drawer_of_the_wooden_cabinet_and_place_it_on_the_plate,33,12033,1,164,164,22d80af3dce5342b66c414ffc4644d6df6b0c067f9aeb5cfa6d50356235ac20a
dp_best_dp_ddim10_ta01,2,pick_up_the_black_bowl_in_the_top_drawer_of_the_wooden_cabinet_and_place_it_on_the_plate,34,12034,1,168,168,22d80af3dce5342b66c414ffc4644d6df6b0c067f9aeb5cfa6d50356235ac20a
dp_best_dp_ddim10_ta01,2,pick_up_the_black_bowl_in_the_top_drawer_of_the_wooden_cabinet_and_place_it_on_the_plate,25,12025,0,600,600,22d80af3dce5342b66c414ffc4644d6df6b0c067f9aeb5cfa6d50356235ac20a
dp_best_dp_ddim10_ta01,2,pick_up_the_black_bowl_in_the_top_drawer_of_the_wooden_cabinet_and_place_it_on_the_plate,35,12035,1,167,167,22d80af3dce5342b66c414ffc4644d6df6b0c067f9aeb5cfa6d50356235ac20a
dp_best_dp_ddim10_ta01,2,pick_up_the_black_bowl_in_the_top_drawer_of_the_wooden_cabinet_and_place_it_on_the_plate,36,12036,1,169,169,22d80af3dce5342b66c414ffc4644d6df6b0c067f9aeb5cfa6d50356235ac20a
dp_best_dp_ddim10_ta01,2,pick_up_the_black_bowl_in_the_top_drawer_of_the_wooden_cabinet_and_place_it_on_the_plate,27,12027,0,600,600,22d80af3dce5342b66c414ffc4644d6df6b0c067f9aeb5cfa6d50356235ac20a
dp_best_dp_ddim10_ta01,2,pick_up_the_black_bowl_in_the_top_drawer_of_the_wooden_cabinet_and_place_it_on_the_plate,28,12028,0,600,600,22d80af3dce5342b66c414ffc4644d6df6b0c067f9aeb5cfa6d50356235ac20a
dp_best_dp_ddim10_ta01,2,pick_up_the_black_bowl_in_the_top_drawer_of_the_wooden_cabinet_and_place_it_on_the_plate,29,12029,0,600,600,22d80af3dce5342b66c414ffc4644d6df6b0c067f9aeb5cfa6d50356235ac20a
dp_best_dp_ddim10_ta01,2,pick_up_the_black_bowl_in_the_top_drawer_of_the_wooden_cabinet_and_place_it_on_the_plate,37,12037,1,229,229,22d80af3dce5342b66c414ffc4644d6df6b0c067f9aeb5cfa6d50356235ac20a
dp_best_dp_ddim10_ta01,2,pick_up_the_black_bowl_in_the_top_drawer_of_the_wooden_cabinet_and_place_it_on_the_plate,39,12039,1,173,173,22d80af3dce5342b66c414ffc4644d6df6b0c067f9aeb5cfa6d50356235ac20a
dp_best_dp_ddim10_ta01,2,pick_up_the_black_bowl_in_the_top_drawer_of_the_wooden_cabinet_and_place_it_on_the_plate,40,12040,1,152,152,22d80af3dce5342b66c414ffc4644d6df6b0c067f9aeb5cfa6d50356235ac20a
dp_best_dp_ddim10_ta01,2,pick_up_the_black_bowl_in_the_top_drawer_of_the_wooden_cabinet_and_place_it_on_the_plate,41,12041,1,167,167,22d80af3dce5342b66c414ffc4644d6df6b0c067f9aeb5cfa6d50356235ac20a
dp_best_dp_ddim10_ta01,2,pick_up_the_black_bowl_in_the_top_drawer_of_the_wooden_cabinet_and_place_it_on_the_plate,31,12031,0,600,600,22d80af3dce5342b66c414ffc4644d6df6b0c067f9aeb5cfa6d50356235ac20a
dp_best_dp_ddim10_ta01,2,pick_up_the_black_bowl_in_the_top_drawer_of_the_wooden_cabinet_and_place_it_on_the_plate,43,12043,1,173,173,22d80af3dce5342b66c414ffc4644d6df6b0c067f9aeb5cfa6d50356235ac20a
dp_best_dp_ddim10_ta01,2,pick_up_the_black_bowl_in_the_top_drawer_of_the_wooden_cabinet_and_place_it_on_the_plate,42,12042,1,197,197,22d80af3dce5342b66c414ffc4644d6df6b0c067f9aeb5cfa6d50356235ac20a
dp_best_dp_ddim10_ta01,2,pick_up_the_black_bowl_in_the_top_drawer_of_the_wooden_cabinet_and_place_it_on_the_plate,44,12044,1,153,153,22d80af3dce5342b66c414ffc4644d6df6b0c067f9aeb5cfa6d50356235ac20a
dp_best_dp_ddim10_ta01,2,pick_up_the_black_bowl_in_the_top_drawer_of_the_wooden_cabinet_and_place_it_on_the_plate,45,12045,1,170,170,22d80af3dce5342b66c414ffc4644d6df6b0c067f9aeb5cfa6d50356235ac20a
dp_best_dp_ddim10_ta01,2,pick_up_the_black_bowl_in_the_top_drawer_of_the_wooden_cabinet_and_place_it_on_the_plate,46,12046,1,165,165,22d80af3dce5342b66c414ffc4644d6df6b0c067f9aeb5cfa6d50356235ac20a
dp_best_dp_ddim10_ta01,2,pick_up_the_black_bowl_in_the_top_drawer_of_the_wooden_cabinet_and_place_it_on_the_plate,47,12047,1,166,166,22d80af3dce5342b66c414ffc4644d6df6b0c067f9aeb5cfa6d50356235ac20a
dp_best_dp_ddim10_ta01,2,pick_up_the_black_bowl_in_the_top_drawer_of_the_wooden_cabinet_and_place_it_on_the_plate,48,12048,1,143,143,22d80af3dce5342b66c414ffc4644d6df6b0c067f9aeb5cfa6d50356235ac20a
dp_best_dp_ddim10_ta01,4,pick_up_the_black_bowl_next_to_the_plate_and_place_it_on_the_plate,1,14001,1,110,110,22d80af3dce5342b66c414ffc4644d6df6b0c067f9aeb5cfa6d50356235ac20a
dp_best_dp_ddim10_ta01,2,pick_up_the_black_bowl_in_the_top_drawer_of_the_wooden_cabinet_and_place_it_on_the_plate,49,12049,1,170,170,22d80af3dce5342b66c414ffc4644d6df6b0c067f9aeb5cfa6d50356235ac20a
dp_best_dp_ddim10_ta01,4,pick_up_the_black_bowl_next_to_the_plate_and_place_it_on_the_plate,3,14003,1,125,125,22d80af3dce5342b66c414ffc4644d6df6b0c067f9aeb5cfa6d50356235ac20a
dp_best_dp_ddim10_ta01,2,pick_up_the_black_bowl_in_the_top_drawer_of_the_wooden_cabinet_and_place_it_on_the_plate,38,12038,0,600,600,22d80af3dce5342b66c414ffc4644d6df6b0c067f9aeb5cfa6d50356235ac20a
dp_best_dp_ddim10_ta01,4,pick_up_the_black_bowl_next_to_the_plate_and_place_it_on_the_plate,6,14006,1,135,135,22d80af3dce5342b66c414ffc4644d6df6b0c067f9aeb5cfa6d50356235ac20a
dp_best_dp_ddim10_ta01,4,pick_up_the_black_bowl_next_to_the_plate_and_place_it_on_the_plate,7,14007,1,107,107,22d80af3dce5342b66c414ffc4644d6df6b0c067f9aeb5cfa6d50356235ac20a
dp_best_dp_ddim10_ta01,4,pick_up_the_black_bowl_next_to_the_plate_and_place_it_on_the_plate,10,14010,1,129,129,22d80af3dce5342b66c414ffc4644d6df6b0c067f9aeb5cfa6d50356235ac20a
dp_best_dp_ddim10_ta01,4,pick_up_the_black_bowl_next_to_the_plate_and_place_it_on_the_plate,12,14012,1,112,112,22d80af3dce5342b66c414ffc4644d6df6b0c067f9aeb5cfa6d50356235ac20a
dp_best_dp_ddim10_ta01,4,pick_up_the_black_bowl_next_to_the_plate_and_place_it_on_the_plate,11,14011,1,279,279,22d80af3dce5342b66c414ffc4644d6df6b0c067f9aeb5cfa6d50356235ac20a
dp_best_dp_ddim10_ta01,4,pick_up_the_black_bowl_next_to_the_plate_and_place_it_on_the_plate,0,14000,0,600,600,22d80af3dce5342b66c414ffc4644d6df6b0c067f9aeb5cfa6d50356235ac20a
dp_best_dp_ddim10_ta01,4,pick_up_the_black_bowl_next_to_the_plate_and_place_it_on_the_plate,2,14002,0,600,600,22d80af3dce5342b66c414ffc4644d6df6b0c067f9aeb5cfa6d50356235ac20a
dp_best_dp_ddim10_ta01,4,pick_up_the_black_bowl_next_to_the_plate_and_place_it_on_the_plate,13,14013,1,140,140,22d80af3dce5342b66c414ffc4644d6df6b0c067f9aeb5cfa6d50356235ac20a
dp_best_dp_ddim10_ta01,4,pick_up_the_black_bowl_next_to_the_plate_and_place_it_on_the_plate,4,14004,0,600,600,22d80af3dce5342b66c414ffc4644d6df6b0c067f9aeb5cfa6d50356235ac20a
dp_best_dp_ddim10_ta01,4,pick_up_the_black_bowl_next_to_the_plate_and_place_it_on_the_plate,5,14005,0,600,600,22d80af3dce5342b66c414ffc4644d6df6b0c067f9aeb5cfa6d50356235ac20a
dp_best_dp_ddim10_ta01,4,pick_up_the_black_bowl_next_to_the_plate_and_place_it_on_the_plate,15,14015,1,113,113,22d80af3dce5342b66c414ffc4644d6df6b0c067f9aeb5cfa6d50356235ac20a
dp_best_dp_ddim10_ta01,4,pick_up_the_black_bowl_next_to_the_plate_and_place_it_on_the_plate,17,14017,1,88,88,22d80af3dce5342b66c414ffc4644d6df6b0c067f9aeb5cfa6d50356235ac20a
dp_best_dp_ddim10_ta01,4,pick_up_the_black_bowl_next_to_the_plate_and_place_it_on_the_plate,16,14016,1,134,134,22d80af3dce5342b66c414ffc4644d6df6b0c067f9aeb5cfa6d50356235ac20a
dp_best_dp_ddim10_ta01,4,pick_up_the_black_bowl_next_to_the_plate_and_place_it_on_the_plate,8,14008,0,600,600,22d80af3dce5342b66c414ffc4644d6df6b0c067f9aeb5cfa6d50356235ac20a
dp_best_dp_ddim10_ta01,4,pick_up_the_black_bowl_next_to_the_plate_and_place_it_on_the_plate,18,14018,1,122,122,22d80af3dce5342b66c414ffc4644d6df6b0c067f9aeb5cfa6d50356235ac20a
dp_best_dp_ddim10_ta01,4,pick_up_the_black_bowl_next_to_the_plate_and_place_it_on_the_plate,19,14019,1,135,135,22d80af3dce5342b66c414ffc4644d6df6b0c067f9aeb5cfa6d50356235ac20a
dp_best_dp_ddim10_ta01,4,pick_up_the_black_bowl_next_to_the_plate_and_place_it_on_the_plate,20,14020,1,112,112,22d80af3dce5342b66c414ffc4644d6df6b0c067f9aeb5cfa6d50356235ac20a
dp_best_dp_ddim10_ta01,4,pick_up_the_black_bowl_next_to_the_plate_and_place_it_on_the_plate,9,14009,0,600,600,22d80af3dce5342b66c414ffc4644d6df6b0c067f9aeb5cfa6d50356235ac20a
dp_best_dp_ddim10_ta01,4,pick_up_the_black_bowl_next_to_the_plate_and_place_it_on_the_plate,21,14021,1,118,118,22d80af3dce5342b66c414ffc4644d6df6b0c067f9aeb5cfa6d50356235ac20a
dp_best_dp_ddim10_ta01,4,pick_up_the_black_bowl_next_to_the_plate_and_place_it_on_the_plate,22,14022,1,110,110,22d80af3dce5342b66c414ffc4644d6df6b0c067f9aeb5cfa6d50356235ac20a
dp_best_dp_ddim10_ta01,4,pick_up_the_black_bowl_next_to_the_plate_and_place_it_on_the_plate,24,14024,1,106,106,22d80af3dce5342b66c414ffc4644d6df6b0c067f9aeb5cfa6d50356235ac20a
dp_best_dp_ddim10_ta01,4,pick_up_the_black_bowl_next_to_the_plate_and_place_it_on_the_plate,25,14025,1,120,120,22d80af3dce5342b66c414ffc4644d6df6b0c067f9aeb5cfa6d50356235ac20a
dp_best_dp_ddim10_ta01,4,pick_up_the_black_bowl_next_to_the_plate_and_place_it_on_the_plate,26,14026,1,127,127,22d80af3dce5342b66c414ffc4644d6df6b0c067f9aeb5cfa6d50356235ac20a
dp_best_dp_ddim10_ta01,4,pick_up_the_black_bowl_next_to_the_plate_and_place_it_on_the_plate,28,14028,1,162,162,22d80af3dce5342b66c414ffc4644d6df6b0c067f9aeb5cfa6d50356235ac20a
dp_best_dp_ddim10_ta01,4,pick_up_the_black_bowl_next_to_the_plate_and_place_it_on_the_plate,30,14030,1,114,114,22d80af3dce5342b66c414ffc4644d6df6b0c067f9aeb5cfa6d50356235ac20a
dp_best_dp_ddim10_ta01,4,pick_up_the_black_bowl_next_to_the_plate_and_place_it_on_the_plate,32,14032,1,124,124,22d80af3dce5342b66c414ffc4644d6df6b0c067f9aeb5cfa6d50356235ac20a
dp_best_dp_ddim10_ta01,4,pick_up_the_black_bowl_next_to_the_plate_and_place_it_on_the_plate,31,14031,1,151,151,22d80af3dce5342b66c414ffc4644d6df6b0c067f9aeb5cfa6d50356235ac20a
dp_best_dp_ddim10_ta01,4,pick_up_the_black_bowl_next_to_the_plate_and_place_it_on_the_plate,14,14014,0,600,600,22d80af3dce5342b66c414ffc4644d6df6b0c067f9aeb5cfa6d50356235ac20a
dp_best_dp_ddim10_ta01,4,pick_up_the_black_bowl_next_to_the_plate_and_place_it_on_the_plate,29,14029,1,303,303,22d80af3dce5342b66c414ffc4644d6df6b0c067f9aeb5cfa6d50356235ac20a
dp_best_dp_ddim10_ta01,4,pick_up_the_black_bowl_next_to_the_plate_and_place_it_on_the_plate,34,14034,1,182,182,22d80af3dce5342b66c414ffc4644d6df6b0c067f9aeb5cfa6d50356235ac20a
dp_best_dp_ddim10_ta01,4,pick_up_the_black_bowl_next_to_the_plate_and_place_it_on_the_plate,35,14035,1,128,128,22d80af3dce5342b66c414ffc4644d6df6b0c067f9aeb5cfa6d50356235ac20a
dp_best_dp_ddim10_ta01,4,pick_up_the_black_bowl_next_to_the_plate_and_place_it_on_the_plate,36,14036,1,119,119,22d80af3dce5342b66c414ffc4644d6df6b0c067f9aeb5cfa6d50356235ac20a
dp_best_dp_ddim10_ta01,4,pick_up_the_black_bowl_next_to_the_plate_and_place_it_on_the_plate,37,14037,1,116,116,22d80af3dce5342b66c414ffc4644d6df6b0c067f9aeb5cfa6d50356235ac20a
dp_best_dp_ddim10_ta01,4,pick_up_the_black_bowl_next_to_the_plate_and_place_it_on_the_plate,38,14038,1,113,113,22d80af3dce5342b66c414ffc4644d6df6b0c067f9aeb5cfa6d50356235ac20a
dp_best_dp_ddim10_ta01,4,pick_up_the_black_bowl_next_to_the_plate_and_place_it_on_the_plate,39,14039,1,111,111,22d80af3dce5342b66c414ffc4644d6df6b0c067f9aeb5cfa6d50356235ac20a
dp_best_dp_ddim10_ta01,4,pick_up_the_black_bowl_next_to_the_plate_and_place_it_on_the_plate,40,14040,1,111,111,22d80af3dce5342b66c414ffc4644d6df6b0c067f9aeb5cfa6d50356235ac20a
dp_best_dp_ddim10_ta01,4,pick_up_the_black_bowl_next_to_the_plate_and_place_it_on_the_plate,41,14041,1,134,134,22d80af3dce5342b66c414ffc4644d6df6b0c067f9aeb5cfa6d50356235ac20a
dp_best_dp_ddim10_ta01,4,pick_up_the_black_bowl_next_to_the_plate_and_place_it_on_the_plate,23,14023,0,600,600,22d80af3dce5342b66c414ffc4644d6df6b0c067f9aeb5cfa6d50356235ac20a
dp_best_dp_ddim10_ta01,4,pick_up_the_black_bowl_next_to_the_plate_and_place_it_on_the_plate,44,14044,1,116,116,22d80af3dce5342b66c414ffc4644d6df6b0c067f9aeb5cfa6d50356235ac20a
dp_best_dp_ddim10_ta01,4,pick_up_the_black_bowl_next_to_the_plate_and_place_it_on_the_plate,27,14027,0,600,600,22d80af3dce5342b66c414ffc4644d6df6b0c067f9aeb5cfa6d50356235ac20a
dp_best_dp_ddim10_ta01,4,pick_up_the_black_bowl_next_to_the_plate_and_place_it_on_the_plate,45,14045,1,133,133,22d80af3dce5342b66c414ffc4644d6df6b0c067f9aeb5cfa6d50356235ac20a
dp_best_dp_ddim10_ta01,6,pick_up_the_black_bowl_on_the_cookie_box_and_place_it_on_the_plate,0,16000,1,97,97,22d80af3dce5342b66c414ffc4644d6df6b0c067f9aeb5cfa6d50356235ac20a
dp_best_dp_ddim10_ta01,4,pick_up_the_black_bowl_next_to_the_plate_and_place_it_on_the_plate,49,14049,1,150,150,22d80af3dce5342b66c414ffc4644d6df6b0c067f9aeb5cfa6d50356235ac20a
dp_best_dp_ddim10_ta01,4,pick_up_the_black_bowl_next_to_the_plate_and_place_it_on_the_plate,33,14033,0,600,600,22d80af3dce5342b66c414ffc4644d6df6b0c067f9aeb5cfa6d50356235ac20a
dp_best_dp_ddim10_ta01,6,pick_up_the_black_bowl_on_the_cookie_box_and_place_it_on_the_plate,1,16001,1,98,98,22d80af3dce5342b66c414ffc4644d6df6b0c067f9aeb5cfa6d50356235ac20a
dp_best_dp_ddim10_ta01,6,pick_up_the_black_bowl_on_the_cookie_box_and_place_it_on_the_plate,2,16002,1,97,97,22d80af3dce5342b66c414ffc4644d6df6b0c067f9aeb5cfa6d50356235ac20a
dp_best_dp_ddim10_ta01,6,pick_up_the_black_bowl_on_the_cookie_box_and_place_it_on_the_plate,3,16003,1,108,108,22d80af3dce5342b66c414ffc4644d6df6b0c067f9aeb5cfa6d50356235ac20a
dp_best_dp_ddim10_ta01,6,pick_up_the_black_bowl_on_the_cookie_box_and_place_it_on_the_plate,4,16004,1,111,111,22d80af3dce5342b66c414ffc4644d6df6b0c067f9aeb5cfa6d50356235ac20a
dp_best_dp_ddim10_ta01,6,pick_up_the_black_bowl_on_the_cookie_box_and_place_it_on_the_plate,5,16005,1,115,115,22d80af3dce5342b66c414ffc4644d6df6b0c067f9aeb5cfa6d50356235ac20a
dp_best_dp_ddim10_ta01,4,pick_up_the_black_bowl_next_to_the_plate_and_place_it_on_the_plate,48,14048,1,384,384,22d80af3dce5342b66c414ffc4644d6df6b0c067f9aeb5cfa6d50356235ac20a
dp_best_dp_ddim10_ta01,6,pick_up_the_black_bowl_on_the_cookie_box_and_place_it_on_the_plate,6,16006,1,97,97,22d80af3dce5342b66c414ffc4644d6df6b0c067f9aeb5cfa6d50356235ac20a
dp_best_dp_ddim10_ta01,4,pick_up_the_black_bowl_next_to_the_plate_and_place_it_on_the_plate,42,14042,0,600,600,22d80af3dce5342b66c414ffc4644d6df6b0c067f9aeb5cfa6d50356235ac20a
dp_best_dp_ddim10_ta01,6,pick_up_the_black_bowl_on_the_cookie_box_and_place_it_on_the_plate,7,16007,1,94,94,22d80af3dce5342b66c414ffc4644d6df6b0c067f9aeb5cfa6d50356235ac20a
dp_best_dp_ddim10_ta01,4,pick_up_the_black_bowl_next_to_the_plate_and_place_it_on_the_plate,43,14043,0,600,600,22d80af3dce5342b66c414ffc4644d6df6b0c067f9aeb5cfa6d50356235ac20a
dp_best_dp_ddim10_ta01,6,pick_up_the_black_bowl_on_the_cookie_box_and_place_it_on_the_plate,8,16008,1,102,102,22d80af3dce5342b66c414ffc4644d6df6b0c067f9aeb5cfa6d50356235ac20a
dp_best_dp_ddim10_ta01,6,pick_up_the_black_bowl_on_the_cookie_box_and_place_it_on_the_plate,9,16009,1,109,109,22d80af3dce5342b66c414ffc4644d6df6b0c067f9aeb5cfa6d50356235ac20a
dp_best_dp_ddim10_ta01,4,pick_up_the_black_bowl_next_to_the_plate_and_place_it_on_the_plate,46,14046,0,600,600,22d80af3dce5342b66c414ffc4644d6df6b0c067f9aeb5cfa6d50356235ac20a
dp_best_dp_ddim10_ta01,4,pick_up_the_black_bowl_next_to_the_plate_and_place_it_on_the_plate,47,14047,0,600,600,22d80af3dce5342b66c414ffc4644d6df6b0c067f9aeb5cfa6d50356235ac20a
dp_best_dp_ddim10_ta01,6,pick_up_the_black_bowl_on_the_cookie_box_and_place_it_on_the_plate,11,16011,1,106,106,22d80af3dce5342b66c414ffc4644d6df6b0c067f9aeb5cfa6d50356235ac20a
dp_best_dp_ddim10_ta01,6,pick_up_the_black_bowl_on_the_cookie_box_and_place_it_on_the_plate,12,16012,1,109,109,22d80af3dce5342b66c414ffc4644d6df6b0c067f9aeb5cfa6d50356235ac20a
dp_best_dp_ddim10_ta01,6,pick_up_the_black_bowl_on_the_cookie_box_and_place_it_on_the_plate,10,16010,1,170,170,22d80af3dce5342b66c414ffc4644d6df6b0c067f9aeb5cfa6d50356235ac20a
dp_best_dp_ddim10_ta01,6,pick_up_the_black_bowl_on_the_cookie_box_and_place_it_on_the_plate,13,16013,1,99,99,22d80af3dce5342b66c414ffc4644d6df6b0c067f9aeb5cfa6d50356235ac20a
dp_best_dp_ddim10_ta01,6,pick_up_the_black_bowl_on_the_cookie_box_and_place_it_on_the_plate,15,16015,1,104,104,22d80af3dce5342b66c414ffc4644d6df6b0c067f9aeb5cfa6d50356235ac20a
dp_best_dp_ddim10_ta01,6,pick_up_the_black_bowl_on_the_cookie_box_and_place_it_on_the_plate,14,16014,1,134,134,22d80af3dce5342b66c414ffc4644d6df6b0c067f9aeb5cfa6d50356235ac20a
dp_best_dp_ddim10_ta01,6,pick_up_the_black_bowl_on_the_cookie_box_and_place_it_on_the_plate,16,16016,1,106,106,22d80af3dce5342b66c414ffc4644d6df6b0c067f9aeb5cfa6d50356235ac20a
dp_best_dp_ddim10_ta01,6,pick_up_the_black_bowl_on_the_cookie_box_and_place_it_on_the_plate,19,16019,1,96,96,22d80af3dce5342b66c414ffc4644d6df6b0c067f9aeb5cfa6d50356235ac20a
dp_best_dp_ddim10_ta01,6,pick_up_the_black_bowl_on_the_cookie_box_and_place_it_on_the_plate,17,16017,1,122,122,22d80af3dce5342b66c414ffc4644d6df6b0c067f9aeb5cfa6d50356235ac20a
dp_best_dp_ddim10_ta01,6,pick_up_the_black_bowl_on_the_cookie_box_and_place_it_on_the_plate,21,16021,1,107,107,22d80af3dce5342b66c414ffc4644d6df6b0c067f9aeb5cfa6d50356235ac20a
dp_best_dp_ddim10_ta01,6,pick_up_the_black_bowl_on_the_cookie_box_and_place_it_on_the_plate,20,16020,1,115,115,22d80af3dce5342b66c414ffc4644d6df6b0c067f9aeb5cfa6d50356235ac20a
dp_best_dp_ddim10_ta01,6,pick_up_the_black_bowl_on_the_cookie_box_and_place_it_on_the_plate,18,16018,1,139,139,22d80af3dce5342b66c414ffc4644d6df6b0c067f9aeb5cfa6d50356235ac20a
dp_best_dp_ddim10_ta01,6,pick_up_the_black_bowl_on_the_cookie_box_and_place_it_on_the_plate,22,16022,1,99,99,22d80af3dce5342b66c414ffc4644d6df6b0c067f9aeb5cfa6d50356235ac20a
dp_best_dp_ddim10_ta01,6,pick_up_the_black_bowl_on_the_cookie_box_and_place_it_on_the_plate,23,16023,1,112,112,22d80af3dce5342b66c414ffc4644d6df6b0c067f9aeb5cfa6d50356235ac20a
dp_best_dp_ddim10_ta01,6,pick_up_the_black_bowl_on_the_cookie_box_and_place_it_on_the_plate,25,16025,1,103,103,22d80af3dce5342b66c414ffc4644d6df6b0c067f9aeb5cfa6d50356235ac20a
dp_best_dp_ddim10_ta01,6,pick_up_the_black_bowl_on_the_cookie_box_and_place_it_on_the_plate,24,16024,1,117,117,22d80af3dce5342b66c414ffc4644d6df6b0c067f9aeb5cfa6d50356235ac20a
dp_best_dp_ddim10_ta01,6,pick_up_the_black_bowl_on_the_cookie_box_and_place_it_on_the_plate,26,16026,1,94,94,22d80af3dce5342b66c414ffc4644d6df6b0c067f9aeb5cfa6d50356235ac20a
dp_best_dp_ddim10_ta01,6,pick_up_the_black_bowl_on_the_cookie_box_and_place_it_on_the_plate,27,16027,1,94,94,22d80af3dce5342b66c414ffc4644d6df6b0c067f9aeb5cfa6d50356235ac20a
dp_best_dp_ddim10_ta01,6,pick_up_the_black_bowl_on_the_cookie_box_and_place_it_on_the_plate,29,16029,1,98,98,22d80af3dce5342b66c414ffc4644d6df6b0c067f9aeb5cfa6d50356235ac20a
dp_best_dp_ddim10_ta01,6,pick_up_the_black_bowl_on_the_cookie_box_and_place_it_on_the_plate,28,16028,1,109,109,22d80af3dce5342b66c414ffc4644d6df6b0c067f9aeb5cfa6d50356235ac20a
dp_best_dp_ddim10_ta01,6,pick_up_the_black_bowl_on_the_cookie_box_and_place_it_on_the_plate,30,16030,1,115,115,22d80af3dce5342b66c414ffc4644d6df6b0c067f9aeb5cfa6d50356235ac20a
dp_best_dp_ddim10_ta01,6,pick_up_the_black_bowl_on_the_cookie_box_and_place_it_on_the_plate,31,16031,1,95,95,22d80af3dce5342b66c414ffc4644d6df6b0c067f9aeb5cfa6d50356235ac20a
dp_best_dp_ddim10_ta01,6,pick_up_the_black_bowl_on_the_cookie_box_and_place_it_on_the_plate,34,16034,1,102,102,22d80af3dce5342b66c414ffc4644d6df6b0c067f9aeb5cfa6d50356235ac20a
dp_best_dp_ddim10_ta01,6,pick_up_the_black_bowl_on_the_cookie_box_and_place_it_on_the_plate,33,16033,1,108,108,22d80af3dce5342b66c414ffc4644d6df6b0c067f9aeb5cfa6d50356235ac20a
dp_best_dp_ddim10_ta01,6,pick_up_the_black_bowl_on_the_cookie_box_and_place_it_on_the_plate,35,16035,1,107,107,22d80af3dce5342b66c414ffc4644d6df6b0c067f9aeb5cfa6d50356235ac20a
dp_best_dp_ddim10_ta01,6,pick_up_the_black_bowl_on_the_cookie_box_and_place_it_on_the_plate,36,16036,1,102,102,22d80af3dce5342b66c414ffc4644d6df6b0c067f9aeb5cfa6d50356235ac20a
dp_best_dp_ddim10_ta01,6,pick_up_the_black_bowl_on_the_cookie_box_and_place_it_on_the_plate,37,16037,1,104,104,22d80af3dce5342b66c414ffc4644d6df6b0c067f9aeb5cfa6d50356235ac20a
dp_best_dp_ddim10_ta01,6,pick_up_the_black_bowl_on_the_cookie_box_and_place_it_on_the_plate,38,16038,1,101,101,22d80af3dce5342b66c414ffc4644d6df6b0c067f9aeb5cfa6d50356235ac20a
dp_best_dp_ddim10_ta01,6,pick_up_the_black_bowl_on_the_cookie_box_and_place_it_on_the_plate,39,16039,1,108,108,22d80af3dce5342b66c414ffc4644d6df6b0c067f9aeb5cfa6d50356235ac20a
dp_best_dp_ddim10_ta01,6,pick_up_the_black_bowl_on_the_cookie_box_and_place_it_on_the_plate,41,16041,1,102,102,22d80af3dce5342b66c414ffc4644d6df6b0c067f9aeb5cfa6d50356235ac20a
dp_best_dp_ddim10_ta01,6,pick_up_the_black_bowl_on_the_cookie_box_and_place_it_on_the_plate,40,16040,1,122,122,22d80af3dce5342b66c414ffc4644d6df6b0c067f9aeb5cfa6d50356235ac20a
dp_best_dp_ddim10_ta01,6,pick_up_the_black_bowl_on_the_cookie_box_and_place_it_on_the_plate,43,16043,1,112,112,22d80af3dce5342b66c414ffc4644d6df6b0c067f9aeb5cfa6d50356235ac20a
dp_best_dp_ddim10_ta01,6,pick_up_the_black_bowl_on_the_cookie_box_and_place_it_on_the_plate,42,16042,1,119,119,22d80af3dce5342b66c414ffc4644d6df6b0c067f9aeb5cfa6d50356235ac20a
dp_best_dp_ddim10_ta01,6,pick_up_the_black_bowl_on_the_cookie_box_and_place_it_on_the_plate,44,16044,1,107,107,22d80af3dce5342b66c414ffc4644d6df6b0c067f9aeb5cfa6d50356235ac20a
dp_best_dp_ddim10_ta01,6,pick_up_the_black_bowl_on_the_cookie_box_and_place_it_on_the_plate,45,16045,1,100,100,22d80af3dce5342b66c414ffc4644d6df6b0c067f9aeb5cfa6d50356235ac20a
dp_best_dp_ddim10_ta01,6,pick_up_the_black_bowl_on_the_cookie_box_and_place_it_on_the_plate,46,16046,1,125,125,22d80af3dce5342b66c414ffc4644d6df6b0c067f9aeb5cfa6d50356235ac20a
dp_best_dp_ddim10_ta01,6,pick_up_the_black_bowl_on_the_cookie_box_and_place_it_on_the_plate,47,16047,1,100,100,22d80af3dce5342b66c414ffc4644d6df6b0c067f9aeb5cfa6d50356235ac20a
dp_best_dp_ddim10_ta01,6,pick_up_the_black_bowl_on_the_cookie_box_and_place_it_on_the_plate,48,16048,1,102,102,22d80af3dce5342b66c414ffc4644d6df6b0c067f9aeb5cfa6d50356235ac20a
dp_best_dp_ddim10_ta01,6,pick_up_the_black_bowl_on_the_cookie_box_and_place_it_on_the_plate,49,16049,1,96,96,22d80af3dce5342b66c414ffc4644d6df6b0c067f9aeb5cfa6d50356235ac20a
dp_best_dp_ddim10_ta01,8,pick_up_the_black_bowl_on_the_stove_and_place_it_on_the_plate,0,18000,1,159,159,22d80af3dce5342b66c414ffc4644d6df6b0c067f9aeb5cfa6d50356235ac20a
dp_best_dp_ddim10_ta01,8,pick_up_the_black_bowl_on_the_stove_and_place_it_on_the_plate,1,18001,1,157,157,22d80af3dce5342b66c414ffc4644d6df6b0c067f9aeb5cfa6d50356235ac20a
dp_best_dp_ddim10_ta01,8,pick_up_the_black_bowl_on_the_stove_and_place_it_on_the_plate,2,18002,1,185,185,22d80af3dce5342b66c414ffc4644d6df6b0c067f9aeb5cfa6d50356235ac20a
dp_best_dp_ddim10_ta01,8,pick_up_the_black_bowl_on_the_stove_and_place_it_on_the_plate,4,18004,1,159,159,22d80af3dce5342b66c414ffc4644d6df6b0c067f9aeb5cfa6d50356235ac20a
dp_best_dp_ddim10_ta01,8,pick_up_the_black_bowl_on_the_stove_and_place_it_on_the_plate,5,18005,1,149,149,22d80af3dce5342b66c414ffc4644d6df6b0c067f9aeb5cfa6d50356235ac20a
dp_best_dp_ddim10_ta01,8,pick_up_the_black_bowl_on_the_stove_and_place_it_on_the_plate,3,18003,1,187,187,22d80af3dce5342b66c414ffc4644d6df6b0c067f9aeb5cfa6d50356235ac20a
dp_best_dp_ddim10_ta01,8,pick_up_the_black_bowl_on_the_stove_and_place_it_on_the_plate,6,18006,1,191,191,22d80af3dce5342b66c414ffc4644d6df6b0c067f9aeb5cfa6d50356235ac20a
dp_best_dp_ddim10_ta01,8,pick_up_the_black_bowl_on_the_stove_and_place_it_on_the_plate,7,18007,1,157,157,22d80af3dce5342b66c414ffc4644d6df6b0c067f9aeb5cfa6d50356235ac20a
dp_best_dp_ddim10_ta01,8,pick_up_the_black_bowl_on_the_stove_and_place_it_on_the_plate,8,18008,1,177,177,22d80af3dce5342b66c414ffc4644d6df6b0c067f9aeb5cfa6d50356235ac20a
dp_best_dp_ddim10_ta01,6,pick_up_the_black_bowl_on_the_cookie_box_and_place_it_on_the_plate,32,16032,0,600,600,22d80af3dce5342b66c414ffc4644d6df6b0c067f9aeb5cfa6d50356235ac20a
dp_best_dp_ddim10_ta01,8,pick_up_the_black_bowl_on_the_stove_and_place_it_on_the_plate,9,18009,1,169,169,22d80af3dce5342b66c414ffc4644d6df6b0c067f9aeb5cfa6d50356235ac20a
dp_best_dp_ddim10_ta01,8,pick_up_the_black_bowl_on_the_stove_and_place_it_on_the_plate,12,18012,1,141,141,22d80af3dce5342b66c414ffc4644d6df6b0c067f9aeb5cfa6d50356235ac20a
dp_best_dp_ddim10_ta01,8,pick_up_the_black_bowl_on_the_stove_and_place_it_on_the_plate,13,18013,1,172,172,22d80af3dce5342b66c414ffc4644d6df6b0c067f9aeb5cfa6d50356235ac20a
dp_best_dp_ddim10_ta01,8,pick_up_the_black_bowl_on_the_stove_and_place_it_on_the_plate,15,18015,1,141,141,22d80af3dce5342b66c414ffc4644d6df6b0c067f9aeb5cfa6d50356235ac20a
dp_best_dp_ddim10_ta01,8,pick_up_the_black_bowl_on_the_stove_and_place_it_on_the_plate,14,18014,1,164,164,22d80af3dce5342b66c414ffc4644d6df6b0c067f9aeb5cfa6d50356235ac20a
dp_best_dp_ddim10_ta01,8,pick_up_the_black_bowl_on_the_stove_and_place_it_on_the_plate,16,18016,1,154,154,22d80af3dce5342b66c414ffc4644d6df6b0c067f9aeb5cfa6d50356235ac20a
dp_best_dp_ddim10_ta01,8,pick_up_the_black_bowl_on_the_stove_and_place_it_on_the_plate,17,18017,1,153,153,22d80af3dce5342b66c414ffc4644d6df6b0c067f9aeb5cfa6d50356235ac20a
dp_best_dp_ddim10_ta01,8,pick_up_the_black_bowl_on_the_stove_and_place_it_on_the_plate,18,18018,1,170,170,22d80af3dce5342b66c414ffc4644d6df6b0c067f9aeb5cfa6d50356235ac20a
dp_best_dp_ddim10_ta01,8,pick_up_the_black_bowl_on_the_stove_and_place_it_on_the_plate,19,18019,1,125,125,22d80af3dce5342b66c414ffc4644d6df6b0c067f9aeb5cfa6d50356235ac20a
dp_best_dp_ddim10_ta01,8,pick_up_the_black_bowl_on_the_stove_and_place_it_on_the_plate,21,18021,1,159,159,22d80af3dce5342b66c414ffc4644d6df6b0c067f9aeb5cfa6d50356235ac20a
dp_best_dp_ddim10_ta01,8,pick_up_the_black_bowl_on_the_stove_and_place_it_on_the_plate,20,18020,1,168,168,22d80af3dce5342b66c414ffc4644d6df6b0c067f9aeb5cfa6d50356235ac20a
dp_best_dp_ddim10_ta01,8,pick_up_the_black_bowl_on_the_stove_and_place_it_on_the_plate,24,18024,1,124,124,22d80af3dce5342b66c414ffc4644d6df6b0c067f9aeb5cfa6d50356235ac20a
dp_best_dp_ddim10_ta01,8,pick_up_the_black_bowl_on_the_stove_and_place_it_on_the_plate,22,18022,1,182,182,22d80af3dce5342b66c414ffc4644d6df6b0c067f9aeb5cfa6d50356235ac20a
dp_best_dp_ddim10_ta01,8,pick_up_the_black_bowl_on_the_stove_and_place_it_on_the_plate,23,18023,1,155,155,22d80af3dce5342b66c414ffc4644d6df6b0c067f9aeb5cfa6d50356235ac20a
dp_best_dp_ddim10_ta01,8,pick_up_the_black_bowl_on_the_stove_and_place_it_on_the_plate,25,18025,1,165,165,22d80af3dce5342b66c414ffc4644d6df6b0c067f9aeb5cfa6d50356235ac20a
dp_best_dp_ddim10_ta01,8,pick_up_the_black_bowl_on_the_stove_and_place_it_on_the_plate,27,18027,1,163,163,22d80af3dce5342b66c414ffc4644d6df6b0c067f9aeb5cfa6d50356235ac20a
dp_best_dp_ddim10_ta01,8,pick_up_the_black_bowl_on_the_stove_and_place_it_on_the_plate,28,18028,1,134,134,22d80af3dce5342b66c414ffc4644d6df6b0c067f9aeb5cfa6d50356235ac20a
dp_best_dp_ddim10_ta01,8,pick_up_the_black_bowl_on_the_stove_and_place_it_on_the_plate,10,18010,0,600,600,22d80af3dce5342b66c414ffc4644d6df6b0c067f9aeb5cfa6d50356235ac20a
dp_best_dp_ddim10_ta01,8,pick_up_the_black_bowl_on_the_stove_and_place_it_on_the_plate,11,18011,0,600,600,22d80af3dce5342b66c414ffc4644d6df6b0c067f9aeb5cfa6d50356235ac20a
dp_best_dp_ddim10_ta01,8,pick_up_the_black_bowl_on_the_stove_and_place_it_on_the_plate,30,18030,1,157,157,22d80af3dce5342b66c414ffc4644d6df6b0c067f9aeb5cfa6d50356235ac20a
dp_best_dp_ddim10_ta01,8,pick_up_the_black_bowl_on_the_stove_and_place_it_on_the_plate,29,18029,1,178,178,22d80af3dce5342b66c414ffc4644d6df6b0c067f9aeb5cfa6d50356235ac20a
dp_best_dp_ddim10_ta01,8,pick_up_the_black_bowl_on_the_stove_and_place_it_on_the_plate,31,18031,1,141,141,22d80af3dce5342b66c414ffc4644d6df6b0c067f9aeb5cfa6d50356235ac20a
dp_best_dp_ddim10_ta01,8,pick_up_the_black_bowl_on_the_stove_and_place_it_on_the_plate,33,18033,1,150,150,22d80af3dce5342b66c414ffc4644d6df6b0c067f9aeb5cfa6d50356235ac20a
dp_best_dp_ddim10_ta01,8,pick_up_the_black_bowl_on_the_stove_and_place_it_on_the_plate,34,18034,1,153,153,22d80af3dce5342b66c414ffc4644d6df6b0c067f9aeb5cfa6d50356235ac20a
dp_best_dp_ddim10_ta01,8,pick_up_the_black_bowl_on_the_stove_and_place_it_on_the_plate,36,18036,1,138,138,22d80af3dce5342b66c414ffc4644d6df6b0c067f9aeb5cfa6d50356235ac20a
dp_best_dp_ddim10_ta01,8,pick_up_the_black_bowl_on_the_stove_and_place_it_on_the_plate,32,18032,1,175,175,22d80af3dce5342b66c414ffc4644d6df6b0c067f9aeb5cfa6d50356235ac20a
dp_best_dp_ddim10_ta01,8,pick_up_the_black_bowl_on_the_stove_and_place_it_on_the_plate,35,18035,1,165,165,22d80af3dce5342b66c414ffc4644d6df6b0c067f9aeb5cfa6d50356235ac20a
dp_best_dp_ddim10_ta01,8,pick_up_the_black_bowl_on_the_stove_and_place_it_on_the_plate,37,18037,1,156,156,22d80af3dce5342b66c414ffc4644d6df6b0c067f9aeb5cfa6d50356235ac20a
dp_best_dp_ddim10_ta01,8,pick_up_the_black_bowl_on_the_stove_and_place_it_on_the_plate,38,18038,1,189,189,22d80af3dce5342b66c414ffc4644d6df6b0c067f9aeb5cfa6d50356235ac20a
dp_best_dp_ddim10_ta01,8,pick_up_the_black_bowl_on_the_stove_and_place_it_on_the_plate,39,18039,1,149,149,22d80af3dce5342b66c414ffc4644d6df6b0c067f9aeb5cfa6d50356235ac20a
dp_best_dp_ddim10_ta01,8,pick_up_the_black_bowl_on_the_stove_and_place_it_on_the_plate,43,18043,1,141,141,22d80af3dce5342b66c414ffc4644d6df6b0c067f9aeb5cfa6d50356235ac20a
dp_best_dp_ddim10_ta01,8,pick_up_the_black_bowl_on_the_stove_and_place_it_on_the_plate,42,18042,1,171,171,22d80af3dce5342b66c414ffc4644d6df6b0c067f9aeb5cfa6d50356235ac20a
dp_best_dp_ddim10_ta01,8,pick_up_the_black_bowl_on_the_stove_and_place_it_on_the_plate,41,18041,1,182,182,22d80af3dce5342b66c414ffc4644d6df6b0c067f9aeb5cfa6d50356235ac20a
dp_best_dp_ddim10_ta01,8,pick_up_the_black_bowl_on_the_stove_and_place_it_on_the_plate,44,18044,1,170,170,22d80af3dce5342b66c414ffc4644d6df6b0c067f9aeb5cfa6d50356235ac20a
dp_best_dp_ddim10_ta01,8,pick_up_the_black_bowl_on_the_stove_and_place_it_on_the_plate,26,18026,0,600,600,22d80af3dce5342b66c414ffc4644d6df6b0c067f9aeb5cfa6d50356235ac20a
dp_best_dp_ddim10_ta01,8,pick_up_the_black_bowl_on_the_stove_and_place_it_on_the_plate,46,18046,1,160,160,22d80af3dce5342b66c414ffc4644d6df6b0c067f9aeb5cfa6d50356235ac20a
dp_best_dp_ddim10_ta01,8,pick_up_the_black_bowl_on_the_stove_and_place_it_on_the_plate,48,18048,1,140,140,22d80af3dce5342b66c414ffc4644d6df6b0c067f9aeb5cfa6d50356235ac20a
dp_best_dp_ddim10_ta01,8,pick_up_the_black_bowl_on_the_stove_and_place_it_on_the_plate,47,18047,1,161,161,22d80af3dce5342b66c414ffc4644d6df6b0c067f9aeb5cfa6d50356235ac20a
dp_best_dp_ddim10_ta01,8,pick_up_the_black_bowl_on_the_stove_and_place_it_on_the_plate,45,18045,1,291,291,22d80af3dce5342b66c414ffc4644d6df6b0c067f9aeb5cfa6d50356235ac20a
dp_best_dp_ddim10_ta01,8,pick_up_the_black_bowl_on_the_stove_and_place_it_on_the_plate,40,18040,0,600,600,22d80af3dce5342b66c414ffc4644d6df6b0c067f9aeb5cfa6d50356235ac20a
dp_best_dp_ddim10_ta01,8,pick_up_the_black_bowl_on_the_stove_and_place_it_on_the_plate,49,18049,0,600,600,22d80af3dce5342b66c414ffc4644d6df6b0c067f9aeb5cfa6d50356235ac20a
dp_best_dp_ddim10_ta01,1,pick_up_the_black_bowl_from_table_center_and_place_it_on_the_plate,2,11002,1,115,115,22d80af3dce5342b66c414ffc4644d6df6b0c067f9aeb5cfa6d50356235ac20a
dp_best_dp_ddim10_ta01,1,pick_up_the_black_bowl_from_table_center_and_place_it_on_the_plate,3,11003,1,115,115,22d80af3dce5342b66c414ffc4644d6df6b0c067f9aeb5cfa6d50356235ac20a
dp_best_dp_ddim10_ta01,1,pick_up_the_black_bowl_from_table_center_and_place_it_on_the_plate,4,11004,1,121,121,22d80af3dce5342b66c414ffc4644d6df6b0c067f9aeb5cfa6d50356235ac20a
dp_best_dp_ddim10_ta01,1,pick_up_the_black_bowl_from_table_center_and_place_it_on_the_plate,0,11000,1,130,130,22d80af3dce5342b66c414ffc4644d6df6b0c067f9aeb5cfa6d50356235ac20a
dp_best_dp_ddim10_ta01,1,pick_up_the_black_bowl_from_table_center_and_place_it_on_the_plate,1,11001,1,130,130,22d80af3dce5342b66c414ffc4644d6df6b0c067f9aeb5cfa6d50356235ac20a
dp_best_dp_ddim10_ta01,1,pick_up_the_black_bowl_from_table_center_and_place_it_on_the_plate,7,11007,1,150,150,22d80af3dce5342b66c414ffc4644d6df6b0c067f9aeb5cfa6d50356235ac20a
dp_best_dp_ddim10_ta01,1,pick_up_the_black_bowl_from_table_center_and_place_it_on_the_plate,6,11006,1,153,153,22d80af3dce5342b66c414ffc4644d6df6b0c067f9aeb5cfa6d50356235ac20a
dp_best_dp_ddim10_ta01,1,pick_up_the_black_bowl_from_table_center_and_place_it_on_the_plate,9,11009,1,116,116,22d80af3dce5342b66c414ffc4644d6df6b0c067f9aeb5cfa6d50356235ac20a
dp_best_dp_ddim10_ta01,1,pick_up_the_black_bowl_from_table_center_and_place_it_on_the_plate,10,11010,1,125,125,22d80af3dce5342b66c414ffc4644d6df6b0c067f9aeb5cfa6d50356235ac20a
dp_best_dp_ddim10_ta01,1,pick_up_the_black_bowl_from_table_center_and_place_it_on_the_plate,11,11011,1,118,118,22d80af3dce5342b66c414ffc4644d6df6b0c067f9aeb5cfa6d50356235ac20a
dp_best_dp_ddim10_ta01,1,pick_up_the_black_bowl_from_table_center_and_place_it_on_the_plate,12,11012,1,120,120,22d80af3dce5342b66c414ffc4644d6df6b0c067f9aeb5cfa6d50356235ac20a
dp_best_dp_ddim10_ta01,1,pick_up_the_black_bowl_from_table_center_and_place_it_on_the_plate,13,11013,1,105,105,22d80af3dce5342b66c414ffc4644d6df6b0c067f9aeb5cfa6d50356235ac20a
dp_best_dp_ddim10_ta01,1,pick_up_the_black_bowl_from_table_center_and_place_it_on_the_plate,14,11014,1,110,110,22d80af3dce5342b66c414ffc4644d6df6b0c067f9aeb5cfa6d50356235ac20a
dp_best_dp_ddim10_ta01,1,pick_up_the_black_bowl_from_table_center_and_place_it_on_the_plate,15,11015,1,116,116,22d80af3dce5342b66c414ffc4644d6df6b0c067f9aeb5cfa6d50356235ac20a
dp_best_dp_ddim10_ta01,1,pick_up_the_black_bowl_from_table_center_and_place_it_on_the_plate,16,11016,1,113,113,22d80af3dce5342b66c414ffc4644d6df6b0c067f9aeb5cfa6d50356235ac20a
dp_best_dp_ddim10_ta01,1,pick_up_the_black_bowl_from_table_center_and_place_it_on_the_plate,19,11019,1,124,124,22d80af3dce5342b66c414ffc4644d6df6b0c067f9aeb5cfa6d50356235ac20a
dp_best_dp_ddim10_ta01,1,pick_up_the_black_bowl_from_table_center_and_place_it_on_the_plate,18,11018,1,130,130,22d80af3dce5342b66c414ffc4644d6df6b0c067f9aeb5cfa6d50356235ac20a
dp_best_dp_ddim10_ta01,1,pick_up_the_black_bowl_from_table_center_and_place_it_on_the_plate,17,11017,1,152,152,22d80af3dce5342b66c414ffc4644d6df6b0c067f9aeb5cfa6d50356235ac20a
dp_best_dp_ddim10_ta01,1,pick_up_the_black_bowl_from_table_center_and_place_it_on_the_plate,20,11020,1,162,162,22d80af3dce5342b66c414ffc4644d6df6b0c067f9aeb5cfa6d50356235ac20a
dp_best_dp_ddim10_ta01,1,pick_up_the_black_bowl_from_table_center_and_place_it_on_the_plate,21,11021,1,138,138,22d80af3dce5342b66c414ffc4644d6df6b0c067f9aeb5cfa6d50356235ac20a
dp_best_dp_ddim10_ta01,1,pick_up_the_black_bowl_from_table_center_and_place_it_on_the_plate,22,11022,1,133,133,22d80af3dce5342b66c414ffc4644d6df6b0c067f9aeb5cfa6d50356235ac20a
dp_best_dp_ddim10_ta01,1,pick_up_the_black_bowl_from_table_center_and_place_it_on_the_plate,23,11023,1,139,139,22d80af3dce5342b66c414ffc4644d6df6b0c067f9aeb5cfa6d50356235ac20a
dp_best_dp_ddim10_ta01,1,pick_up_the_black_bowl_from_table_center_and_place_it_on_the_plate,24,11024,1,143,143,22d80af3dce5342b66c414ffc4644d6df6b0c067f9aeb5cfa6d50356235ac20a
dp_best_dp_ddim10_ta01,1,pick_up_the_black_bowl_from_table_center_and_place_it_on_the_plate,25,11025,1,124,124,22d80af3dce5342b66c414ffc4644d6df6b0c067f9aeb5cfa6d50356235ac20a
dp_best_dp_ddim10_ta01,1,pick_up_the_black_bowl_from_table_center_and_place_it_on_the_plate,27,11027,1,106,106,22d80af3dce5342b66c414ffc4644d6df6b0c067f9aeb5cfa6d50356235ac20a
dp_best_dp_ddim10_ta01,1,pick_up_the_black_bowl_from_table_center_and_place_it_on_the_plate,5,11005,0,600,600,22d80af3dce5342b66c414ffc4644d6df6b0c067f9aeb5cfa6d50356235ac20a
dp_best_dp_ddim10_ta01,1,pick_up_the_black_bowl_from_table_center_and_place_it_on_the_plate,28,11028,1,133,133,22d80af3dce5342b66c414ffc4644d6df6b0c067f9aeb5cfa6d50356235ac20a
dp_best_dp_ddim10_ta01,1,pick_up_the_black_bowl_from_table_center_and_place_it_on_the_plate,29,11029,1,136,136,22d80af3dce5342b66c414ffc4644d6df6b0c067f9aeb5cfa6d50356235ac20a
dp_best_dp_ddim10_ta01,1,pick_up_the_black_bowl_from_table_center_and_place_it_on_the_plate,8,11008,0,600,600,22d80af3dce5342b66c414ffc4644d6df6b0c067f9aeb5cfa6d50356235ac20a
dp_best_dp_ddim10_ta01,1,pick_up_the_black_bowl_from_table_center_and_place_it_on_the_plate,32,11032,1,139,139,22d80af3dce5342b66c414ffc4644d6df6b0c067f9aeb5cfa6d50356235ac20a
dp_best_dp_ddim10_ta01,1,pick_up_the_black_bowl_from_table_center_and_place_it_on_the_plate,35,11035,1,113,113,22d80af3dce5342b66c414ffc4644d6df6b0c067f9aeb5cfa6d50356235ac20a
dp_best_dp_ddim10_ta01,1,pick_up_the_black_bowl_from_table_center_and_place_it_on_the_plate,30,11030,1,253,253,22d80af3dce5342b66c414ffc4644d6df6b0c067f9aeb5cfa6d50356235ac20a
dp_best_dp_ddim10_ta01,1,pick_up_the_black_bowl_from_table_center_and_place_it_on_the_plate,33,11033,1,203,203,22d80af3dce5342b66c414ffc4644d6df6b0c067f9aeb5cfa6d50356235ac20a
dp_best_dp_ddim10_ta01,1,pick_up_the_black_bowl_from_table_center_and_place_it_on_the_plate,36,11036,1,121,121,22d80af3dce5342b66c414ffc4644d6df6b0c067f9aeb5cfa6d50356235ac20a
dp_best_dp_ddim10_ta01,1,pick_up_the_black_bowl_from_table_center_and_place_it_on_the_plate,37,11037,1,131,131,22d80af3dce5342b66c414ffc4644d6df6b0c067f9aeb5cfa6d50356235ac20a
dp_best_dp_ddim10_ta01,1,pick_up_the_black_bowl_from_table_center_and_place_it_on_the_plate,38,11038,1,124,124,22d80af3dce5342b66c414ffc4644d6df6b0c067f9aeb5cfa6d50356235ac20a
dp_best_dp_ddim10_ta01,1,pick_up_the_black_bowl_from_table_center_and_place_it_on_the_plate,41,11041,1,132,132,22d80af3dce5342b66c414ffc4644d6df6b0c067f9aeb5cfa6d50356235ac20a
dp_best_dp_ddim10_ta01,1,pick_up_the_black_bowl_from_table_center_and_place_it_on_the_plate,42,11042,1,121,121,22d80af3dce5342b66c414ffc4644d6df6b0c067f9aeb5cfa6d50356235ac20a
dp_best_dp_ddim10_ta01,1,pick_up_the_black_bowl_from_table_center_and_place_it_on_the_plate,26,11026,0,600,600,22d80af3dce5342b66c414ffc4644d6df6b0c067f9aeb5cfa6d50356235ac20a
dp_best_dp_ddim10_ta01,1,pick_up_the_black_bowl_from_table_center_and_place_it_on_the_plate,43,11043,1,196,196,22d80af3dce5342b66c414ffc4644d6df6b0c067f9aeb5cfa6d50356235ac20a
dp_best_dp_ddim10_ta01,1,pick_up_the_black_bowl_from_table_center_and_place_it_on_the_plate,44,11044,1,139,139,22d80af3dce5342b66c414ffc4644d6df6b0c067f9aeb5cfa6d50356235ac20a
dp_best_dp_ddim10_ta01,1,pick_up_the_black_bowl_from_table_center_and_place_it_on_the_plate,31,11031,0,600,600,22d80af3dce5342b66c414ffc4644d6df6b0c067f9aeb5cfa6d50356235ac20a
dp_best_dp_ddim10_ta01,1,pick_up_the_black_bowl_from_table_center_and_place_it_on_the_plate,46,11046,1,132,132,22d80af3dce5342b66c414ffc4644d6df6b0c067f9aeb5cfa6d50356235ac20a
dp_best_dp_ddim10_ta01,1,pick_up_the_black_bowl_from_table_center_and_place_it_on_the_plate,47,11047,1,121,121,22d80af3dce5342b66c414ffc4644d6df6b0c067f9aeb5cfa6d50356235ac20a
dp_best_dp_ddim10_ta01,1,pick_up_the_black_bowl_from_table_center_and_place_it_on_the_plate,34,11034,0,600,600,22d80af3dce5342b66c414ffc4644d6df6b0c067f9aeb5cfa6d50356235ac20a
dp_best_dp_ddim10_ta01,1,pick_up_the_black_bowl_from_table_center_and_place_it_on_the_plate,49,11049,1,125,125,22d80af3dce5342b66c414ffc4644d6df6b0c067f9aeb5cfa6d50356235ac20a
dp_best_dp_ddim10_ta01,3,pick_up_the_black_bowl_next_to_the_cookie_box_and_place_it_on_the_plate,0,13000,1,128,128,22d80af3dce5342b66c414ffc4644d6df6b0c067f9aeb5cfa6d50356235ac20a
dp_best_dp_ddim10_ta01,3,pick_up_the_black_bowl_next_to_the_cookie_box_and_place_it_on_the_plate,1,13001,1,121,121,22d80af3dce5342b66c414ffc4644d6df6b0c067f9aeb5cfa6d50356235ac20a
dp_best_dp_ddim10_ta01,3,pick_up_the_black_bowl_next_to_the_cookie_box_and_place_it_on_the_plate,3,13003,1,122,122,22d80af3dce5342b66c414ffc4644d6df6b0c067f9aeb5cfa6d50356235ac20a
dp_best_dp_ddim10_ta01,1,pick_up_the_black_bowl_from_table_center_and_place_it_on_the_plate,39,11039,0,600,600,22d80af3dce5342b66c414ffc4644d6df6b0c067f9aeb5cfa6d50356235ac20a
dp_best_dp_ddim10_ta01,3,pick_up_the_black_bowl_next_to_the_cookie_box_and_place_it_on_the_plate,2,13002,1,151,151,22d80af3dce5342b66c414ffc4644d6df6b0c067f9aeb5cfa6d50356235ac20a
dp_best_dp_ddim10_ta01,1,pick_up_the_black_bowl_from_table_center_and_place_it_on_the_plate,40,11040,0,600,600,22d80af3dce5342b66c414ffc4644d6df6b0c067f9aeb5cfa6d50356235ac20a
dp_best_dp_ddim10_ta01,3,pick_up_the_black_bowl_next_to_the_cookie_box_and_place_it_on_the_plate,4,13004,1,122,122,22d80af3dce5342b66c414ffc4644d6df6b0c067f9aeb5cfa6d50356235ac20a
dp_best_dp_ddim10_ta01,3,pick_up_the_black_bowl_next_to_the_cookie_box_and_place_it_on_the_plate,5,13005,1,150,150,22d80af3dce5342b66c414ffc4644d6df6b0c067f9aeb5cfa6d50356235ac20a
dp_best_dp_ddim10_ta01,3,pick_up_the_black_bowl_next_to_the_cookie_box_and_place_it_on_the_plate,7,13007,1,125,125,22d80af3dce5342b66c414ffc4644d6df6b0c067f9aeb5cfa6d50356235ac20a
dp_best_dp_ddim10_ta01,3,pick_up_the_black_bowl_next_to_the_cookie_box_and_place_it_on_the_plate,6,13006,1,131,131,22d80af3dce5342b66c414ffc4644d6df6b0c067f9aeb5cfa6d50356235ac20a
dp_best_dp_ddim10_ta01,3,pick_up_the_black_bowl_next_to_the_cookie_box_and_place_it_on_the_plate,8,13008,1,126,126,22d80af3dce5342b66c414ffc4644d6df6b0c067f9aeb5cfa6d50356235ac20a
dp_best_dp_ddim10_ta01,3,pick_up_the_black_bowl_next_to_the_cookie_box_and_place_it_on_the_plate,10,13010,1,125,125,22d80af3dce5342b66c414ffc4644d6df6b0c067f9aeb5cfa6d50356235ac20a
dp_best_dp_ddim10_ta01,3,pick_up_the_black_bowl_next_to_the_cookie_box_and_place_it_on_the_plate,9,13009,1,155,155,22d80af3dce5342b66c414ffc4644d6df6b0c067f9aeb5cfa6d50356235ac20a
dp_best_dp_ddim10_ta01,1,pick_up_the_black_bowl_from_table_center_and_place_it_on_the_plate,45,11045,0,600,600,22d80af3dce5342b66c414ffc4644d6df6b0c067f9aeb5cfa6d50356235ac20a
dp_best_dp_ddim10_ta01,3,pick_up_the_black_bowl_next_to_the_cookie_box_and_place_it_on_the_plate,11,13011,1,120,120,22d80af3dce5342b66c414ffc4644d6df6b0c067f9aeb5cfa6d50356235ac20a
dp_best_dp_ddim10_ta01,3,pick_up_the_black_bowl_next_to_the_cookie_box_and_place_it_on_the_plate,13,13013,1,123,123,22d80af3dce5342b66c414ffc4644d6df6b0c067f9aeb5cfa6d50356235ac20a
dp_best_dp_ddim10_ta01,3,pick_up_the_black_bowl_next_to_the_cookie_box_and_place_it_on_the_plate,12,13012,1,127,127,22d80af3dce5342b66c414ffc4644d6df6b0c067f9aeb5cfa6d50356235ac20a
dp_best_dp_ddim10_ta01,3,pick_up_the_black_bowl_next_to_the_cookie_box_and_place_it_on_the_plate,14,13014,1,140,140,22d80af3dce5342b66c414ffc4644d6df6b0c067f9aeb5cfa6d50356235ac20a
dp_best_dp_ddim10_ta01,3,pick_up_the_black_bowl_next_to_the_cookie_box_and_place_it_on_the_plate,15,13015,1,122,122,22d80af3dce5342b66c414ffc4644d6df6b0c067f9aeb5cfa6d50356235ac20a
dp_best_dp_ddim10_ta01,3,pick_up_the_black_bowl_next_to_the_cookie_box_and_place_it_on_the_plate,16,13016,1,112,112,22d80af3dce5342b66c414ffc4644d6df6b0c067f9aeb5cfa6d50356235ac20a
dp_best_dp_ddim10_ta01,3,pick_up_the_black_bowl_next_to_the_cookie_box_and_place_it_on_the_plate,17,13017,1,118,118,22d80af3dce5342b66c414ffc4644d6df6b0c067f9aeb5cfa6d50356235ac20a
dp_best_dp_ddim10_ta01,1,pick_up_the_black_bowl_from_table_center_and_place_it_on_the_plate,48,11048,0,600,600,22d80af3dce5342b66c414ffc4644d6df6b0c067f9aeb5cfa6d50356235ac20a
dp_best_dp_ddim10_ta01,3,pick_up_the_black_bowl_next_to_the_cookie_box_and_place_it_on_the_plate,18,13018,1,125,125,22d80af3dce5342b66c414ffc4644d6df6b0c067f9aeb5cfa6d50356235ac20a
dp_best_dp_ddim10_ta01,3,pick_up_the_black_bowl_next_to_the_cookie_box_and_place_it_on_the_plate,19,13019,1,120,120,22d80af3dce5342b66c414ffc4644d6df6b0c067f9aeb5cfa6d50356235ac20a
dp_best_dp_ddim10_ta01,3,pick_up_the_black_bowl_next_to_the_cookie_box_and_place_it_on_the_plate,20,13020,1,131,131,22d80af3dce5342b66c414ffc4644d6df6b0c067f9aeb5cfa6d50356235ac20a
dp_best_dp_ddim10_ta01,3,pick_up_the_black_bowl_next_to_the_cookie_box_and_place_it_on_the_plate,21,13021,1,128,128,22d80af3dce5342b66c414ffc4644d6df6b0c067f9aeb5cfa6d50356235ac20a
dp_best_dp_ddim10_ta01,3,pick_up_the_black_bowl_next_to_the_cookie_box_and_place_it_on_the_plate,22,13022,1,122,122,22d80af3dce5342b66c414ffc4644d6df6b0c067f9aeb5cfa6d50356235ac20a
dp_best_dp_ddim10_ta01,3,pick_up_the_black_bowl_next_to_the_cookie_box_and_place_it_on_the_plate,23,13023,1,134,134,22d80af3dce5342b66c414ffc4644d6df6b0c067f9aeb5cfa6d50356235ac20a
dp_best_dp_ddim10_ta01,3,pick_up_the_black_bowl_next_to_the_cookie_box_and_place_it_on_the_plate,24,13024,1,115,115,22d80af3dce5342b66c414ffc4644d6df6b0c067f9aeb5cfa6d50356235ac20a
dp_best_dp_ddim10_ta01,3,pick_up_the_black_bowl_next_to_the_cookie_box_and_place_it_on_the_plate,25,13025,1,131,131,22d80af3dce5342b66c414ffc4644d6df6b0c067f9aeb5cfa6d50356235ac20a
dp_best_dp_ddim10_ta01,3,pick_up_the_black_bowl_next_to_the_cookie_box_and_place_it_on_the_plate,26,13026,1,131,131,22d80af3dce5342b66c414ffc4644d6df6b0c067f9aeb5cfa6d50356235ac20a
dp_best_dp_ddim10_ta01,3,pick_up_the_black_bowl_next_to_the_cookie_box_and_place_it_on_the_plate,28,13028,1,117,117,22d80af3dce5342b66c414ffc4644d6df6b0c067f9aeb5cfa6d50356235ac20a
dp_best_dp_ddim10_ta01,3,pick_up_the_black_bowl_next_to_the_cookie_box_and_place_it_on_the_plate,27,13027,1,132,132,22d80af3dce5342b66c414ffc4644d6df6b0c067f9aeb5cfa6d50356235ac20a
dp_best_dp_ddim10_ta01,3,pick_up_the_black_bowl_next_to_the_cookie_box_and_place_it_on_the_plate,29,13029,1,128,128,22d80af3dce5342b66c414ffc4644d6df6b0c067f9aeb5cfa6d50356235ac20a
dp_best_dp_ddim10_ta01,3,pick_up_the_black_bowl_next_to_the_cookie_box_and_place_it_on_the_plate,30,13030,1,132,132,22d80af3dce5342b66c414ffc4644d6df6b0c067f9aeb5cfa6d50356235ac20a
dp_best_dp_ddim10_ta01,3,pick_up_the_black_bowl_next_to_the_cookie_box_and_place_it_on_the_plate,31,13031,1,122,122,22d80af3dce5342b66c414ffc4644d6df6b0c067f9aeb5cfa6d50356235ac20a
dp_best_dp_ddim10_ta01,3,pick_up_the_black_bowl_next_to_the_cookie_box_and_place_it_on_the_plate,33,13033,1,131,131,22d80af3dce5342b66c414ffc4644d6df6b0c067f9aeb5cfa6d50356235ac20a
dp_best_dp_ddim10_ta01,3,pick_up_the_black_bowl_next_to_the_cookie_box_and_place_it_on_the_plate,34,13034,1,125,125,22d80af3dce5342b66c414ffc4644d6df6b0c067f9aeb5cfa6d50356235ac20a
dp_best_dp_ddim10_ta01,3,pick_up_the_black_bowl_next_to_the_cookie_box_and_place_it_on_the_plate,36,13036,1,112,112,22d80af3dce5342b66c414ffc4644d6df6b0c067f9aeb5cfa6d50356235ac20a
dp_best_dp_ddim10_ta01,3,pick_up_the_black_bowl_next_to_the_cookie_box_and_place_it_on_the_plate,35,13035,1,122,122,22d80af3dce5342b66c414ffc4644d6df6b0c067f9aeb5cfa6d50356235ac20a
dp_best_dp_ddim10_ta01,3,pick_up_the_black_bowl_next_to_the_cookie_box_and_place_it_on_the_plate,38,13038,1,122,122,22d80af3dce5342b66c414ffc4644d6df6b0c067f9aeb5cfa6d50356235ac20a
dp_best_dp_ddim10_ta01,3,pick_up_the_black_bowl_next_to_the_cookie_box_and_place_it_on_the_plate,39,13039,1,122,122,22d80af3dce5342b66c414ffc4644d6df6b0c067f9aeb5cfa6d50356235ac20a
dp_best_dp_ddim10_ta01,3,pick_up_the_black_bowl_next_to_the_cookie_box_and_place_it_on_the_plate,37,13037,1,172,172,22d80af3dce5342b66c414ffc4644d6df6b0c067f9aeb5cfa6d50356235ac20a
dp_best_dp_ddim10_ta01,3,pick_up_the_black_bowl_next_to_the_cookie_box_and_place_it_on_the_plate,40,13040,1,129,129,22d80af3dce5342b66c414ffc4644d6df6b0c067f9aeb5cfa6d50356235ac20a
dp_best_dp_ddim10_ta01,3,pick_up_the_black_bowl_next_to_the_cookie_box_and_place_it_on_the_plate,41,13041,1,125,125,22d80af3dce5342b66c414ffc4644d6df6b0c067f9aeb5cfa6d50356235ac20a
dp_best_dp_ddim10_ta01,3,pick_up_the_black_bowl_next_to_the_cookie_box_and_place_it_on_the_plate,42,13042,1,124,124,22d80af3dce5342b66c414ffc4644d6df6b0c067f9aeb5cfa6d50356235ac20a
dp_best_dp_ddim10_ta01,3,pick_up_the_black_bowl_next_to_the_cookie_box_and_place_it_on_the_plate,43,13043,1,133,133,22d80af3dce5342b66c414ffc4644d6df6b0c067f9aeb5cfa6d50356235ac20a
dp_best_dp_ddim10_ta01,3,pick_up_the_black_bowl_next_to_the_cookie_box_and_place_it_on_the_plate,45,13045,1,123,123,22d80af3dce5342b66c414ffc4644d6df6b0c067f9aeb5cfa6d50356235ac20a
dp_best_dp_ddim10_ta01,3,pick_up_the_black_bowl_next_to_the_cookie_box_and_place_it_on_the_plate,44,13044,1,150,150,22d80af3dce5342b66c414ffc4644d6df6b0c067f9aeb5cfa6d50356235ac20a
dp_best_dp_ddim10_ta01,3,pick_up_the_black_bowl_next_to_the_cookie_box_and_place_it_on_the_plate,46,13046,1,126,126,22d80af3dce5342b66c414ffc4644d6df6b0c067f9aeb5cfa6d50356235ac20a
dp_best_dp_ddim10_ta01,3,pick_up_the_black_bowl_next_to_the_cookie_box_and_place_it_on_the_plate,47,13047,1,129,129,22d80af3dce5342b66c414ffc4644d6df6b0c067f9aeb5cfa6d50356235ac20a
dp_best_dp_ddim10_ta01,3,pick_up_the_black_bowl_next_to_the_cookie_box_and_place_it_on_the_plate,49,13049,1,119,119,22d80af3dce5342b66c414ffc4644d6df6b0c067f9aeb5cfa6d50356235ac20a
dp_best_dp_ddim10_ta01,3,pick_up_the_black_bowl_next_to_the_cookie_box_and_place_it_on_the_plate,48,13048,1,146,146,22d80af3dce5342b66c414ffc4644d6df6b0c067f9aeb5cfa6d50356235ac20a
dp_best_dp_ddim10_ta01,5,pick_up_the_black_bowl_next_to_the_ramekin_and_place_it_on_the_plate,0,15000,1,151,151,22d80af3dce5342b66c414ffc4644d6df6b0c067f9aeb5cfa6d50356235ac20a
dp_best_dp_ddim10_ta01,5,pick_up_the_black_bowl_next_to_the_ramekin_and_place_it_on_the_plate,1,15001,1,116,116,22d80af3dce5342b66c414ffc4644d6df6b0c067f9aeb5cfa6d50356235ac20a
dp_best_dp_ddim10_ta01,5,pick_up_the_black_bowl_next_to_the_ramekin_and_place_it_on_the_plate,2,15002,1,143,143,22d80af3dce5342b66c414ffc4644d6df6b0c067f9aeb5cfa6d50356235ac20a
dp_best_dp_ddim10_ta01,5,pick_up_the_black_bowl_next_to_the_ramekin_and_place_it_on_the_plate,4,15004,1,142,142,22d80af3dce5342b66c414ffc4644d6df6b0c067f9aeb5cfa6d50356235ac20a
dp_best_dp_ddim10_ta01,5,pick_up_the_black_bowl_next_to_the_ramekin_and_place_it_on_the_plate,3,15003,1,173,173,22d80af3dce5342b66c414ffc4644d6df6b0c067f9aeb5cfa6d50356235ac20a
dp_best_dp_ddim10_ta01,5,pick_up_the_black_bowl_next_to_the_ramekin_and_place_it_on_the_plate,6,15006,1,154,154,22d80af3dce5342b66c414ffc4644d6df6b0c067f9aeb5cfa6d50356235ac20a
dp_best_dp_ddim10_ta01,5,pick_up_the_black_bowl_next_to_the_ramekin_and_place_it_on_the_plate,5,15005,1,177,177,22d80af3dce5342b66c414ffc4644d6df6b0c067f9aeb5cfa6d50356235ac20a
dp_best_dp_ddim10_ta01,3,pick_up_the_black_bowl_next_to_the_cookie_box_and_place_it_on_the_plate,32,13032,0,600,600,22d80af3dce5342b66c414ffc4644d6df6b0c067f9aeb5cfa6d50356235ac20a
dp_best_dp_ddim10_ta01,5,pick_up_the_black_bowl_next_to_the_ramekin_and_place_it_on_the_plate,8,15008,1,146,146,22d80af3dce5342b66c414ffc4644d6df6b0c067f9aeb5cfa6d50356235ac20a
dp_best_dp_ddim10_ta01,5,pick_up_the_black_bowl_next_to_the_ramekin_and_place_it_on_the_plate,7,15007,1,158,158,22d80af3dce5342b66c414ffc4644d6df6b0c067f9aeb5cfa6d50356235ac20a
dp_best_dp_ddim10_ta01,5,pick_up_the_black_bowl_next_to_the_ramekin_and_place_it_on_the_plate,9,15009,1,125,125,22d80af3dce5342b66c414ffc4644d6df6b0c067f9aeb5cfa6d50356235ac20a
dp_best_dp_ddim10_ta01,5,pick_up_the_black_bowl_next_to_the_ramekin_and_place_it_on_the_plate,11,15011,1,121,121,22d80af3dce5342b66c414ffc4644d6df6b0c067f9aeb5cfa6d50356235ac20a
dp_best_dp_ddim10_ta01,5,pick_up_the_black_bowl_next_to_the_ramekin_and_place_it_on_the_plate,10,15010,1,135,135,22d80af3dce5342b66c414ffc4644d6df6b0c067f9aeb5cfa6d50356235ac20a
dp_best_dp_ddim10_ta01,5,pick_up_the_black_bowl_next_to_the_ramekin_and_place_it_on_the_plate,13,15013,1,132,132,22d80af3dce5342b66c414ffc4644d6df6b0c067f9aeb5cfa6d50356235ac20a
dp_best_dp_ddim10_ta01,5,pick_up_the_black_bowl_next_to_the_ramekin_and_place_it_on_the_plate,12,15012,1,154,154,22d80af3dce5342b66c414ffc4644d6df6b0c067f9aeb5cfa6d50356235ac20a
dp_best_dp_ddim10_ta01,5,pick_up_the_black_bowl_next_to_the_ramekin_and_place_it_on_the_plate,17,15017,1,141,141,22d80af3dce5342b66c414ffc4644d6df6b0c067f9aeb5cfa6d50356235ac20a
dp_best_dp_ddim10_ta01,5,pick_up_the_black_bowl_next_to_the_ramekin_and_place_it_on_the_plate,16,15016,1,158,158,22d80af3dce5342b66c414ffc4644d6df6b0c067f9aeb5cfa6d50356235ac20a
dp_best_dp_ddim10_ta01,5,pick_up_the_black_bowl_next_to_the_ramekin_and_place_it_on_the_plate,18,15018,1,127,127,22d80af3dce5342b66c414ffc4644d6df6b0c067f9aeb5cfa6d50356235ac20a
dp_best_dp_ddim10_ta01,5,pick_up_the_black_bowl_next_to_the_ramekin_and_place_it_on_the_plate,19,15019,1,137,137,22d80af3dce5342b66c414ffc4644d6df6b0c067f9aeb5cfa6d50356235ac20a
dp_best_dp_ddim10_ta01,5,pick_up_the_black_bowl_next_to_the_ramekin_and_place_it_on_the_plate,20,15020,1,130,130,22d80af3dce5342b66c414ffc4644d6df6b0c067f9aeb5cfa6d50356235ac20a
dp_best_dp_ddim10_ta01,5,pick_up_the_black_bowl_next_to_the_ramekin_and_place_it_on_the_plate,22,15022,1,140,140,22d80af3dce5342b66c414ffc4644d6df6b0c067f9aeb5cfa6d50356235ac20a
dp_best_dp_ddim10_ta01,5,pick_up_the_black_bowl_next_to_the_ramekin_and_place_it_on_the_plate,21,15021,1,167,167,22d80af3dce5342b66c414ffc4644d6df6b0c067f9aeb5cfa6d50356235ac20a
dp_best_dp_ddim10_ta01,5,pick_up_the_black_bowl_next_to_the_ramekin_and_place_it_on_the_plate,23,15023,1,146,146,22d80af3dce5342b66c414ffc4644d6df6b0c067f9aeb5cfa6d50356235ac20a
dp_best_dp_ddim10_ta01,5,pick_up_the_black_bowl_next_to_the_ramekin_and_place_it_on_the_plate,26,15026,1,138,138,22d80af3dce5342b66c414ffc4644d6df6b0c067f9aeb5cfa6d50356235ac20a
dp_best_dp_ddim10_ta01,5,pick_up_the_black_bowl_next_to_the_ramekin_and_place_it_on_the_plate,27,15027,1,119,119,22d80af3dce5342b66c414ffc4644d6df6b0c067f9aeb5cfa6d50356235ac20a
dp_best_dp_ddim10_ta01,5,pick_up_the_black_bowl_next_to_the_ramekin_and_place_it_on_the_plate,28,15028,1,148,148,22d80af3dce5342b66c414ffc4644d6df6b0c067f9aeb5cfa6d50356235ac20a
dp_best_dp_ddim10_ta01,5,pick_up_the_black_bowl_next_to_the_ramekin_and_place_it_on_the_plate,29,15029,1,136,136,22d80af3dce5342b66c414ffc4644d6df6b0c067f9aeb5cfa6d50356235ac20a
dp_best_dp_ddim10_ta01,5,pick_up_the_black_bowl_next_to_the_ramekin_and_place_it_on_the_plate,15,15015,1,478,478,22d80af3dce5342b66c414ffc4644d6df6b0c067f9aeb5cfa6d50356235ac20a
dp_best_dp_ddim10_ta01,5,pick_up_the_black_bowl_next_to_the_ramekin_and_place_it_on_the_plate,30,15030,1,129,129,22d80af3dce5342b66c414ffc4644d6df6b0c067f9aeb5cfa6d50356235ac20a
dp_best_dp_ddim10_ta01,5,pick_up_the_black_bowl_next_to_the_ramekin_and_place_it_on_the_plate,14,15014,0,600,600,22d80af3dce5342b66c414ffc4644d6df6b0c067f9aeb5cfa6d50356235ac20a
dp_best_dp_ddim10_ta01,5,pick_up_the_black_bowl_next_to_the_ramekin_and_place_it_on_the_plate,33,15033,1,131,131,22d80af3dce5342b66c414ffc4644d6df6b0c067f9aeb5cfa6d50356235ac20a
dp_best_dp_ddim10_ta01,5,pick_up_the_black_bowl_next_to_the_ramekin_and_place_it_on_the_plate,32,15032,1,150,150,22d80af3dce5342b66c414ffc4644d6df6b0c067f9aeb5cfa6d50356235ac20a
dp_best_dp_ddim10_ta01,5,pick_up_the_black_bowl_next_to_the_ramekin_and_place_it_on_the_plate,35,15035,1,122,122,22d80af3dce5342b66c414ffc4644d6df6b0c067f9aeb5cfa6d50356235ac20a
dp_best_dp_ddim10_ta01,5,pick_up_the_black_bowl_next_to_the_ramekin_and_place_it_on_the_plate,36,15036,1,141,141,22d80af3dce5342b66c414ffc4644d6df6b0c067f9aeb5cfa6d50356235ac20a
dp_best_dp_ddim10_ta01,5,pick_up_the_black_bowl_next_to_the_ramekin_and_place_it_on_the_plate,34,15034,1,262,262,22d80af3dce5342b66c414ffc4644d6df6b0c067f9aeb5cfa6d50356235ac20a
dp_best_dp_ddim10_ta01,5,pick_up_the_black_bowl_next_to_the_ramekin_and_place_it_on_the_plate,37,15037,1,162,162,22d80af3dce5342b66c414ffc4644d6df6b0c067f9aeb5cfa6d50356235ac20a
dp_best_dp_ddim10_ta01,5,pick_up_the_black_bowl_next_to_the_ramekin_and_place_it_on_the_plate,38,15038,1,156,156,22d80af3dce5342b66c414ffc4644d6df6b0c067f9aeb5cfa6d50356235ac20a
dp_best_dp_ddim10_ta01,5,pick_up_the_black_bowl_next_to_the_ramekin_and_place_it_on_the_plate,39,15039,1,129,129,22d80af3dce5342b66c414ffc4644d6df6b0c067f9aeb5cfa6d50356235ac20a
dp_best_dp_ddim10_ta01,5,pick_up_the_black_bowl_next_to_the_ramekin_and_place_it_on_the_plate,24,15024,0,600,600,22d80af3dce5342b66c414ffc4644d6df6b0c067f9aeb5cfa6d50356235ac20a
dp_best_dp_ddim10_ta01,5,pick_up_the_black_bowl_next_to_the_ramekin_and_place_it_on_the_plate,25,15025,0,600,600,22d80af3dce5342b66c414ffc4644d6df6b0c067f9aeb5cfa6d50356235ac20a
dp_best_dp_ddim10_ta01,5,pick_up_the_black_bowl_next_to_the_ramekin_and_place_it_on_the_plate,42,15042,1,113,113,22d80af3dce5342b66c414ffc4644d6df6b0c067f9aeb5cfa6d50356235ac20a
dp_best_dp_ddim10_ta01,5,pick_up_the_black_bowl_next_to_the_ramekin_and_place_it_on_the_plate,40,15040,1,167,167,22d80af3dce5342b66c414ffc4644d6df6b0c067f9aeb5cfa6d50356235ac20a
dp_best_dp_ddim10_ta01,5,pick_up_the_black_bowl_next_to_the_ramekin_and_place_it_on_the_plate,44,15044,1,133,133,22d80af3dce5342b66c414ffc4644d6df6b0c067f9aeb5cfa6d50356235ac20a
dp_best_dp_ddim10_ta01,5,pick_up_the_black_bowl_next_to_the_ramekin_and_place_it_on_the_plate,41,15041,1,167,167,22d80af3dce5342b66c414ffc4644d6df6b0c067f9aeb5cfa6d50356235ac20a
dp_best_dp_ddim10_ta01,5,pick_up_the_black_bowl_next_to_the_ramekin_and_place_it_on_the_plate,45,15045,1,127,127,22d80af3dce5342b66c414ffc4644d6df6b0c067f9aeb5cfa6d50356235ac20a
dp_best_dp_ddim10_ta01,5,pick_up_the_black_bowl_next_to_the_ramekin_and_place_it_on_the_plate,43,15043,1,163,163,22d80af3dce5342b66c414ffc4644d6df6b0c067f9aeb5cfa6d50356235ac20a
dp_best_dp_ddim10_ta01,5,pick_up_the_black_bowl_next_to_the_ramekin_and_place_it_on_the_plate,46,15046,1,126,126,22d80af3dce5342b66c414ffc4644d6df6b0c067f9aeb5cfa6d50356235ac20a
dp_best_dp_ddim10_ta01,5,pick_up_the_black_bowl_next_to_the_ramekin_and_place_it_on_the_plate,47,15047,1,138,138,22d80af3dce5342b66c414ffc4644d6df6b0c067f9aeb5cfa6d50356235ac20a
dp_best_dp_ddim10_ta01,5,pick_up_the_black_bowl_next_to_the_ramekin_and_place_it_on_the_plate,31,15031,0,600,600,22d80af3dce5342b66c414ffc4644d6df6b0c067f9aeb5cfa6d50356235ac20a
dp_best_dp_ddim10_ta01,5,pick_up_the_black_bowl_next_to_the_ramekin_and_place_it_on_the_plate,49,15049,1,142,142,22d80af3dce5342b66c414ffc4644d6df6b0c067f9aeb5cfa6d50356235ac20a
dp_best_dp_ddim10_ta01,5,pick_up_the_black_bowl_next_to_the_ramekin_and_place_it_on_the_plate,48,15048,1,148,148,22d80af3dce5342b66c414ffc4644d6df6b0c067f9aeb5cfa6d50356235ac20a
dp_best_dp_ddim10_ta01,7,pick_up_the_black_bowl_on_the_ramekin_and_place_it_on_the_plate,0,17000,0,600,600,22d80af3dce5342b66c414ffc4644d6df6b0c067f9aeb5cfa6d50356235ac20a
dp_best_dp_ddim10_ta01,7,pick_up_the_black_bowl_on_the_ramekin_and_place_it_on_the_plate,1,17001,0,600,600,22d80af3dce5342b66c414ffc4644d6df6b0c067f9aeb5cfa6d50356235ac20a
dp_best_dp_ddim10_ta01,7,pick_up_the_black_bowl_on_the_ramekin_and_place_it_on_the_plate,2,17002,0,600,600,22d80af3dce5342b66c414ffc4644d6df6b0c067f9aeb5cfa6d50356235ac20a
dp_best_dp_ddim10_ta01,7,pick_up_the_black_bowl_on_the_ramekin_and_place_it_on_the_plate,3,17003,0,600,600,22d80af3dce5342b66c414ffc4644d6df6b0c067f9aeb5cfa6d50356235ac20a
dp_best_dp_ddim10_ta01,7,pick_up_the_black_bowl_on_the_ramekin_and_place_it_on_the_plate,4,17004,0,600,600,22d80af3dce5342b66c414ffc4644d6df6b0c067f9aeb5cfa6d50356235ac20a
dp_best_dp_ddim10_ta01,7,pick_up_the_black_bowl_on_the_ramekin_and_place_it_on_the_plate,5,17005,0,600,600,22d80af3dce5342b66c414ffc4644d6df6b0c067f9aeb5cfa6d50356235ac20a
dp_best_dp_ddim10_ta01,7,pick_up_the_black_bowl_on_the_ramekin_and_place_it_on_the_plate,6,17006,0,600,600,22d80af3dce5342b66c414ffc4644d6df6b0c067f9aeb5cfa6d50356235ac20a
dp_best_dp_ddim10_ta01,7,pick_up_the_black_bowl_on_the_ramekin_and_place_it_on_the_plate,7,17007,0,600,600,22d80af3dce5342b66c414ffc4644d6df6b0c067f9aeb5cfa6d50356235ac20a
dp_best_dp_ddim10_ta01,7,pick_up_the_black_bowl_on_the_ramekin_and_place_it_on_the_plate,8,17008,0,600,600,22d80af3dce5342b66c414ffc4644d6df6b0c067f9aeb5cfa6d50356235ac20a
dp_best_dp_ddim10_ta01,7,pick_up_the_black_bowl_on_the_ramekin_and_place_it_on_the_plate,9,17009,0,600,600,22d80af3dce5342b66c414ffc4644d6df6b0c067f9aeb5cfa6d50356235ac20a
dp_best_dp_ddim10_ta01,7,pick_up_the_black_bowl_on_the_ramekin_and_place_it_on_the_plate,10,17010,0,600,600,22d80af3dce5342b66c414ffc4644d6df6b0c067f9aeb5cfa6d50356235ac20a
dp_best_dp_ddim10_ta01,7,pick_up_the_black_bowl_on_the_ramekin_and_place_it_on_the_plate,11,17011,0,600,600,22d80af3dce5342b66c414ffc4644d6df6b0c067f9aeb5cfa6d50356235ac20a
dp_best_dp_ddim10_ta01,7,pick_up_the_black_bowl_on_the_ramekin_and_place_it_on_the_plate,12,17012,0,600,600,22d80af3dce5342b66c414ffc4644d6df6b0c067f9aeb5cfa6d50356235ac20a
dp_best_dp_ddim10_ta01,7,pick_up_the_black_bowl_on_the_ramekin_and_place_it_on_the_plate,13,17013,0,600,600,22d80af3dce5342b66c414ffc4644d6df6b0c067f9aeb5cfa6d50356235ac20a
dp_best_dp_ddim10_ta01,7,pick_up_the_black_bowl_on_the_ramekin_and_place_it_on_the_plate,14,17014,0,600,600,22d80af3dce5342b66c414ffc4644d6df6b0c067f9aeb5cfa6d50356235ac20a
dp_best_dp_ddim10_ta01,7,pick_up_the_black_bowl_on_the_ramekin_and_place_it_on_the_plate,15,17015,0,600,600,22d80af3dce5342b66c414ffc4644d6df6b0c067f9aeb5cfa6d50356235ac20a
dp_best_dp_ddim10_ta01,7,pick_up_the_black_bowl_on_the_ramekin_and_place_it_on_the_plate,16,17016,0,600,600,22d80af3dce5342b66c414ffc4644d6df6b0c067f9aeb5cfa6d50356235ac20a
dp_best_dp_ddim10_ta01,7,pick_up_the_black_bowl_on_the_ramekin_and_place_it_on_the_plate,17,17017,0,600,600,22d80af3dce5342b66c414ffc4644d6df6b0c067f9aeb5cfa6d50356235ac20a
dp_best_dp_ddim10_ta01,7,pick_up_the_black_bowl_on_the_ramekin_and_place_it_on_the_plate,18,17018,0,600,600,22d80af3dce5342b66c414ffc4644d6df6b0c067f9aeb5cfa6d50356235ac20a
dp_best_dp_ddim10_ta01,7,pick_up_the_black_bowl_on_the_ramekin_and_place_it_on_the_plate,19,17019,0,600,600,22d80af3dce5342b66c414ffc4644d6df6b0c067f9aeb5cfa6d50356235ac20a
dp_best_dp_ddim10_ta01,7,pick_up_the_black_bowl_on_the_ramekin_and_place_it_on_the_plate,20,17020,0,600,600,22d80af3dce5342b66c414ffc4644d6df6b0c067f9aeb5cfa6d50356235ac20a
dp_best_dp_ddim10_ta01,7,pick_up_the_black_bowl_on_the_ramekin_and_place_it_on_the_plate,21,17021,0,600,600,22d80af3dce5342b66c414ffc4644d6df6b0c067f9aeb5cfa6d50356235ac20a
dp_best_dp_ddim10_ta01,7,pick_up_the_black_bowl_on_the_ramekin_and_place_it_on_the_plate,22,17022,0,600,600,22d80af3dce5342b66c414ffc4644d6df6b0c067f9aeb5cfa6d50356235ac20a
dp_best_dp_ddim10_ta01,7,pick_up_the_black_bowl_on_the_ramekin_and_place_it_on_the_plate,23,17023,0,600,600,22d80af3dce5342b66c414ffc4644d6df6b0c067f9aeb5cfa6d50356235ac20a
dp_best_dp_ddim10_ta01,7,pick_up_the_black_bowl_on_the_ramekin_and_place_it_on_the_plate,24,17024,0,600,600,22d80af3dce5342b66c414ffc4644d6df6b0c067f9aeb5cfa6d50356235ac20a
dp_best_dp_ddim10_ta01,7,pick_up_the_black_bowl_on_the_ramekin_and_place_it_on_the_plate,25,17025,0,600,600,22d80af3dce5342b66c414ffc4644d6df6b0c067f9aeb5cfa6d50356235ac20a
dp_best_dp_ddim10_ta01,7,pick_up_the_black_bowl_on_the_ramekin_and_place_it_on_the_plate,26,17026,0,600,600,22d80af3dce5342b66c414ffc4644d6df6b0c067f9aeb5cfa6d50356235ac20a
dp_best_dp_ddim10_ta01,7,pick_up_the_black_bowl_on_the_ramekin_and_place_it_on_the_plate,27,17027,0,600,600,22d80af3dce5342b66c414ffc4644d6df6b0c067f9aeb5cfa6d50356235ac20a
dp_best_dp_ddim10_ta01,7,pick_up_the_black_bowl_on_the_ramekin_and_place_it_on_the_plate,28,17028,0,600,600,22d80af3dce5342b66c414ffc4644d6df6b0c067f9aeb5cfa6d50356235ac20a
dp_best_dp_ddim10_ta01,7,pick_up_the_black_bowl_on_the_ramekin_and_place_it_on_the_plate,29,17029,0,600,600,22d80af3dce5342b66c414ffc4644d6df6b0c067f9aeb5cfa6d50356235ac20a
dp_best_dp_ddim10_ta01,7,pick_up_the_black_bowl_on_the_ramekin_and_place_it_on_the_plate,30,17030,0,600,600,22d80af3dce5342b66c414ffc4644d6df6b0c067f9aeb5cfa6d50356235ac20a
dp_best_dp_ddim10_ta01,7,pick_up_the_black_bowl_on_the_ramekin_and_place_it_on_the_plate,31,17031,0,600,600,22d80af3dce5342b66c414ffc4644d6df6b0c067f9aeb5cfa6d50356235ac20a
dp_best_dp_ddim10_ta01,7,pick_up_the_black_bowl_on_the_ramekin_and_place_it_on_the_plate,32,17032,0,600,600,22d80af3dce5342b66c414ffc4644d6df6b0c067f9aeb5cfa6d50356235ac20a
dp_best_dp_ddim10_ta01,7,pick_up_the_black_bowl_on_the_ramekin_and_place_it_on_the_plate,33,17033,0,600,600,22d80af3dce5342b66c414ffc4644d6df6b0c067f9aeb5cfa6d50356235ac20a
dp_best_dp_ddim10_ta01,7,pick_up_the_black_bowl_on_the_ramekin_and_place_it_on_the_plate,34,17034,0,600,600,22d80af3dce5342b66c414ffc4644d6df6b0c067f9aeb5cfa6d50356235ac20a
dp_best_dp_ddim10_ta01,7,pick_up_the_black_bowl_on_the_ramekin_and_place_it_on_the_plate,35,17035,0,600,600,22d80af3dce5342b66c414ffc4644d6df6b0c067f9aeb5cfa6d50356235ac20a
dp_best_dp_ddim10_ta01,7,pick_up_the_black_bowl_on_the_ramekin_and_place_it_on_the_plate,36,17036,0,600,600,22d80af3dce5342b66c414ffc4644d6df6b0c067f9aeb5cfa6d50356235ac20a
dp_best_dp_ddim10_ta01,7,pick_up_the_black_bowl_on_the_ramekin_and_place_it_on_the_plate,37,17037,0,600,600,22d80af3dce5342b66c414ffc4644d6df6b0c067f9aeb5cfa6d50356235ac20a
dp_best_dp_ddim10_ta01,7,pick_up_the_black_bowl_on_the_ramekin_and_place_it_on_the_plate,38,17038,0,600,600,22d80af3dce5342b66c414ffc4644d6df6b0c067f9aeb5cfa6d50356235ac20a
dp_best_dp_ddim10_ta01,7,pick_up_the_black_bowl_on_the_ramekin_and_place_it_on_the_plate,39,17039,0,600,600,22d80af3dce5342b66c414ffc4644d6df6b0c067f9aeb5cfa6d50356235ac20a
dp_best_dp_ddim10_ta01,7,pick_up_the_black_bowl_on_the_ramekin_and_place_it_on_the_plate,40,17040,0,600,600,22d80af3dce5342b66c414ffc4644d6df6b0c067f9aeb5cfa6d50356235ac20a
dp_best_dp_ddim10_ta01,7,pick_up_the_black_bowl_on_the_ramekin_and_place_it_on_the_plate,41,17041,0,600,600,22d80af3dce5342b66c414ffc4644d6df6b0c067f9aeb5cfa6d50356235ac20a
dp_best_dp_ddim10_ta01,7,pick_up_the_black_bowl_on_the_ramekin_and_place_it_on_the_plate,42,17042,0,600,600,22d80af3dce5342b66c414ffc4644d6df6b0c067f9aeb5cfa6d50356235ac20a
dp_best_dp_ddim10_ta01,7,pick_up_the_black_bowl_on_the_ramekin_and_place_it_on_the_plate,43,17043,0,600,600,22d80af3dce5342b66c414ffc4644d6df6b0c067f9aeb5cfa6d50356235ac20a
dp_best_dp_ddim10_ta01,7,pick_up_the_black_bowl_on_the_ramekin_and_place_it_on_the_plate,44,17044,0,600,600,22d80af3dce5342b66c414ffc4644d6df6b0c067f9aeb5cfa6d50356235ac20a
dp_best_dp_ddim10_ta01,7,pick_up_the_black_bowl_on_the_ramekin_and_place_it_on_the_plate,45,17045,0,600,600,22d80af3dce5342b66c414ffc4644d6df6b0c067f9aeb5cfa6d50356235ac20a
dp_best_dp_ddim10_ta01,7,pick_up_the_black_bowl_on_the_ramekin_and_place_it_on_the_plate,46,17046,0,600,600,22d80af3dce5342b66c414ffc4644d6df6b0c067f9aeb5cfa6d50356235ac20a
dp_best_dp_ddim10_ta01,7,pick_up_the_black_bowl_on_the_ramekin_and_place_it_on_the_plate,47,17047,0,600,600,22d80af3dce5342b66c414ffc4644d6df6b0c067f9aeb5cfa6d50356235ac20a
dp_best_dp_ddim10_ta01,9,pick_up_the_black_bowl_on_the_wooden_cabinet_and_place_it_on_the_plate,0,19000,1,167,167,22d80af3dce5342b66c414ffc4644d6df6b0c067f9aeb5cfa6d50356235ac20a
dp_best_dp_ddim10_ta01,9,pick_up_the_black_bowl_on_the_wooden_cabinet_and_place_it_on_the_plate,1,19001,1,160,160,22d80af3dce5342b66c414ffc4644d6df6b0c067f9aeb5cfa6d50356235ac20a
dp_best_dp_ddim10_ta01,9,pick_up_the_black_bowl_on_the_wooden_cabinet_and_place_it_on_the_plate,3,19003,1,138,138,22d80af3dce5342b66c414ffc4644d6df6b0c067f9aeb5cfa6d50356235ac20a
dp_best_dp_ddim10_ta01,9,pick_up_the_black_bowl_on_the_wooden_cabinet_and_place_it_on_the_plate,2,19002,1,168,168,22d80af3dce5342b66c414ffc4644d6df6b0c067f9aeb5cfa6d50356235ac20a
dp_best_dp_ddim10_ta01,9,pick_up_the_black_bowl_on_the_wooden_cabinet_and_place_it_on_the_plate,5,19005,1,157,157,22d80af3dce5342b66c414ffc4644d6df6b0c067f9aeb5cfa6d50356235ac20a
dp_best_dp_ddim10_ta01,9,pick_up_the_black_bowl_on_the_wooden_cabinet_and_place_it_on_the_plate,9,19009,1,153,153,22d80af3dce5342b66c414ffc4644d6df6b0c067f9aeb5cfa6d50356235ac20a
dp_best_dp_ddim10_ta01,9,pick_up_the_black_bowl_on_the_wooden_cabinet_and_place_it_on_the_plate,8,19008,1,167,167,22d80af3dce5342b66c414ffc4644d6df6b0c067f9aeb5cfa6d50356235ac20a
dp_best_dp_ddim10_ta01,9,pick_up_the_black_bowl_on_the_wooden_cabinet_and_place_it_on_the_plate,10,19010,1,152,152,22d80af3dce5342b66c414ffc4644d6df6b0c067f9aeb5cfa6d50356235ac20a
dp_best_dp_ddim10_ta01,9,pick_up_the_black_bowl_on_the_wooden_cabinet_and_place_it_on_the_plate,11,19011,1,145,145,22d80af3dce5342b66c414ffc4644d6df6b0c067f9aeb5cfa6d50356235ac20a
dp_best_dp_ddim10_ta01,9,pick_up_the_black_bowl_on_the_wooden_cabinet_and_place_it_on_the_plate,12,19012,1,172,172,22d80af3dce5342b66c414ffc4644d6df6b0c067f9aeb5cfa6d50356235ac20a
dp_best_dp_ddim10_ta01,9,pick_up_the_black_bowl_on_the_wooden_cabinet_and_place_it_on_the_plate,13,19013,1,156,156,22d80af3dce5342b66c414ffc4644d6df6b0c067f9aeb5cfa6d50356235ac20a
dp_best_dp_ddim10_ta01,7,pick_up_the_black_bowl_on_the_ramekin_and_place_it_on_the_plate,48,17048,0,600,600,22d80af3dce5342b66c414ffc4644d6df6b0c067f9aeb5cfa6d50356235ac20a
dp_best_dp_ddim10_ta01,7,pick_up_the_black_bowl_on_the_ramekin_and_place_it_on_the_plate,49,17049,0,600,600,22d80af3dce5342b66c414ffc4644d6df6b0c067f9aeb5cfa6d50356235ac20a
dp_best_dp_ddim10_ta01,9,pick_up_the_black_bowl_on_the_wooden_cabinet_and_place_it_on_the_plate,4,19004,0,600,600,22d80af3dce5342b66c414ffc4644d6df6b0c067f9aeb5cfa6d50356235ac20a
dp_best_dp_ddim10_ta01,9,pick_up_the_black_bowl_on_the_wooden_cabinet_and_place_it_on_the_plate,14,19014,1,173,173,22d80af3dce5342b66c414ffc4644d6df6b0c067f9aeb5cfa6d50356235ac20a
dp_best_dp_ddim10_ta01,9,pick_up_the_black_bowl_on_the_wooden_cabinet_and_place_it_on_the_plate,15,19015,1,158,158,22d80af3dce5342b66c414ffc4644d6df6b0c067f9aeb5cfa6d50356235ac20a
dp_best_dp_ddim10_ta01,9,pick_up_the_black_bowl_on_the_wooden_cabinet_and_place_it_on_the_plate,6,19006,0,600,600,22d80af3dce5342b66c414ffc4644d6df6b0c067f9aeb5cfa6d50356235ac20a
dp_best_dp_ddim10_ta01,9,pick_up_the_black_bowl_on_the_wooden_cabinet_and_place_it_on_the_plate,18,19018,1,174,174,22d80af3dce5342b66c414ffc4644d6df6b0c067f9aeb5cfa6d50356235ac20a
dp_best_dp_ddim10_ta01,9,pick_up_the_black_bowl_on_the_wooden_cabinet_and_place_it_on_the_plate,7,19007,0,600,600,22d80af3dce5342b66c414ffc4644d6df6b0c067f9aeb5cfa6d50356235ac20a
dp_best_dp_ddim10_ta01,9,pick_up_the_black_bowl_on_the_wooden_cabinet_and_place_it_on_the_plate,16,19016,1,211,211,22d80af3dce5342b66c414ffc4644d6df6b0c067f9aeb5cfa6d50356235ac20a
dp_best_dp_ddim10_ta01,9,pick_up_the_black_bowl_on_the_wooden_cabinet_and_place_it_on_the_plate,19,19019,1,140,140,22d80af3dce5342b66c414ffc4644d6df6b0c067f9aeb5cfa6d50356235ac20a
dp_best_dp_ddim10_ta01,9,pick_up_the_black_bowl_on_the_wooden_cabinet_and_place_it_on_the_plate,21,19021,1,142,142,22d80af3dce5342b66c414ffc4644d6df6b0c067f9aeb5cfa6d50356235ac20a
dp_best_dp_ddim10_ta01,9,pick_up_the_black_bowl_on_the_wooden_cabinet_and_place_it_on_the_plate,23,19023,1,145,145,22d80af3dce5342b66c414ffc4644d6df6b0c067f9aeb5cfa6d50356235ac20a
dp_best_dp_ddim10_ta01,9,pick_up_the_black_bowl_on_the_wooden_cabinet_and_place_it_on_the_plate,24,19024,1,144,144,22d80af3dce5342b66c414ffc4644d6df6b0c067f9aeb5cfa6d50356235ac20a
dp_best_dp_ddim10_ta01,9,pick_up_the_black_bowl_on_the_wooden_cabinet_and_place_it_on_the_plate,22,19022,1,177,177,22d80af3dce5342b66c414ffc4644d6df6b0c067f9aeb5cfa6d50356235ac20a
dp_best_dp_ddim10_ta01,9,pick_up_the_black_bowl_on_the_wooden_cabinet_and_place_it_on_the_plate,25,19025,1,154,154,22d80af3dce5342b66c414ffc4644d6df6b0c067f9aeb5cfa6d50356235ac20a
dp_best_dp_ddim10_ta01,9,pick_up_the_black_bowl_on_the_wooden_cabinet_and_place_it_on_the_plate,27,19027,1,146,146,22d80af3dce5342b66c414ffc4644d6df6b0c067f9aeb5cfa6d50356235ac20a
dp_best_dp_ddim10_ta01,9,pick_up_the_black_bowl_on_the_wooden_cabinet_and_place_it_on_the_plate,26,19026,1,213,213,22d80af3dce5342b66c414ffc4644d6df6b0c067f9aeb5cfa6d50356235ac20a
dp_best_dp_ddim10_ta01,9,pick_up_the_black_bowl_on_the_wooden_cabinet_and_place_it_on_the_plate,28,19028,1,159,159,22d80af3dce5342b66c414ffc4644d6df6b0c067f9aeb5cfa6d50356235ac20a
dp_best_dp_ddim10_ta01,9,pick_up_the_black_bowl_on_the_wooden_cabinet_and_place_it_on_the_plate,30,19030,1,140,140,22d80af3dce5342b66c414ffc4644d6df6b0c067f9aeb5cfa6d50356235ac20a
dp_best_dp_ddim10_ta01,9,pick_up_the_black_bowl_on_the_wooden_cabinet_and_place_it_on_the_plate,20,19020,1,386,386,22d80af3dce5342b66c414ffc4644d6df6b0c067f9aeb5cfa6d50356235ac20a
dp_best_dp_ddim10_ta01,9,pick_up_the_black_bowl_on_the_wooden_cabinet_and_place_it_on_the_plate,29,19029,1,201,201,22d80af3dce5342b66c414ffc4644d6df6b0c067f9aeb5cfa6d50356235ac20a
dp_best_dp_ddim10_ta01,9,pick_up_the_black_bowl_on_the_wooden_cabinet_and_place_it_on_the_plate,32,19032,1,139,139,22d80af3dce5342b66c414ffc4644d6df6b0c067f9aeb5cfa6d50356235ac20a
dp_best_dp_ddim10_ta01,9,pick_up_the_black_bowl_on_the_wooden_cabinet_and_place_it_on_the_plate,17,19017,0,600,600,22d80af3dce5342b66c414ffc4644d6df6b0c067f9aeb5cfa6d50356235ac20a
dp_best_dp_ddim10_ta01,9,pick_up_the_black_bowl_on_the_wooden_cabinet_and_place_it_on_the_plate,31,19031,1,261,261,22d80af3dce5342b66c414ffc4644d6df6b0c067f9aeb5cfa6d50356235ac20a
dp_best_dp_ddim10_ta01,9,pick_up_the_black_bowl_on_the_wooden_cabinet_and_place_it_on_the_plate,34,19034,1,155,155,22d80af3dce5342b66c414ffc4644d6df6b0c067f9aeb5cfa6d50356235ac20a
dp_best_dp_ddim10_ta01,9,pick_up_the_black_bowl_on_the_wooden_cabinet_and_place_it_on_the_plate,35,19035,1,158,158,22d80af3dce5342b66c414ffc4644d6df6b0c067f9aeb5cfa6d50356235ac20a
dp_best_dp_ddim10_ta01,9,pick_up_the_black_bowl_on_the_wooden_cabinet_and_place_it_on_the_plate,33,19033,1,171,171,22d80af3dce5342b66c414ffc4644d6df6b0c067f9aeb5cfa6d50356235ac20a
dp_best_dp_ddim10_ta01,9,pick_up_the_black_bowl_on_the_wooden_cabinet_and_place_it_on_the_plate,36,19036,1,179,179,22d80af3dce5342b66c414ffc4644d6df6b0c067f9aeb5cfa6d50356235ac20a
dp_best_dp_ddim10_ta01,9,pick_up_the_black_bowl_on_the_wooden_cabinet_and_place_it_on_the_plate,38,19038,1,147,147,22d80af3dce5342b66c414ffc4644d6df6b0c067f9aeb5cfa6d50356235ac20a
dp_best_dp_ddim10_ta01,9,pick_up_the_black_bowl_on_the_wooden_cabinet_and_place_it_on_the_plate,37,19037,1,236,236,22d80af3dce5342b66c414ffc4644d6df6b0c067f9aeb5cfa6d50356235ac20a
dp_best_dp_ddim10_ta01,9,pick_up_the_black_bowl_on_the_wooden_cabinet_and_place_it_on_the_plate,39,19039,1,173,173,22d80af3dce5342b66c414ffc4644d6df6b0c067f9aeb5cfa6d50356235ac20a
dp_best_dp_ddim10_ta01,9,pick_up_the_black_bowl_on_the_wooden_cabinet_and_place_it_on_the_plate,42,19042,1,155,155,22d80af3dce5342b66c414ffc4644d6df6b0c067f9aeb5cfa6d50356235ac20a
dp_best_dp_ddim10_ta01,9,pick_up_the_black_bowl_on_the_wooden_cabinet_and_place_it_on_the_plate,43,19043,1,167,167,22d80af3dce5342b66c414ffc4644d6df6b0c067f9aeb5cfa6d50356235ac20a
dp_best_dp_ddim10_ta01,9,pick_up_the_black_bowl_on_the_wooden_cabinet_and_place_it_on_the_plate,45,19045,1,170,170,22d80af3dce5342b66c414ffc4644d6df6b0c067f9aeb5cfa6d50356235ac20a
dp_best_dp_ddim10_ta01,9,pick_up_the_black_bowl_on_the_wooden_cabinet_and_place_it_on_the_plate,46,19046,1,137,137,22d80af3dce5342b66c414ffc4644d6df6b0c067f9aeb5cfa6d50356235ac20a
dp_best_dp_ddim10_ta01,9,pick_up_the_black_bowl_on_the_wooden_cabinet_and_place_it_on_the_plate,47,19047,1,146,146,22d80af3dce5342b66c414ffc4644d6df6b0c067f9aeb5cfa6d50356235ac20a
dp_best_dp_ddim10_ta01,9,pick_up_the_black_bowl_on_the_wooden_cabinet_and_place_it_on_the_plate,48,19048,1,154,154,22d80af3dce5342b66c414ffc4644d6df6b0c067f9aeb5cfa6d50356235ac20a
dp_best_dp_ddim10_ta01,9,pick_up_the_black_bowl_on_the_wooden_cabinet_and_place_it_on_the_plate,40,19040,0,600,600,22d80af3dce5342b66c414ffc4644d6df6b0c067f9aeb5cfa6d50356235ac20a
dp_best_dp_ddim10_ta01,9,pick_up_the_black_bowl_on_the_wooden_cabinet_and_place_it_on_the_plate,41,19041,0,600,600,22d80af3dce5342b66c414ffc4644d6df6b0c067f9aeb5cfa6d50356235ac20a
dp_best_dp_ddim10_ta01,9,pick_up_the_black_bowl_on_the_wooden_cabinet_and_place_it_on_the_plate,44,19044,0,600,600,22d80af3dce5342b66c414ffc4644d6df6b0c067f9aeb5cfa6d50356235ac20a
dp_best_dp_ddim10_ta01,9,pick_up_the_black_bowl_on_the_wooden_cabinet_and_place_it_on_the_plate,49,19049,0,600,600,22d80af3dce5342b66c414ffc4644d6df6b0c067f9aeb5cfa6d50356235ac20a
dp_best_dp_ddim10_ta04,0,pick_up_the_black_bowl_between_the_plate_and_the_ramekin_and_place_it_on_the_plate,0,10000,1,86,22,22d80af3dce5342b66c414ffc4644d6df6b0c067f9aeb5cfa6d50356235ac20a
dp_best_dp_ddim10_ta04,0,pick_up_the_black_bowl_between_the_plate_and_the_ramekin_and_place_it_on_the_plate,7,10007,1,90,23,22d80af3dce5342b66c414ffc4644d6df6b0c067f9aeb5cfa6d50356235ac20a
dp_best_dp_ddim10_ta04,0,pick_up_the_black_bowl_between_the_plate_and_the_ramekin_and_place_it_on_the_plate,3,10003,1,94,24,22d80af3dce5342b66c414ffc4644d6df6b0c067f9aeb5cfa6d50356235ac20a
dp_best_dp_ddim10_ta04,0,pick_up_the_black_bowl_between_the_plate_and_the_ramekin_and_place_it_on_the_plate,5,10005,1,96,24,22d80af3dce5342b66c414ffc4644d6df6b0c067f9aeb5cfa6d50356235ac20a
dp_best_dp_ddim10_ta04,0,pick_up_the_black_bowl_between_the_plate_and_the_ramekin_and_place_it_on_the_plate,6,10006,1,101,26,22d80af3dce5342b66c414ffc4644d6df6b0c067f9aeb5cfa6d50356235ac20a
dp_best_dp_ddim10_ta04,0,pick_up_the_black_bowl_between_the_plate_and_the_ramekin_and_place_it_on_the_plate,9,10009,1,87,22,22d80af3dce5342b66c414ffc4644d6df6b0c067f9aeb5cfa6d50356235ac20a
dp_best_dp_ddim10_ta04,0,pick_up_the_black_bowl_between_the_plate_and_the_ramekin_and_place_it_on_the_plate,2,10002,1,179,45,22d80af3dce5342b66c414ffc4644d6df6b0c067f9aeb5cfa6d50356235ac20a
dp_best_dp_ddim10_ta04,0,pick_up_the_black_bowl_between_the_plate_and_the_ramekin_and_place_it_on_the_plate,10,10010,1,98,25,22d80af3dce5342b66c414ffc4644d6df6b0c067f9aeb5cfa6d50356235ac20a
dp_best_dp_ddim10_ta04,0,pick_up_the_black_bowl_between_the_plate_and_the_ramekin_and_place_it_on_the_plate,11,10011,1,96,24,22d80af3dce5342b66c414ffc4644d6df6b0c067f9aeb5cfa6d50356235ac20a
dp_best_dp_ddim10_ta04,0,pick_up_the_black_bowl_between_the_plate_and_the_ramekin_and_place_it_on_the_plate,16,10016,1,101,26,22d80af3dce5342b66c414ffc4644d6df6b0c067f9aeb5cfa6d50356235ac20a
dp_best_dp_ddim10_ta04,0,pick_up_the_black_bowl_between_the_plate_and_the_ramekin_and_place_it_on_the_plate,13,10013,1,151,38,22d80af3dce5342b66c414ffc4644d6df6b0c067f9aeb5cfa6d50356235ac20a
dp_best_dp_ddim10_ta04,0,pick_up_the_black_bowl_between_the_plate_and_the_ramekin_and_place_it_on_the_plate,8,10008,1,269,68,22d80af3dce5342b66c414ffc4644d6df6b0c067f9aeb5cfa6d50356235ac20a
dp_best_dp_ddim10_ta04,0,pick_up_the_black_bowl_between_the_plate_and_the_ramekin_and_place_it_on_the_plate,18,10018,1,106,27,22d80af3dce5342b66c414ffc4644d6df6b0c067f9aeb5cfa6d50356235ac20a
dp_best_dp_ddim10_ta04,0,pick_up_the_black_bowl_between_the_plate_and_the_ramekin_and_place_it_on_the_plate,20,10020,1,80,20,22d80af3dce5342b66c414ffc4644d6df6b0c067f9aeb5cfa6d50356235ac20a
dp_best_dp_ddim10_ta04,0,pick_up_the_black_bowl_between_the_plate_and_the_ramekin_and_place_it_on_the_plate,1,10001,0,600,150,22d80af3dce5342b66c414ffc4644d6df6b0c067f9aeb5cfa6d50356235ac20a
dp_best_dp_ddim10_ta04,0,pick_up_the_black_bowl_between_the_plate_and_the_ramekin_and_place_it_on_the_plate,4,10004,0,600,150,22d80af3dce5342b66c414ffc4644d6df6b0c067f9aeb5cfa6d50356235ac20a
dp_best_dp_ddim10_ta04,0,pick_up_the_black_bowl_between_the_plate_and_the_ramekin_and_place_it_on_the_plate,12,10012,1,552,138,22d80af3dce5342b66c414ffc4644d6df6b0c067f9aeb5cfa6d50356235ac20a
dp_best_dp_ddim10_ta04,0,pick_up_the_black_bowl_between_the_plate_and_the_ramekin_and_place_it_on_the_plate,23,10023,1,95,24,22d80af3dce5342b66c414ffc4644d6df6b0c067f9aeb5cfa6d50356235ac20a
dp_best_dp_ddim10_ta04,0,pick_up_the_black_bowl_between_the_plate_and_the_ramekin_and_place_it_on_the_plate,14,10014,0,600,150,22d80af3dce5342b66c414ffc4644d6df6b0c067f9aeb5cfa6d50356235ac20a
dp_best_dp_ddim10_ta04,0,pick_up_the_black_bowl_between_the_plate_and_the_ramekin_and_place_it_on_the_plate,25,10025,1,83,21,22d80af3dce5342b66c414ffc4644d6df6b0c067f9aeb5cfa6d50356235ac20a
dp_best_dp_ddim10_ta04,0,pick_up_the_black_bowl_between_the_plate_and_the_ramekin_and_place_it_on_the_plate,24,10024,1,128,32,22d80af3dce5342b66c414ffc4644d6df6b0c067f9aeb5cfa6d50356235ac20a
dp_best_dp_ddim10_ta04,0,pick_up_the_black_bowl_between_the_plate_and_the_ramekin_and_place_it_on_the_plate,15,10015,0,600,150,22d80af3dce5342b66c414ffc4644d6df6b0c067f9aeb5cfa6d50356235ac20a
dp_best_dp_ddim10_ta04,0,pick_up_the_black_bowl_between_the_plate_and_the_ramekin_and_place_it_on_the_plate,22,10022,1,223,56,22d80af3dce5342b66c414ffc4644d6df6b0c067f9aeb5cfa6d50356235ac20a
dp_best_dp_ddim10_ta04,0,pick_up_the_black_bowl_between_the_plate_and_the_ramekin_and_place_it_on_the_plate,27,10027,1,104,26,22d80af3dce5342b66c414ffc4644d6df6b0c067f9aeb5cfa6d50356235ac20a
dp_best_dp_ddim10_ta04,0,pick_up_the_black_bowl_between_the_plate_and_the_ramekin_and_place_it_on_the_plate,29,10029,1,92,23,22d80af3dce5342b66c414ffc4644d6df6b0c067f9aeb5cfa6d50356235ac20a
dp_best_dp_ddim10_ta04,0,pick_up_the_black_bowl_between_the_plate_and_the_ramekin_and_place_it_on_the_plate,17,10017,0,600,150,22d80af3dce5342b66c414ffc4644d6df6b0c067f9aeb5cfa6d50356235ac20a
dp_best_dp_ddim10_ta04,0,pick_up_the_black_bowl_between_the_plate_and_the_ramekin_and_place_it_on_the_plate,19,10019,0,600,150,22d80af3dce5342b66c414ffc4644d6df6b0c067f9aeb5cfa6d50356235ac20a
dp_best_dp_ddim10_ta04,0,pick_up_the_black_bowl_between_the_plate_and_the_ramekin_and_place_it_on_the_plate,31,10031,1,89,23,22d80af3dce5342b66c414ffc4644d6df6b0c067f9aeb5cfa6d50356235ac20a
dp_best_dp_ddim10_ta04,0,pick_up_the_black_bowl_between_the_plate_and_the_ramekin_and_place_it_on_the_plate,32,10032,1,111,28,22d80af3dce5342b66c414ffc4644d6df6b0c067f9aeb5cfa6d50356235ac20a
dp_best_dp_ddim10_ta04,0,pick_up_the_black_bowl_between_the_plate_and_the_ramekin_and_place_it_on_the_plate,33,10033,1,104,26,22d80af3dce5342b66c414ffc4644d6df6b0c067f9aeb5cfa6d50356235ac20a
dp_best_dp_ddim10_ta04,0,pick_up_the_black_bowl_between_the_plate_and_the_ramekin_and_place_it_on_the_plate,34,10034,1,77,20,22d80af3dce5342b66c414ffc4644d6df6b0c067f9aeb5cfa6d50356235ac20a
dp_best_dp_ddim10_ta04,0,pick_up_the_black_bowl_between_the_plate_and_the_ramekin_and_place_it_on_the_plate,37,10037,1,104,26,22d80af3dce5342b66c414ffc4644d6df6b0c067f9aeb5cfa6d50356235ac20a
dp_best_dp_ddim10_ta04,0,pick_up_the_black_bowl_between_the_plate_and_the_ramekin_and_place_it_on_the_plate,36,10036,1,119,30,22d80af3dce5342b66c414ffc4644d6df6b0c067f9aeb5cfa6d50356235ac20a
dp_best_dp_ddim10_ta04,0,pick_up_the_black_bowl_between_the_plate_and_the_ramekin_and_place_it_on_the_plate,21,10021,0,600,150,22d80af3dce5342b66c414ffc4644d6df6b0c067f9aeb5cfa6d50356235ac20a
dp_best_dp_ddim10_ta04,0,pick_up_the_black_bowl_between_the_plate_and_the_ramekin_and_place_it_on_the_plate,39,10039,1,140,35,22d80af3dce5342b66c414ffc4644d6df6b0c067f9aeb5cfa6d50356235ac20a
dp_best_dp_ddim10_ta04,0,pick_up_the_black_bowl_between_the_plate_and_the_ramekin_and_place_it_on_the_plate,40,10040,1,143,36,22d80af3dce5342b66c414ffc4644d6df6b0c067f9aeb5cfa6d50356235ac20a
dp_best_dp_ddim10_ta04,0,pick_up_the_black_bowl_between_the_plate_and_the_ramekin_and_place_it_on_the_plate,43,10043,1,90,23,22d80af3dce5342b66c414ffc4644d6df6b0c067f9aeb5cfa6d50356235ac20a
dp_best_dp_ddim10_ta04,0,pick_up_the_black_bowl_between_the_plate_and_the_ramekin_and_place_it_on_the_plate,42,10042,1,115,29,22d80af3dce5342b66c414ffc4644d6df6b0c067f9aeb5cfa6d50356235ac20a
dp_best_dp_ddim10_ta04,0,pick_up_the_black_bowl_between_the_plate_and_the_ramekin_and_place_it_on_the_plate,26,10026,0,600,150,22d80af3dce5342b66c414ffc4644d6df6b0c067f9aeb5cfa6d50356235ac20a
dp_best_dp_ddim10_ta04,0,pick_up_the_black_bowl_between_the_plate_and_the_ramekin_and_place_it_on_the_plate,28,10028,0,600,150,22d80af3dce5342b66c414ffc4644d6df6b0c067f9aeb5cfa6d50356235ac20a
dp_best_dp_ddim10_ta04,0,pick_up_the_black_bowl_between_the_plate_and_the_ramekin_and_place_it_on_the_plate,30,10030,0,600,150,22d80af3dce5342b66c414ffc4644d6df6b0c067f9aeb5cfa6d50356235ac20a
dp_best_dp_ddim10_ta04,0,pick_up_the_black_bowl_between_the_plate_and_the_ramekin_and_place_it_on_the_plate,44,10044,1,95,24,22d80af3dce5342b66c414ffc4644d6df6b0c067f9aeb5cfa6d50356235ac20a
dp_best_dp_ddim10_ta04,0,pick_up_the_black_bowl_between_the_plate_and_the_ramekin_and_place_it_on_the_plate,46,10046,1,92,23,22d80af3dce5342b66c414ffc4644d6df6b0c067f9aeb5cfa6d50356235ac20a
dp_best_dp_ddim10_ta04,0,pick_up_the_black_bowl_between_the_plate_and_the_ramekin_and_place_it_on_the_plate,48,10048,1,96,24,22d80af3dce5342b66c414ffc4644d6df6b0c067f9aeb5cfa6d50356235ac20a
dp_best_dp_ddim10_ta04,0,pick_up_the_black_bowl_between_the_plate_and_the_ramekin_and_place_it_on_the_plate,35,10035,0,600,150,22d80af3dce5342b66c414ffc4644d6df6b0c067f9aeb5cfa6d50356235ac20a
dp_best_dp_ddim10_ta04,0,pick_up_the_black_bowl_between_the_plate_and_the_ramekin_and_place_it_on_the_plate,38,10038,0,600,150,22d80af3dce5342b66c414ffc4644d6df6b0c067f9aeb5cfa6d50356235ac20a
dp_best_dp_ddim10_ta04,0,pick_up_the_black_bowl_between_the_plate_and_the_ramekin_and_place_it_on_the_plate,41,10041,0,600,150,22d80af3dce5342b66c414ffc4644d6df6b0c067f9aeb5cfa6d50356235ac20a
dp_best_dp_ddim10_ta04,2,pick_up_the_black_bowl_in_the_top_drawer_of_the_wooden_cabinet_and_place_it_on_the_plate,2,12002,1,144,36,22d80af3dce5342b66c414ffc4644d6df6b0c067f9aeb5cfa6d50356235ac20a
dp_best_dp_ddim10_ta04,2,pick_up_the_black_bowl_in_the_top_drawer_of_the_wooden_cabinet_and_place_it_on_the_plate,3,12003,1,141,36,22d80af3dce5342b66c414ffc4644d6df6b0c067f9aeb5cfa6d50356235ac20a
dp_best_dp_ddim10_ta04,2,pick_up_the_black_bowl_in_the_top_drawer_of_the_wooden_cabinet_and_place_it_on_the_plate,5,12005,1,143,36,22d80af3dce5342b66c414ffc4644d6df6b0c067f9aeb5cfa6d50356235ac20a
dp_best_dp_ddim10_ta04,0,pick_up_the_black_bowl_between_the_plate_and_the_ramekin_and_place_it_on_the_plate,45,10045,0,600,150,22d80af3dce5342b66c414ffc4644d6df6b0c067f9aeb5cfa6d50356235ac20a
dp_best_dp_ddim10_ta04,0,pick_up_the_black_bowl_between_the_plate_and_the_ramekin_and_place_it_on_the_plate,47,10047,0,600,150,22d80af3dce5342b66c414ffc4644d6df6b0c067f9aeb5cfa6d50356235ac20a
dp_best_dp_ddim10_ta04,2,pick_up_the_black_bowl_in_the_top_drawer_of_the_wooden_cabinet_and_place_it_on_the_plate,7,12007,1,151,38,22d80af3dce5342b66c414ffc4644d6df6b0c067f9aeb5cfa6d50356235ac20a
dp_best_dp_ddim10_ta04,0,pick_up_the_black_bowl_between_the_plate_and_the_ramekin_and_place_it_on_the_plate,49,10049,0,600,150,22d80af3dce5342b66c414ffc4644d6df6b0c067f9aeb5cfa6d50356235ac20a
dp_best_dp_ddim10_ta04,2,pick_up_the_black_bowl_in_the_top_drawer_of_the_wooden_cabinet_and_place_it_on_the_plate,0,12000,0,600,150,22d80af3dce5342b66c414ffc4644d6df6b0c067f9aeb5cfa6d50356235ac20a
dp_best_dp_ddim10_ta04,2,pick_up_the_black_bowl_in_the_top_drawer_of_the_wooden_cabinet_and_place_it_on_the_plate,1,12001,0,600,150,22d80af3dce5342b66c414ffc4644d6df6b0c067f9aeb5cfa6d50356235ac20a
dp_best_dp_ddim10_ta04,2,pick_up_the_black_bowl_in_the_top_drawer_of_the_wooden_cabinet_and_place_it_on_the_plate,9,12009,1,145,37,22d80af3dce5342b66c414ffc4644d6df6b0c067f9aeb5cfa6d50356235ac20a
dp_best_dp_ddim10_ta04,2,pick_up_the_black_bowl_in_the_top_drawer_of_the_wooden_cabinet_and_place_it_on_the_plate,10,12010,1,159,40,22d80af3dce5342b66c414ffc4644d6df6b0c067f9aeb5cfa6d50356235ac20a
dp_best_dp_ddim10_ta04,2,pick_up_the_black_bowl_in_the_top_drawer_of_the_wooden_cabinet_and_place_it_on_the_plate,11,12011,1,153,39,22d80af3dce5342b66c414ffc4644d6df6b0c067f9aeb5cfa6d50356235ac20a
dp_best_dp_ddim10_ta04,2,pick_up_the_black_bowl_in_the_top_drawer_of_the_wooden_cabinet_and_place_it_on_the_plate,14,12014,1,127,32,22d80af3dce5342b66c414ffc4644d6df6b0c067f9aeb5cfa6d50356235ac20a
dp_best_dp_ddim10_ta04,2,pick_up_the_black_bowl_in_the_top_drawer_of_the_wooden_cabinet_and_place_it_on_the_plate,13,12013,1,169,43,22d80af3dce5342b66c414ffc4644d6df6b0c067f9aeb5cfa6d50356235ac20a
dp_best_dp_ddim10_ta04,2,pick_up_the_black_bowl_in_the_top_drawer_of_the_wooden_cabinet_and_place_it_on_the_plate,15,12015,1,138,35,22d80af3dce5342b66c414ffc4644d6df6b0c067f9aeb5cfa6d50356235ac20a
dp_best_dp_ddim10_ta04,2,pick_up_the_black_bowl_in_the_top_drawer_of_the_wooden_cabinet_and_place_it_on_the_plate,4,12004,0,600,150,22d80af3dce5342b66c414ffc4644d6df6b0c067f9aeb5cfa6d50356235ac20a
dp_best_dp_ddim10_ta04,2,pick_up_the_black_bowl_in_the_top_drawer_of_the_wooden_cabinet_and_place_it_on_the_plate,6,12006,0,600,150,22d80af3dce5342b66c414ffc4644d6df6b0c067f9aeb5cfa6d50356235ac20a
dp_best_dp_ddim10_ta04,2,pick_up_the_black_bowl_in_the_top_drawer_of_the_wooden_cabinet_and_place_it_on_the_plate,19,12019,1,138,35,22d80af3dce5342b66c414ffc4644d6df6b0c067f9aeb5cfa6d50356235ac20a
dp_best_dp_ddim10_ta04,2,pick_up_the_black_bowl_in_the_top_drawer_of_the_wooden_cabinet_and_place_it_on_the_plate,20,12020,1,163,41,22d80af3dce5342b66c414ffc4644d6df6b0c067f9aeb5cfa6d50356235ac20a
dp_best_dp_ddim10_ta04,2,pick_up_the_black_bowl_in_the_top_drawer_of_the_wooden_cabinet_and_place_it_on_the_plate,8,12008,0,600,150,22d80af3dce5342b66c414ffc4644d6df6b0c067f9aeb5cfa6d50356235ac20a
dp_best_dp_ddim10_ta04,2,pick_up_the_black_bowl_in_the_top_drawer_of_the_wooden_cabinet_and_place_it_on_the_plate,22,12022,1,144,36,22d80af3dce5342b66c414ffc4644d6df6b0c067f9aeb5cfa6d50356235ac20a
dp_best_dp_ddim10_ta04,2,pick_up_the_black_bowl_in_the_top_drawer_of_the_wooden_cabinet_and_place_it_on_the_plate,23,12023,1,147,37,22d80af3dce5342b66c414ffc4644d6df6b0c067f9aeb5cfa6d50356235ac20a
dp_best_dp_ddim10_ta04,2,pick_up_the_black_bowl_in_the_top_drawer_of_the_wooden_cabinet_and_place_it_on_the_plate,12,12012,0,600,150,22d80af3dce5342b66c414ffc4644d6df6b0c067f9aeb5cfa6d50356235ac20a
dp_best_dp_ddim10_ta04,2,pick_up_the_black_bowl_in_the_top_drawer_of_the_wooden_cabinet_and_place_it_on_the_plate,24,12024,1,141,36,22d80af3dce5342b66c414ffc4644d6df6b0c067f9aeb5cfa6d50356235ac20a
dp_best_dp_ddim10_ta04,2,pick_up_the_black_bowl_in_the_top_drawer_of_the_wooden_cabinet_and_place_it_on_the_plate,26,12026,1,163,41,22d80af3dce5342b66c414ffc4644d6df6b0c067f9aeb5cfa6d50356235ac20a
dp_best_dp_ddim10_ta04,2,pick_up_the_black_bowl_in_the_top_drawer_of_the_wooden_cabinet_and_place_it_on_the_plate,16,12016,0,600,150,22d80af3dce5342b66c414ffc4644d6df6b0c067f9aeb5cfa6d50356235ac20a
dp_best_dp_ddim10_ta04,2,pick_up_the_black_bowl_in_the_top_drawer_of_the_wooden_cabinet_and_place_it_on_the_plate,17,12017,0,600,150,22d80af3dce5342b66c414ffc4644d6df6b0c067f9aeb5cfa6d50356235ac20a
dp_best_dp_ddim10_ta04,2,pick_up_the_black_bowl_in_the_top_drawer_of_the_wooden_cabinet_and_place_it_on_the_plate,18,12018,0,600,150,22d80af3dce5342b66c414ffc4644d6df6b0c067f9aeb5cfa6d50356235ac20a
dp_best_dp_ddim10_ta04,2,pick_up_the_black_bowl_in_the_top_drawer_of_the_wooden_cabinet_and_place_it_on_the_plate,29,12029,1,153,39,22d80af3dce5342b66c414ffc4644d6df6b0c067f9aeb5cfa6d50356235ac20a
dp_best_dp_ddim10_ta04,2,pick_up_the_black_bowl_in_the_top_drawer_of_the_wooden_cabinet_and_place_it_on_the_plate,30,12030,1,150,38,22d80af3dce5342b66c414ffc4644d6df6b0c067f9aeb5cfa6d50356235ac20a
dp_best_dp_ddim10_ta04,2,pick_up_the_black_bowl_in_the_top_drawer_of_the_wooden_cabinet_and_place_it_on_the_plate,21,12021,0,600,150,22d80af3dce5342b66c414ffc4644d6df6b0c067f9aeb5cfa6d50356235ac20a
dp_best_dp_ddim10_ta04,2,pick_up_the_black_bowl_in_the_top_drawer_of_the_wooden_cabinet_and_place_it_on_the_plate,32,12032,1,130,33,22d80af3dce5342b66c414ffc4644d6df6b0c067f9aeb5cfa6d50356235ac20a
dp_best_dp_ddim10_ta04,2,pick_up_the_black_bowl_in_the_top_drawer_of_the_wooden_cabinet_and_place_it_on_the_plate,31,12031,1,173,44,22d80af3dce5342b66c414ffc4644d6df6b0c067f9aeb5cfa6d50356235ac20a
dp_best_dp_ddim10_ta04,2,pick_up_the_black_bowl_in_the_top_drawer_of_the_wooden_cabinet_and_place_it_on_the_plate,35,12035,1,153,39,22d80af3dce5342b66c414ffc4644d6df6b0c067f9aeb5cfa6d50356235ac20a
dp_best_dp_ddim10_ta04,2,pick_up_the_black_bowl_in_the_top_drawer_of_the_wooden_cabinet_and_place_it_on_the_plate,36,12036,1,142,36,22d80af3dce5342b66c414ffc4644d6df6b0c067f9aeb5cfa6d50356235ac20a
dp_best_dp_ddim10_ta04,2,pick_up_the_black_bowl_in_the_top_drawer_of_the_wooden_cabinet_and_place_it_on_the_plate,25,12025,0,600,150,22d80af3dce5342b66c414ffc4644d6df6b0c067f9aeb5cfa6d50356235ac20a
dp_best_dp_ddim10_ta04,2,pick_up_the_black_bowl_in_the_top_drawer_of_the_wooden_cabinet_and_place_it_on_the_plate,27,12027,0,600,150,22d80af3dce5342b66c414ffc4644d6df6b0c067f9aeb5cfa6d50356235ac20a
dp_best_dp_ddim10_ta04,2,pick_up_the_black_bowl_in_the_top_drawer_of_the_wooden_cabinet_and_place_it_on_the_plate,28,12028,0,600,150,22d80af3dce5342b66c414ffc4644d6df6b0c067f9aeb5cfa6d50356235ac20a
dp_best_dp_ddim10_ta04,2,pick_up_the_black_bowl_in_the_top_drawer_of_the_wooden_cabinet_and_place_it_on_the_plate,39,12039,1,142,36,22d80af3dce5342b66c414ffc4644d6df6b0c067f9aeb5cfa6d50356235ac20a
dp_best_dp_ddim10_ta04,2,pick_up_the_black_bowl_in_the_top_drawer_of_the_wooden_cabinet_and_place_it_on_the_plate,40,12040,1,167,42,22d80af3dce5342b66c414ffc4644d6df6b0c067f9aeb5cfa6d50356235ac20a
dp_best_dp_ddim10_ta04,2,pick_up_the_black_bowl_in_the_top_drawer_of_the_wooden_cabinet_and_place_it_on_the_plate,41,12041,1,156,39,22d80af3dce5342b66c414ffc4644d6df6b0c067f9aeb5cfa6d50356235ac20a
dp_best_dp_ddim10_ta04,2,pick_up_the_black_bowl_in_the_top_drawer_of_the_wooden_cabinet_and_place_it_on_the_plate,43,12043,1,137,35,22d80af3dce5342b66c414ffc4644d6df6b0c067f9aeb5cfa6d50356235ac20a
dp_best_dp_ddim10_ta04,2,pick_up_the_black_bowl_in_the_top_drawer_of_the_wooden_cabinet_and_place_it_on_the_plate,42,12042,1,140,35,22d80af3dce5342b66c414ffc4644d6df6b0c067f9aeb5cfa6d50356235ac20a
dp_best_dp_ddim10_ta04,2,pick_up_the_black_bowl_in_the_top_drawer_of_the_wooden_cabinet_and_place_it_on_the_plate,33,12033,1,531,133,22d80af3dce5342b66c414ffc4644d6df6b0c067f9aeb5cfa6d50356235ac20a
dp_best_dp_ddim10_ta04,2,pick_up_the_black_bowl_in_the_top_drawer_of_the_wooden_cabinet_and_place_it_on_the_plate,44,12044,1,156,39,22d80af3dce5342b66c414ffc4644d6df6b0c067f9aeb5cfa6d50356235ac20a
dp_best_dp_ddim10_ta04,2,pick_up_the_black_bowl_in_the_top_drawer_of_the_wooden_cabinet_and_place_it_on_the_plate,34,12034,0,600,150,22d80af3dce5342b66c414ffc4644d6df6b0c067f9aeb5cfa6d50356235ac20a
dp_best_dp_ddim10_ta04,2,pick_up_the_black_bowl_in_the_top_drawer_of_the_wooden_cabinet_and_place_it_on_the_plate,47,12047,1,144,36,22d80af3dce5342b66c414ffc4644d6df6b0c067f9aeb5cfa6d50356235ac20a
dp_best_dp_ddim10_ta04,2,pick_up_the_black_bowl_in_the_top_drawer_of_the_wooden_cabinet_and_place_it_on_the_plate,37,12037,0,600,150,22d80af3dce5342b66c414ffc4644d6df6b0c067f9aeb5cfa6d50356235ac20a
dp_best_dp_ddim10_ta04,2,pick_up_the_black_bowl_in_the_top_drawer_of_the_wooden_cabinet_and_place_it_on_the_plate,48,12048,1,152,38,22d80af3dce5342b66c414ffc4644d6df6b0c067f9aeb5cfa6d50356235ac20a
dp_best_dp_ddim10_ta04,2,pick_up_the_black_bowl_in_the_top_drawer_of_the_wooden_cabinet_and_place_it_on_the_plate,49,12049,1,160,40,22d80af3dce5342b66c414ffc4644d6df6b0c067f9aeb5cfa6d50356235ac20a
dp_best_dp_ddim10_ta04,2,pick_up_the_black_bowl_in_the_top_drawer_of_the_wooden_cabinet_and_place_it_on_the_plate,38,12038,0,600,150,22d80af3dce5342b66c414ffc4644d6df6b0c067f9aeb5cfa6d50356235ac20a
dp_best_dp_ddim10_ta04,4,pick_up_the_black_bowl_next_to_the_plate_and_place_it_on_the_plate,3,14003,1,103,26,22d80af3dce5342b66c414ffc4644d6df6b0c067f9aeb5cfa6d50356235ac20a
dp_best_dp_ddim10_ta04,4,pick_up_the_black_bowl_next_to_the_plate_and_place_it_on_the_plate,5,14005,1,109,28,22d80af3dce5342b66c414ffc4644d6df6b0c067f9aeb5cfa6d50356235ac20a
dp_best_dp_ddim10_ta04,4,pick_up_the_black_bowl_next_to_the_plate_and_place_it_on_the_plate,6,14006,1,115,29,22d80af3dce5342b66c414ffc4644d6df6b0c067f9aeb5cfa6d50356235ac20a
dp_best_dp_ddim10_ta04,4,pick_up_the_black_bowl_next_to_the_plate_and_place_it_on_the_plate,7,14007,1,107,27,22d80af3dce5342b66c414ffc4644d6df6b0c067f9aeb5cfa6d50356235ac20a
dp_best_dp_ddim10_ta04,2,pick_up_the_black_bowl_in_the_top_drawer_of_the_wooden_cabinet_and_place_it_on_the_plate,45,12045,0,600,150,22d80af3dce5342b66c414ffc4644d6df6b0c067f9aeb5cfa6d50356235ac20a
dp_best_dp_ddim10_ta04,2,pick_up_the_black_bowl_in_the_top_drawer_of_the_wooden_cabinet_and_place_it_on_the_plate,46,12046,0,600,150,22d80af3dce5342b66c414ffc4644d6df6b0c067f9aeb5cfa6d50356235ac20a
dp_best_dp_ddim10_ta04,4,pick_up_the_black_bowl_next_to_the_plate_and_place_it_on_the_plate,9,14009,1,104,26,22d80af3dce5342b66c414ffc4644d6df6b0c067f9aeb5cfa6d50356235ac20a
dp_best_dp_ddim10_ta04,4,pick_up_the_black_bowl_next_to_the_plate_and_place_it_on_the_plate,12,14012,1,92,23,22d80af3dce5342b66c414ffc4644d6df6b0c067f9aeb5cfa6d50356235ac20a
dp_best_dp_ddim10_ta04,4,pick_up_the_black_bowl_next_to_the_plate_and_place_it_on_the_plate,0,14000,0,600,150,22d80af3dce5342b66c414ffc4644d6df6b0c067f9aeb5cfa6d50356235ac20a
dp_best_dp_ddim10_ta04,4,pick_up_the_black_bowl_next_to_the_plate_and_place_it_on_the_plate,10,14010,1,142,36,22d80af3dce5342b66c414ffc4644d6df6b0c067f9aeb5cfa6d50356235ac20a
dp_best_dp_ddim10_ta04,4,pick_up_the_black_bowl_next_to_the_plate_and_place_it_on_the_plate,1,14001,0,600,150,22d80af3dce5342b66c414ffc4644d6df6b0c067f9aeb5cfa6d50356235ac20a
dp_best_dp_ddim10_ta04,4,pick_up_the_black_bowl_next_to_the_plate_and_place_it_on_the_plate,2,14002,0,600,150,22d80af3dce5342b66c414ffc4644d6df6b0c067f9aeb5cfa6d50356235ac20a
dp_best_dp_ddim10_ta04,4,pick_up_the_black_bowl_next_to_the_plate_and_place_it_on_the_plate,14,14014,1,125,32,22d80af3dce5342b66c414ffc4644d6df6b0c067f9aeb5cfa6d50356235ac20a
dp_best_dp_ddim10_ta04,4,pick_up_the_black_bowl_next_to_the_plate_and_place_it_on_the_plate,15,14015,1,109,28,22d80af3dce5342b66c414ffc4644d6df6b0c067f9aeb5cfa6d50356235ac20a
dp_best_dp_ddim10_ta04,4,pick_up_the_black_bowl_next_to_the_plate_and_place_it_on_the_plate,4,14004,0,600,150,22d80af3dce5342b66c414ffc4644d6df6b0c067f9aeb5cfa6d50356235ac20a
dp_best_dp_ddim10_ta04,4,pick_up_the_black_bowl_next_to_the_plate_and_place_it_on_the_plate,17,14017,1,106,27,22d80af3dce5342b66c414ffc4644d6df6b0c067f9aeb5cfa6d50356235ac20a
dp_best_dp_ddim10_ta04,4,pick_up_the_black_bowl_next_to_the_plate_and_place_it_on_the_plate,20,14020,1,104,26,22d80af3dce5342b66c414ffc4644d6df6b0c067f9aeb5cfa6d50356235ac20a
dp_best_dp_ddim10_ta04,4,pick_up_the_black_bowl_next_to_the_plate_and_place_it_on_the_plate,21,14021,1,107,27,22d80af3dce5342b66c414ffc4644d6df6b0c067f9aeb5cfa6d50356235ac20a
dp_best_dp_ddim10_ta04,4,pick_up_the_black_bowl_next_to_the_plate_and_place_it_on_the_plate,8,14008,0,600,150,22d80af3dce5342b66c414ffc4644d6df6b0c067f9aeb5cfa6d50356235ac20a
dp_best_dp_ddim10_ta04,4,pick_up_the_black_bowl_next_to_the_plate_and_place_it_on_the_plate,19,14019,1,278,70,22d80af3dce5342b66c414ffc4644d6df6b0c067f9aeb5cfa6d50356235ac20a
dp_best_dp_ddim10_ta04,4,pick_up_the_black_bowl_next_to_the_plate_and_place_it_on_the_plate,23,14023,1,119,30,22d80af3dce5342b66c414ffc4644d6df6b0c067f9aeb5cfa6d50356235ac20a
dp_best_dp_ddim10_ta04,4,pick_up_the_black_bowl_next_to_the_plate_and_place_it_on_the_plate,11,14011,0,600,150,22d80af3dce5342b66c414ffc4644d6df6b0c067f9aeb5cfa6d50356235ac20a
dp_best_dp_ddim10_ta04,4,pick_up_the_black_bowl_next_to_the_plate_and_place_it_on_the_plate,25,14025,1,93,24,22d80af3dce5342b66c414ffc4644d6df6b0c067f9aeb5cfa6d50356235ac20a
dp_best_dp_ddim10_ta04,4,pick_up_the_black_bowl_next_to_the_plate_and_place_it_on_the_plate,26,14026,1,115,29,22d80af3dce5342b66c414ffc4644d6df6b0c067f9aeb5cfa6d50356235ac20a
dp_best_dp_ddim10_ta04,4,pick_up_the_black_bowl_next_to_the_plate_and_place_it_on_the_plate,13,14013,0,600,150,22d80af3dce5342b66c414ffc4644d6df6b0c067f9aeb5cfa6d50356235ac20a
dp_best_dp_ddim10_ta04,4,pick_up_the_black_bowl_next_to_the_plate_and_place_it_on_the_plate,27,14027,1,113,29,22d80af3dce5342b66c414ffc4644d6df6b0c067f9aeb5cfa6d50356235ac20a
dp_best_dp_ddim10_ta04,4,pick_up_the_black_bowl_next_to_the_plate_and_place_it_on_the_plate,28,14028,1,106,27,22d80af3dce5342b66c414ffc4644d6df6b0c067f9aeb5cfa6d50356235ac20a
dp_best_dp_ddim10_ta04,4,pick_up_the_black_bowl_next_to_the_plate_and_place_it_on_the_plate,16,14016,0,600,150,22d80af3dce5342b66c414ffc4644d6df6b0c067f9aeb5cfa6d50356235ac20a
dp_best_dp_ddim10_ta04,4,pick_up_the_black_bowl_next_to_the_plate_and_place_it_on_the_plate,29,14029,1,111,28,22d80af3dce5342b66c414ffc4644d6df6b0c067f9aeb5cfa6d50356235ac20a
dp_best_dp_ddim10_ta04,4,pick_up_the_black_bowl_next_to_the_plate_and_place_it_on_the_plate,30,14030,1,103,26,22d80af3dce5342b66c414ffc4644d6df6b0c067f9aeb5cfa6d50356235ac20a
dp_best_dp_ddim10_ta04,4,pick_up_the_black_bowl_next_to_the_plate_and_place_it_on_the_plate,18,14018,0,600,150,22d80af3dce5342b66c414ffc4644d6df6b0c067f9aeb5cfa6d50356235ac20a
dp_best_dp_ddim10_ta04,4,pick_up_the_black_bowl_next_to_the_plate_and_place_it_on_the_plate,32,14032,1,122,31,22d80af3dce5342b66c414ffc4644d6df6b0c067f9aeb5cfa6d50356235ac20a
dp_best_dp_ddim10_ta04,4,pick_up_the_black_bowl_next_to_the_plate_and_place_it_on_the_plate,31,14031,1,135,34,22d80af3dce5342b66c414ffc4644d6df6b0c067f9aeb5cfa6d50356235ac20a
dp_best_dp_ddim10_ta04,4,pick_up_the_black_bowl_next_to_the_plate_and_place_it_on_the_plate,35,14035,1,111,28,22d80af3dce5342b66c414ffc4644d6df6b0c067f9aeb5cfa6d50356235ac20a
dp_best_dp_ddim10_ta04,4,pick_up_the_black_bowl_next_to_the_plate_and_place_it_on_the_plate,22,14022,0,600,150,22d80af3dce5342b66c414ffc4644d6df6b0c067f9aeb5cfa6d50356235ac20a
dp_best_dp_ddim10_ta04,4,pick_up_the_black_bowl_next_to_the_plate_and_place_it_on_the_plate,36,14036,1,111,28,22d80af3dce5342b66c414ffc4644d6df6b0c067f9aeb5cfa6d50356235ac20a
dp_best_dp_ddim10_ta04,4,pick_up_the_black_bowl_next_to_the_plate_and_place_it_on_the_plate,33,14033,1,209,53,22d80af3dce5342b66c414ffc4644d6df6b0c067f9aeb5cfa6d50356235ac20a
dp_best_dp_ddim10_ta04,4,pick_up_the_black_bowl_next_to_the_plate_and_place_it_on_the_plate,38,14038,1,108,27,22d80af3dce5342b66c414ffc4644d6df6b0c067f9aeb5cfa6d50356235ac20a
dp_best_dp_ddim10_ta04,4,pick_up_the_black_bowl_next_to_the_plate_and_place_it_on_the_plate,37,14037,1,119,30,22d80af3dce5342b66c414ffc4644d6df6b0c067f9aeb5cfa6d50356235ac20a
dp_best_dp_ddim10_ta04,4,pick_up_the_black_bowl_next_to_the_plate_and_place_it_on_the_plate,24,14024,0,600,150,22d80af3dce5342b66c414ffc4644d6df6b0c067f9aeb5cfa6d50356235ac20a
dp_best_dp_ddim10_ta04,4,pick_up_the_black_bowl_next_to_the_plate_and_place_it_on_the_plate,39,14039,1,112,28,22d80af3dce5342b66c414ffc4644d6df6b0c067f9aeb5cfa6d50356235ac20a
dp_best_dp_ddim10_ta04,4,pick_up_the_black_bowl_next_to_the_plate_and_place_it_on_the_plate,41,14041,1,112,28,22d80af3dce5342b66c414ffc4644d6df6b0c067f9aeb5cfa6d50356235ac20a
dp_best_dp_ddim10_ta04,4,pick_up_the_black_bowl_next_to_the_plate_and_place_it_on_the_plate,42,14042,1,107,27,22d80af3dce5342b66c414ffc4644d6df6b0c067f9aeb5cfa6d50356235ac20a
dp_best_dp_ddim10_ta04,4,pick_up_the_black_bowl_next_to_the_plate_and_place_it_on_the_plate,48,14048,1,97,25,22d80af3dce5342b66c414ffc4644d6df6b0c067f9aeb5cfa6d50356235ac20a
dp_best_dp_ddim10_ta04,4,pick_up_the_black_bowl_next_to_the_plate_and_place_it_on_the_plate,44,14044,1,216,54,22d80af3dce5342b66c414ffc4644d6df6b0c067f9aeb5cfa6d50356235ac20a
dp_best_dp_ddim10_ta04,6,pick_up_the_black_bowl_on_the_cookie_box_and_place_it_on_the_plate,0,16000,1,94,24,22d80af3dce5342b66c414ffc4644d6df6b0c067f9aeb5cfa6d50356235ac20a
dp_best_dp_ddim10_ta04,4,pick_up_the_black_bowl_next_to_the_plate_and_place_it_on_the_plate,34,14034,0,600,150,22d80af3dce5342b66c414ffc4644d6df6b0c067f9aeb5cfa6d50356235ac20a
dp_best_dp_ddim10_ta04,6,pick_up_the_black_bowl_on_the_cookie_box_and_place_it_on_the_plate,1,16001,1,95,24,22d80af3dce5342b66c414ffc4644d6df6b0c067f9aeb5cfa6d50356235ac20a
dp_best_dp_ddim10_ta04,6,pick_up_the_black_bowl_on_the_cookie_box_and_place_it_on_the_plate,2,16002,1,97,25,22d80af3dce5342b66c414ffc4644d6df6b0c067f9aeb5cfa6d50356235ac20a
dp_best_dp_ddim10_ta04,4,pick_up_the_black_bowl_next_to_the_plate_and_place_it_on_the_plate,43,14043,1,497,125,22d80af3dce5342b66c414ffc4644d6df6b0c067f9aeb5cfa6d50356235ac20a
dp_best_dp_ddim10_ta04,6,pick_up_the_black_bowl_on_the_cookie_box_and_place_it_on_the_plate,3,16003,1,121,31,22d80af3dce5342b66c414ffc4644d6df6b0c067f9aeb5cfa6d50356235ac20a
dp_best_dp_ddim10_ta04,4,pick_up_the_black_bowl_next_to_the_plate_and_place_it_on_the_plate,40,14040,0,600,150,22d80af3dce5342b66c414ffc4644d6df6b0c067f9aeb5cfa6d50356235ac20a
dp_best_dp_ddim10_ta04,6,pick_up_the_black_bowl_on_the_cookie_box_and_place_it_on_the_plate,4,16004,1,96,24,22d80af3dce5342b66c414ffc4644d6df6b0c067f9aeb5cfa6d50356235ac20a
dp_best_dp_ddim10_ta04,6,pick_up_the_black_bowl_on_the_cookie_box_and_place_it_on_the_plate,5,16005,1,117,30,22d80af3dce5342b66c414ffc4644d6df6b0c067f9aeb5cfa6d50356235ac20a
dp_best_dp_ddim10_ta04,6,pick_up_the_black_bowl_on_the_cookie_box_and_place_it_on_the_plate,6,16006,1,99,25,22d80af3dce5342b66c414ffc4644d6df6b0c067f9aeb5cfa6d50356235ac20a
dp_best_dp_ddim10_ta04,4,pick_up_the_black_bowl_next_to_the_plate_and_place_it_on_the_plate,45,14045,0,600,150,22d80af3dce5342b66c414ffc4644d6df6b0c067f9aeb5cfa6d50356235ac20a
dp_best_dp_ddim10_ta04,4,pick_up_the_black_bowl_next_to_the_plate_and_place_it_on_the_plate,46,14046,0,600,150,22d80af3dce5342b66c414ffc4644d6df6b0c067f9aeb5cfa6d50356235ac20a
dp_best_dp_ddim10_ta04,6,pick_up_the_black_bowl_on_the_cookie_box_and_place_it_on_the_plate,8,16008,1,93,24,22d80af3dce5342b66c414ffc4644d6df6b0c067f9aeb5cfa6d50356235ac20a
dp_best_dp_ddim10_ta04,6,pick_up_the_black_bowl_on_the_cookie_box_and_place_it_on_the_plate,7,16007,1,103,26,22d80af3dce5342b66c414ffc4644d6df6b0c067f9aeb5cfa6d50356235ac20a
dp_best_dp_ddim10_ta04,4,pick_up_the_black_bowl_next_to_the_plate_and_place_it_on_the_plate,47,14047,0,600,150,22d80af3dce5342b66c414ffc4644d6df6b0c067f9aeb5cfa6d50356235ac20a
dp_best_dp_ddim10_ta04,6,pick_up_the_black_bowl_on_the_cookie_box_and_place_it_on_the_plate,9,16009,1,98,25,22d80af3dce5342b66c414ffc4644d6df6b0c067f9aeb5cfa6d50356235ac20a
dp_best_dp_ddim10_ta04,6,pick_up_the_black_bowl_on_the_cookie_box_and_place_it_on_the_plate,10,16010,1,99,25,22d80af3dce5342b66c414ffc4644d6df6b0c067f9aeb5cfa6d50356235ac20a
dp_best_dp_ddim10_ta04,6,pick_up_the_black_bowl_on_the_cookie_box_and_place_it_on_the_plate,11,16011,1,121,31,22d80af3dce5342b66c414ffc4644d6df6b0c067f9aeb5cfa6d50356235ac20a
dp_best_dp_ddim10_ta04,6,pick_up_the_black_bowl_on_the_cookie_box_and_place_it_on_the_plate,12,16012,1,101,26,22d80af3dce5342b66c414ffc4644d6df6b0c067f9aeb5cfa6d50356235ac20a
dp_best_dp_ddim10_ta04,6,pick_up_the_black_bowl_on_the_cookie_box_and_place_it_on_the_plate,13,16013,1,98,25,22d80af3dce5342b66c414ffc4644d6df6b0c067f9aeb5cfa6d50356235ac20a
dp_best_dp_ddim10_ta04,6,pick_up_the_black_bowl_on_the_cookie_box_and_place_it_on_the_plate,14,16014,1,106,27,22d80af3dce5342b66c414ffc4644d6df6b0c067f9aeb5cfa6d50356235ac20a
dp_best_dp_ddim10_ta04,6,pick_up_the_black_bowl_on_the_cookie_box_and_place_it_on_the_plate,15,16015,1,97,25,22d80af3dce5342b66c414ffc4644d6df6b0c067f9aeb5cfa6d50356235ac20a
dp_best_dp_ddim10_ta04,4,pick_up_the_black_bowl_next_to_the_plate_and_place_it_on_the_plate,49,14049,0,600,150,22d80af3dce5342b66c414ffc4644d6df6b0c067f9aeb5cfa6d50356235ac20a
dp_best_dp_ddim10_ta04,6,pick_up_the_black_bowl_on_the_cookie_box_and_place_it_on_the_plate,17,16017,1,98,25,22d80af3dce5342b66c414ffc4644d6df6b0c067f9aeb5cfa6d50356235ac20a
dp_best_dp_ddim10_ta04,6,pick_up_the_black_bowl_on_the_cookie_box_and_place_it_on_the_plate,16,16016,1,116,29,22d80af3dce5342b66c414ffc4644d6df6b0c067f9aeb5cfa6d50356235ac20a
dp_best_dp_ddim10_ta04,6,pick_up_the_black_bowl_on_the_cookie_box_and_place_it_on_the_plate,18,16018,1,98,25,22d80af3dce5342b66c414ffc4644d6df6b0c067f9aeb5cfa6d50356235ac20a
dp_best_dp_ddim10_ta04,6,pick_up_the_black_bowl_on_the_cookie_box_and_place_it_on_the_plate,19,16019,1,96,24,22d80af3dce5342b66c414ffc4644d6df6b0c067f9aeb5cfa6d50356235ac20a
dp_best_dp_ddim10_ta04,6,pick_up_the_black_bowl_on_the_cookie_box_and_place_it_on_the_plate,20,16020,1,103,26,22d80af3dce5342b66c414ffc4644d6df6b0c067f9aeb5cfa6d50356235ac20a
dp_best_dp_ddim10_ta04,6,pick_up_the_black_bowl_on_the_cookie_box_and_place_it_on_the_plate,22,16022,1,104,26,22d80af3dce5342b66c414ffc4644d6df6b0c067f9aeb5cfa6d50356235ac20a
dp_best_dp_ddim10_ta04,6,pick_up_the_black_bowl_on_the_cookie_box_and_place_it_on_the_plate,21,16021,1,119,30,22d80af3dce5342b66c414ffc4644d6df6b0c067f9aeb5cfa6d50356235ac20a
dp_best_dp_ddim10_ta04,6,pick_up_the_black_bowl_on_the_cookie_box_and_place_it_on_the_plate,25,16025,1,94,24,22d80af3dce5342b66c414ffc4644d6df6b0c067f9aeb5cfa6d50356235ac20a
dp_best_dp_ddim10_ta04,6,pick_up_the_black_bowl_on_the_cookie_box_and_place_it_on_the_plate,26,16026,1,93,24,22d80af3dce5342b66c414ffc4644d6df6b0c067f9aeb5cfa6d50356235ac20a
dp_best_dp_ddim10_ta04,6,pick_up_the_black_bowl_on_the_cookie_box_and_place_it_on_the_plate,27,16027,1,96,24,22d80af3dce5342b66c414ffc4644d6df6b0c067f9aeb5cfa6d50356235ac20a
dp_best_dp_ddim10_ta04,6,pick_up_the_black_bowl_on_the_cookie_box_and_place_it_on_the_plate,24,16024,1,137,35,22d80af3dce5342b66c414ffc4644d6df6b0c067f9aeb5cfa6d50356235ac20a
dp_best_dp_ddim10_ta04,6,pick_up_the_black_bowl_on_the_cookie_box_and_place_it_on_the_plate,28,16028,1,109,28,22d80af3dce5342b66c414ffc4644d6df6b0c067f9aeb5cfa6d50356235ac20a
dp_best_dp_ddim10_ta04,6,pick_up_the_black_bowl_on_the_cookie_box_and_place_it_on_the_plate,29,16029,1,91,23,22d80af3dce5342b66c414ffc4644d6df6b0c067f9aeb5cfa6d50356235ac20a
dp_best_dp_ddim10_ta04,6,pick_up_the_black_bowl_on_the_cookie_box_and_place_it_on_the_plate,30,16030,1,101,26,22d80af3dce5342b66c414ffc4644d6df6b0c067f9aeb5cfa6d50356235ac20a
dp_best_dp_ddim10_ta04,6,pick_up_the_black_bowl_on_the_cookie_box_and_place_it_on_the_plate,31,16031,1,95,24,22d80af3dce5342b66c414ffc4644d6df6b0c067f9aeb5cfa6d50356235ac20a
dp_best_dp_ddim10_ta04,6,pick_up_the_black_bowl_on_the_cookie_box_and_place_it_on_the_plate,32,16032,1,92,23,22d80af3dce5342b66c414ffc4644d6df6b0c067f9aeb5cfa6d50356235ac20a
dp_best_dp_ddim10_ta04,6,pick_up_the_black_bowl_on_the_cookie_box_and_place_it_on_the_plate,33,16033,1,95,24,22d80af3dce5342b66c414ffc4644d6df6b0c067f9aeb5cfa6d50356235ac20a
dp_best_dp_ddim10_ta04,6,pick_up_the_black_bowl_on_the_cookie_box_and_place_it_on_the_plate,34,16034,1,105,27,22d80af3dce5342b66c414ffc4644d6df6b0c067f9aeb5cfa6d50356235ac20a
dp_best_dp_ddim10_ta04,6,pick_up_the_black_bowl_on_the_cookie_box_and_place_it_on_the_plate,35,16035,1,93,24,22d80af3dce5342b66c414ffc4644d6df6b0c067f9aeb5cfa6d50356235ac20a
dp_best_dp_ddim10_ta04,6,pick_up_the_black_bowl_on_the_cookie_box_and_place_it_on_the_plate,36,16036,1,93,24,22d80af3dce5342b66c414ffc4644d6df6b0c067f9aeb5cfa6d50356235ac20a
dp_best_dp_ddim10_ta04,6,pick_up_the_black_bowl_on_the_cookie_box_and_place_it_on_the_plate,37,16037,1,102,26,22d80af3dce5342b66c414ffc4644d6df6b0c067f9aeb5cfa6d50356235ac20a
dp_best_dp_ddim10_ta04,6,pick_up_the_black_bowl_on_the_cookie_box_and_place_it_on_the_plate,38,16038,1,98,25,22d80af3dce5342b66c414ffc4644d6df6b0c067f9aeb5cfa6d50356235ac20a
dp_best_dp_ddim10_ta04,6,pick_up_the_black_bowl_on_the_cookie_box_and_place_it_on_the_plate,39,16039,1,100,25,22d80af3dce5342b66c414ffc4644d6df6b0c067f9aeb5cfa6d50356235ac20a
dp_best_dp_ddim10_ta04,6,pick_up_the_black_bowl_on_the_cookie_box_and_place_it_on_the_plate,40,16040,1,95,24,22d80af3dce5342b66c414ffc4644d6df6b0c067f9aeb5cfa6d50356235ac20a
dp_best_dp_ddim10_ta04,6,pick_up_the_black_bowl_on_the_cookie_box_and_place_it_on_the_plate,41,16041,1,95,24,22d80af3dce5342b66c414ffc4644d6df6b0c067f9aeb5cfa6d50356235ac20a
dp_best_dp_ddim10_ta04,6,pick_up_the_black_bowl_on_the_cookie_box_and_place_it_on_the_plate,43,16043,1,95,24,22d80af3dce5342b66c414ffc4644d6df6b0c067f9aeb5cfa6d50356235ac20a
dp_best_dp_ddim10_ta04,6,pick_up_the_black_bowl_on_the_cookie_box_and_place_it_on_the_plate,42,16042,1,110,28,22d80af3dce5342b66c414ffc4644d6df6b0c067f9aeb5cfa6d50356235ac20a
dp_best_dp_ddim10_ta04,6,pick_up_the_black_bowl_on_the_cookie_box_and_place_it_on_the_plate,44,16044,1,96,24,22d80af3dce5342b66c414ffc4644d6df6b0c067f9aeb5cfa6d50356235ac20a
dp_best_dp_ddim10_ta04,6,pick_up_the_black_bowl_on_the_cookie_box_and_place_it_on_the_plate,47,16047,1,100,25,22d80af3dce5342b66c414ffc4644d6df6b0c067f9aeb5cfa6d50356235ac20a
dp_best_dp_ddim10_ta04,6,pick_up_the_black_bowl_on_the_cookie_box_and_place_it_on_the_plate,48,16048,1,101,26,22d80af3dce5342b66c414ffc4644d6df6b0c067f9aeb5cfa6d50356235ac20a
dp_best_dp_ddim10_ta04,6,pick_up_the_black_bowl_on_the_cookie_box_and_place_it_on_the_plate,49,16049,1,96,24,22d80af3dce5342b66c414ffc4644d6df6b0c067f9aeb5cfa6d50356235ac20a
dp_best_dp_ddim10_ta04,6,pick_up_the_black_bowl_on_the_cookie_box_and_place_it_on_the_plate,46,16046,1,125,32,22d80af3dce5342b66c414ffc4644d6df6b0c067f9aeb5cfa6d50356235ac20a
dp_best_dp_ddim10_ta04,8,pick_up_the_black_bowl_on_the_stove_and_place_it_on_the_plate,0,18000,1,143,36,22d80af3dce5342b66c414ffc4644d6df6b0c067f9aeb5cfa6d50356235ac20a
dp_best_dp_ddim10_ta04,8,pick_up_the_black_bowl_on_the_stove_and_place_it_on_the_plate,1,18001,1,152,38,22d80af3dce5342b66c414ffc4644d6df6b0c067f9aeb5cfa6d50356235ac20a
dp_best_dp_ddim10_ta04,6,pick_up_the_black_bowl_on_the_cookie_box_and_place_it_on_the_plate,23,16023,0,600,150,22d80af3dce5342b66c414ffc4644d6df6b0c067f9aeb5cfa6d50356235ac20a
dp_best_dp_ddim10_ta04,8,pick_up_the_black_bowl_on_the_stove_and_place_it_on_the_plate,3,18003,1,152,38,22d80af3dce5342b66c414ffc4644d6df6b0c067f9aeb5cfa6d50356235ac20a
dp_best_dp_ddim10_ta04,8,pick_up_the_black_bowl_on_the_stove_and_place_it_on_the_plate,2,18002,1,165,42,22d80af3dce5342b66c414ffc4644d6df6b0c067f9aeb5cfa6d50356235ac20a
dp_best_dp_ddim10_ta04,8,pick_up_the_black_bowl_on_the_stove_and_place_it_on_the_plate,4,18004,1,194,49,22d80af3dce5342b66c414ffc4644d6df6b0c067f9aeb5cfa6d50356235ac20a
dp_best_dp_ddim10_ta04,8,pick_up_the_black_bowl_on_the_stove_and_place_it_on_the_plate,6,18006,1,137,35,22d80af3dce5342b66c414ffc4644d6df6b0c067f9aeb5cfa6d50356235ac20a
dp_best_dp_ddim10_ta04,8,pick_up_the_black_bowl_on_the_stove_and_place_it_on_the_plate,7,18007,1,145,37,22d80af3dce5342b66c414ffc4644d6df6b0c067f9aeb5cfa6d50356235ac20a
dp_best_dp_ddim10_ta04,8,pick_up_the_black_bowl_on_the_stove_and_place_it_on_the_plate,9,18009,1,168,42,22d80af3dce5342b66c414ffc4644d6df6b0c067f9aeb5cfa6d50356235ac20a
dp_best_dp_ddim10_ta04,8,pick_up_the_black_bowl_on_the_stove_and_place_it_on_the_plate,12,18012,1,151,38,22d80af3dce5342b66c414ffc4644d6df6b0c067f9aeb5cfa6d50356235ac20a
dp_best_dp_ddim10_ta04,8,pick_up_the_black_bowl_on_the_stove_and_place_it_on_the_plate,8,18008,1,227,57,22d80af3dce5342b66c414ffc4644d6df6b0c067f9aeb5cfa6d50356235ac20a
dp_best_dp_ddim10_ta04,8,pick_up_the_black_bowl_on_the_stove_and_place_it_on_the_plate,11,18011,1,169,43,22d80af3dce5342b66c414ffc4644d6df6b0c067f9aeb5cfa6d50356235ac20a
dp_best_dp_ddim10_ta04,8,pick_up_the_black_bowl_on_the_stove_and_place_it_on_the_plate,13,18013,1,146,37,22d80af3dce5342b66c414ffc4644d6df6b0c067f9aeb5cfa6d50356235ac20a
dp_best_dp_ddim10_ta04,6,pick_up_the_black_bowl_on_the_cookie_box_and_place_it_on_the_plate,45,16045,0,600,150,22d80af3dce5342b66c414ffc4644d6df6b0c067f9aeb5cfa6d50356235ac20a
dp_best_dp_ddim10_ta04,8,pick_up_the_black_bowl_on_the_stove_and_place_it_on_the_plate,14,18014,1,145,37,22d80af3dce5342b66c414ffc4644d6df6b0c067f9aeb5cfa6d50356235ac20a
dp_best_dp_ddim10_ta04,8,pick_up_the_black_bowl_on_the_stove_and_place_it_on_the_plate,16,18016,1,144,36,22d80af3dce5342b66c414ffc4644d6df6b0c067f9aeb5cfa6d50356235ac20a
dp_best_dp_ddim10_ta04,8,pick_up_the_black_bowl_on_the_stove_and_place_it_on_the_plate,17,18017,1,146,37,22d80af3dce5342b66c414ffc4644d6df6b0c067f9aeb5cfa6d50356235ac20a
dp_best_dp_ddim10_ta04,8,pick_up_the_black_bowl_on_the_stove_and_place_it_on_the_plate,15,18015,1,164,41,22d80af3dce5342b66c414ffc4644d6df6b0c067f9aeb5cfa6d50356235ac20a
dp_best_dp_ddim10_ta04,8,pick_up_the_black_bowl_on_the_stove_and_place_it_on_the_plate,19,18019,1,131,33,22d80af3dce5342b66c414ffc4644d6df6b0c067f9aeb5cfa6d50356235ac20a
dp_best_dp_ddim10_ta04,8,pick_up_the_black_bowl_on_the_stove_and_place_it_on_the_plate,18,18018,1,202,51,22d80af3dce5342b66c414ffc4644d6df6b0c067f9aeb5cfa6d50356235ac20a
dp_best_dp_ddim10_ta04,8,pick_up_the_black_bowl_on_the_stove_and_place_it_on_the_plate,5,18005,0,600,150,22d80af3dce5342b66c414ffc4644d6df6b0c067f9aeb5cfa6d50356235ac20a
dp_best_dp_ddim10_ta04,8,pick_up_the_black_bowl_on_the_stove_and_place_it_on_the_plate,20,18020,1,168,42,22d80af3dce5342b66c414ffc4644d6df6b0c067f9aeb5cfa6d50356235ac20a
dp_best_dp_ddim10_ta04,8,pick_up_the_black_bowl_on_the_stove_and_place_it_on_the_plate,21,18021,1,142,36,22d80af3dce5342b66c414ffc4644d6df6b0c067f9aeb5cfa6d50356235ac20a
dp_best_dp_ddim10_ta04,8,pick_up_the_black_bowl_on_the_stove_and_place_it_on_the_plate,23,18023,1,144,36,22d80af3dce5342b66c414ffc4644d6df6b0c067f9aeb5cfa6d50356235ac20a
dp_best_dp_ddim10_ta04,8,pick_up_the_black_bowl_on_the_stove_and_place_it_on_the_plate,24,18024,1,127,32,22d80af3dce5342b66c414ffc4644d6df6b0c067f9aeb5cfa6d50356235ac20a
dp_best_dp_ddim10_ta04,8,pick_up_the_black_bowl_on_the_stove_and_place_it_on_the_plate,25,18025,1,145,37,22d80af3dce5342b66c414ffc4644d6df6b0c067f9aeb5cfa6d50356235ac20a
dp_best_dp_ddim10_ta04,8,pick_up_the_black_bowl_on_the_stove_and_place_it_on_the_plate,10,18010,0,600,150,22d80af3dce5342b66c414ffc4644d6df6b0c067f9aeb5cfa6d50356235ac20a
dp_best_dp_ddim10_ta04,8,pick_up_the_black_bowl_on_the_stove_and_place_it_on_the_plate,22,18022,1,236,59,22d80af3dce5342b66c414ffc4644d6df6b0c067f9aeb5cfa6d50356235ac20a
dp_best_dp_ddim10_ta04,8,pick_up_the_black_bowl_on_the_stove_and_place_it_on_the_plate,27,18027,1,142,36,22d80af3dce5342b66c414ffc4644d6df6b0c067f9aeb5cfa6d50356235ac20a
dp_best_dp_ddim10_ta04,8,pick_up_the_black_bowl_on_the_stove_and_place_it_on_the_plate,28,18028,1,133,34,22d80af3dce5342b66c414ffc4644d6df6b0c067f9aeb5cfa6d50356235ac20a
dp_best_dp_ddim10_ta04,8,pick_up_the_black_bowl_on_the_stove_and_place_it_on_the_plate,31,18031,1,132,33,22d80af3dce5342b66c414ffc4644d6df6b0c067f9aeb5cfa6d50356235ac20a
dp_best_dp_ddim10_ta04,8,pick_up_the_black_bowl_on_the_stove_and_place_it_on_the_plate,30,18030,1,169,43,22d80af3dce5342b66c414ffc4644d6df6b0c067f9aeb5cfa6d50356235ac20a
dp_best_dp_ddim10_ta04,8,pick_up_the_black_bowl_on_the_stove_and_place_it_on_the_plate,33,18033,1,125,32,22d80af3dce5342b66c414ffc4644d6df6b0c067f9aeb5cfa6d50356235ac20a
dp_best_dp_ddim10_ta04,8,pick_up_the_black_bowl_on_the_stove_and_place_it_on_the_plate,32,18032,1,139,35,22d80af3dce5342b66c414ffc4644d6df6b0c067f9aeb5cfa6d50356235ac20a
dp_best_dp_ddim10_ta04,8,pick_up_the_black_bowl_on_the_stove_and_place_it_on_the_plate,34,18034,1,134,34,22d80af3dce5342b66c414ffc4644d6df6b0c067f9aeb5cfa6d50356235ac20a
dp_best_dp_ddim10_ta04,8,pick_up_the_black_bowl_on_the_stove_and_place_it_on_the_plate,35,18035,1,160,40,22d80af3dce5342b66c414ffc4644d6df6b0c067f9aeb5cfa6d50356235ac20a
dp_best_dp_ddim10_ta04,8,pick_up_the_black_bowl_on_the_stove_and_place_it_on_the_plate,37,18037,1,149,38,22d80af3dce5342b66c414ffc4644d6df6b0c067f9aeb5cfa6d50356235ac20a
dp_best_dp_ddim10_ta04,8,pick_up_the_black_bowl_on_the_stove_and_place_it_on_the_plate,36,18036,1,167,42,22d80af3dce5342b66c414ffc4644d6df6b0c067f9aeb5cfa6d50356235ac20a
dp_best_dp_ddim10_ta04,8,pick_up_the_black_bowl_on_the_stove_and_place_it_on_the_plate,39,18039,1,153,39,22d80af3dce5342b66c414ffc4644d6df6b0c067f9aeb5cfa6d50356235ac20a
dp_best_dp_ddim10_ta04,8,pick_up_the_black_bowl_on_the_stove_and_place_it_on_the_plate,38,18038,1,164,41,22d80af3dce5342b66c414ffc4644d6df6b0c067f9aeb5cfa6d50356235ac20a
dp_best_dp_ddim10_ta04,8,pick_up_the_black_bowl_on_the_stove_and_place_it_on_the_plate,40,18040,1,137,35,22d80af3dce5342b66c414ffc4644d6df6b0c067f9aeb5cfa6d50356235ac20a
dp_best_dp_ddim10_ta04,8,pick_up_the_black_bowl_on_the_stove_and_place_it_on_the_plate,41,18041,1,153,39,22d80af3dce5342b66c414ffc4644d6df6b0c067f9aeb5cfa6d50356235ac20a
dp_best_dp_ddim10_ta04,8,pick_up_the_black_bowl_on_the_stove_and_place_it_on_the_plate,44,18044,1,119,30,22d80af3dce5342b66c414ffc4644d6df6b0c067f9aeb5cfa6d50356235ac20a
dp_best_dp_ddim10_ta04,8,pick_up_the_black_bowl_on_the_stove_and_place_it_on_the_plate,43,18043,1,146,37,22d80af3dce5342b66c414ffc4644d6df6b0c067f9aeb5cfa6d50356235ac20a
dp_best_dp_ddim10_ta04,8,pick_up_the_black_bowl_on_the_stove_and_place_it_on_the_plate,46,18046,1,151,38,22d80af3dce5342b66c414ffc4644d6df6b0c067f9aeb5cfa6d50356235ac20a
dp_best_dp_ddim10_ta04,8,pick_up_the_black_bowl_on_the_stove_and_place_it_on_the_plate,26,18026,0,600,150,22d80af3dce5342b66c414ffc4644d6df6b0c067f9aeb5cfa6d50356235ac20a
dp_best_dp_ddim10_ta04,8,pick_up_the_black_bowl_on_the_stove_and_place_it_on_the_plate,45,18045,1,167,42,22d80af3dce5342b66c414ffc4644d6df6b0c067f9aeb5cfa6d50356235ac20a
dp_best_dp_ddim10_ta04,8,pick_up_the_black_bowl_on_the_stove_and_place_it_on_the_plate,47,18047,1,163,41,22d80af3dce5342b66c414ffc4644d6df6b0c067f9aeb5cfa6d50356235ac20a
dp_best_dp_ddim10_ta04,8,pick_up_the_black_bowl_on_the_stove_and_place_it_on_the_plate,29,18029,0,600,150,22d80af3dce5342b66c414ffc4644d6df6b0c067f9aeb5cfa6d50356235ac20a
dp_best_dp_ddim10_ta04,8,pick_up_the_black_bowl_on_the_stove_and_place_it_on_the_plate,48,18048,1,151,38,22d80af3dce5342b66c414ffc4644d6df6b0c067f9aeb5cfa6d50356235ac20a
dp_best_dp_ddim10_ta04,8,pick_up_the_black_bowl_on_the_stove_and_place_it_on_the_plate,42,18042,0,600,150,22d80af3dce5342b66c414ffc4644d6df6b0c067f9aeb5cfa6d50356235ac20a
dp_best_dp_ddim10_ta04,8,pick_up_the_black_bowl_on_the_stove_and_place_it_on_the_plate,49,18049,0,600,150,22d80af3dce5342b66c414ffc4644d6df6b0c067f9aeb5cfa6d50356235ac20a
dp_best_dp_ddim10_ta04,1,pick_up_the_black_bowl_from_table_center_and_place_it_on_the_plate,2,11002,1,105,27,22d80af3dce5342b66c414ffc4644d6df6b0c067f9aeb5cfa6d50356235ac20a
dp_best_dp_ddim10_ta04,1,pick_up_the_black_bowl_from_table_center_and_place_it_on_the_plate,5,11005,1,114,29,22d80af3dce5342b66c414ffc4644d6df6b0c067f9aeb5cfa6d50356235ac20a
dp_best_dp_ddim10_ta04,1,pick_up_the_black_bowl_from_table_center_and_place_it_on_the_plate,3,11003,1,119,30,22d80af3dce5342b66c414ffc4644d6df6b0c067f9aeb5cfa6d50356235ac20a
dp_best_dp_ddim10_ta04,1,pick_up_the_black_bowl_from_table_center_and_place_it_on_the_plate,6,11006,1,126,32,22d80af3dce5342b66c414ffc4644d6df6b0c067f9aeb5cfa6d50356235ac20a
dp_best_dp_ddim10_ta04,1,pick_up_the_black_bowl_from_table_center_and_place_it_on_the_plate,0,11000,1,127,32,22d80af3dce5342b66c414ffc4644d6df6b0c067f9aeb5cfa6d50356235ac20a
dp_best_dp_ddim10_ta04,1,pick_up_the_black_bowl_from_table_center_and_place_it_on_the_plate,4,11004,1,128,32,22d80af3dce5342b66c414ffc4644d6df6b0c067f9aeb5cfa6d50356235ac20a
dp_best_dp_ddim10_ta04,1,pick_up_the_black_bowl_from_table_center_and_place_it_on_the_plate,1,11001,1,134,34,22d80af3dce5342b66c414ffc4644d6df6b0c067f9aeb5cfa6d50356235ac20a
dp_best_dp_ddim10_ta04,1,pick_up_the_black_bowl_from_table_center_and_place_it_on_the_plate,7,11007,1,135,34,22d80af3dce5342b66c414ffc4644d6df6b0c067f9aeb5cfa6d50356235ac20a
dp_best_dp_ddim10_ta04,1,pick_up_the_black_bowl_from_table_center_and_place_it_on_the_plate,10,11010,1,102,26,22d80af3dce5342b66c414ffc4644d6df6b0c067f9aeb5cfa6d50356235ac20a
dp_best_dp_ddim10_ta04,1,pick_up_the_black_bowl_from_table_center_and_place_it_on_the_plate,15,11015,1,107,27,22d80af3dce5342b66c414ffc4644d6df6b0c067f9aeb5cfa6d50356235ac20a
dp_best_dp_ddim10_ta04,1,pick_up_the_black_bowl_from_table_center_and_place_it_on_the_plate,12,11012,1,117,30,22d80af3dce5342b66c414ffc4644d6df6b0c067f9aeb5cfa6d50356235ac20a
dp_best_dp_ddim10_ta04,1,pick_up_the_black_bowl_from_table_center_and_place_it_on_the_plate,14,11014,1,117,30,22d80af3dce5342b66c414ffc4644d6df6b0c067f9aeb5cfa6d50356235ac20a
dp_best_dp_ddim10_ta04,1,pick_up_the_black_bowl_from_table_center_and_place_it_on_the_plate,11,11011,1,139,35,22d80af3dce5342b66c414ffc4644d6df6b0c067f9aeb5cfa6d50356235ac20a
dp_best_dp_ddim10_ta04,1,pick_up_the_black_bowl_from_table_center_and_place_it_on_the_plate,18,11018,1,109,28,22d80af3dce5342b66c414ffc4644d6df6b0c067f9aeb5cfa6d50356235ac20a
dp_best_dp_ddim10_ta04,1,pick_up_the_black_bowl_from_table_center_and_place_it_on_the_plate,16,11016,1,132,33,22d80af3dce5342b66c414ffc4644d6df6b0c067f9aeb5cfa6d50356235ac20a
dp_best_dp_ddim10_ta04,1,pick_up_the_black_bowl_from_table_center_and_place_it_on_the_plate,19,11019,1,123,31,22d80af3dce5342b66c414ffc4644d6df6b0c067f9aeb5cfa6d50356235ac20a
dp_best_dp_ddim10_ta04,1,pick_up_the_black_bowl_from_table_center_and_place_it_on_the_plate,17,11017,1,132,33,22d80af3dce5342b66c414ffc4644d6df6b0c067f9aeb5cfa6d50356235ac20a
dp_best_dp_ddim10_ta04,1,pick_up_the_black_bowl_from_table_center_and_place_it_on_the_plate,20,11020,1,129,33,22d80af3dce5342b66c414ffc4644d6df6b0c067f9aeb5cfa6d50356235ac20a
dp_best_dp_ddim10_ta04,1,pick_up_the_black_bowl_from_table_center_and_place_it_on_the_plate,21,11021,1,110,28,22d80af3dce5342b66c414ffc4644d6df6b0c067f9aeb5cfa6d50356235ac20a
dp_best_dp_ddim10_ta04,1,pick_up_the_black_bowl_from_table_center_and_place_it_on_the_plate,23,11023,1,111,28,22d80af3dce5342b66c414ffc4644d6df6b0c067f9aeb5cfa6d50356235ac20a
dp_best_dp_ddim10_ta04,1,pick_up_the_black_bowl_from_table_center_and_place_it_on_the_plate,24,11024,1,112,28,22d80af3dce5342b66c414ffc4644d6df6b0c067f9aeb5cfa6d50356235ac20a
dp_best_dp_ddim10_ta04,1,pick_up_the_black_bowl_from_table_center_and_place_it_on_the_plate,22,11022,1,158,40,22d80af3dce5342b66c414ffc4644d6df6b0c067f9aeb5cfa6d50356235ac20a
dp_best_dp_ddim10_ta04,1,pick_up_the_black_bowl_from_table_center_and_place_it_on_the_plate,25,11025,1,158,40,22d80af3dce5342b66c414ffc4644d6df6b0c067f9aeb5cfa6d50356235ac20a
dp_best_dp_ddim10_ta04,1,pick_up_the_black_bowl_from_table_center_and_place_it_on_the_plate,26,11026,1,111,28,22d80af3dce5342b66c414ffc4644d6df6b0c067f9aeb5cfa6d50356235ac20a
dp_best_dp_ddim10_ta04,1,pick_up_the_black_bowl_from_table_center_and_place_it_on_the_plate,27,11027,1,118,30,22d80af3dce5342b66c414ffc4644d6df6b0c067f9aeb5cfa6d50356235ac20a
dp_best_dp_ddim10_ta04,1,pick_up_the_black_bowl_from_table_center_and_place_it_on_the_plate,29,11029,1,141,36,22d80af3dce5342b66c414ffc4644d6df6b0c067f9aeb5cfa6d50356235ac20a
dp_best_dp_ddim10_ta04,1,pick_up_the_black_bowl_from_table_center_and_place_it_on_the_plate,9,11009,1,556,139,22d80af3dce5342b66c414ffc4644d6df6b0c067f9aeb5cfa6d50356235ac20a
dp_best_dp_ddim10_ta04,1,pick_up_the_black_bowl_from_table_center_and_place_it_on_the_plate,30,11030,1,123,31,22d80af3dce5342b66c414ffc4644d6df6b0c067f9aeb5cfa6d50356235ac20a
dp_best_dp_ddim10_ta04,1,pick_up_the_black_bowl_from_table_center_and_place_it_on_the_plate,31,11031,1,105,27,22d80af3dce5342b66c414ffc4644d6df6b0c067f9aeb5cfa6d50356235ac20a
dp_best_dp_ddim10_ta04,1,pick_up_the_black_bowl_from_table_center_and_place_it_on_the_plate,8,11008,0,600,150,22d80af3dce5342b66c414ffc4644d6df6b0c067f9aeb5cfa6d50356235ac20a
dp_best_dp_ddim10_ta04,1,pick_up_the_black_bowl_from_table_center_and_place_it_on_the_plate,32,11032,1,106,27,22d80af3dce5342b66c414ffc4644d6df6b0c067f9aeb5cfa6d50356235ac20a
dp_best_dp_ddim10_ta04,1,pick_up_the_black_bowl_from_table_center_and_place_it_on_the_plate,13,11013,0,600,150,22d80af3dce5342b66c414ffc4644d6df6b0c067f9aeb5cfa6d50356235ac20a
dp_best_dp_ddim10_ta04,1,pick_up_the_black_bowl_from_table_center_and_place_it_on_the_plate,33,11033,1,118,30,22d80af3dce5342b66c414ffc4644d6df6b0c067f9aeb5cfa6d50356235ac20a
dp_best_dp_ddim10_ta04,1,pick_up_the_black_bowl_from_table_center_and_place_it_on_the_plate,36,11036,1,104,26,22d80af3dce5342b66c414ffc4644d6df6b0c067f9aeb5cfa6d50356235ac20a
dp_best_dp_ddim10_ta04,1,pick_up_the_black_bowl_from_table_center_and_place_it_on_the_plate,35,11035,1,110,28,22d80af3dce5342b66c414ffc4644d6df6b0c067f9aeb5cfa6d50356235ac20a
dp_best_dp_ddim10_ta04,1,pick_up_the_black_bowl_from_table_center_and_place_it_on_the_plate,38,11038,1,104,26,22d80af3dce5342b66c414ffc4644d6df6b0c067f9aeb5cfa6d50356235ac20a
dp_best_dp_ddim10_ta04,1,pick_up_the_black_bowl_from_table_center_and_place_it_on_the_plate,41,11041,1,101,26,22d80af3dce5342b66c414ffc4644d6df6b0c067f9aeb5cfa6d50356235ac20a
dp_best_dp_ddim10_ta04,1,pick_up_the_black_bowl_from_table_center_and_place_it_on_the_plate,42,11042,1,129,33,22d80af3dce5342b66c414ffc4644d6df6b0c067f9aeb5cfa6d50356235ac20a
dp_best_dp_ddim10_ta04,1,pick_up_the_black_bowl_from_table_center_and_place_it_on_the_plate,43,11043,1,110,28,22d80af3dce5342b66c414ffc4644d6df6b0c067f9aeb5cfa6d50356235ac20a
dp_best_dp_ddim10_ta04,1,pick_up_the_black_bowl_from_table_center_and_place_it_on_the_plate,44,11044,1,117,30,22d80af3dce5342b66c414ffc4644d6df6b0c067f9aeb5cfa6d50356235ac20a
dp_best_dp_ddim10_ta04,1,pick_up_the_black_bowl_from_table_center_and_place_it_on_the_plate,45,11045,1,122,31,22d80af3dce5342b66c414ffc4644d6df6b0c067f9aeb5cfa6d50356235ac20a
dp_best_dp_ddim10_ta04,1,pick_up_the_black_bowl_from_table_center_and_place_it_on_the_plate,28,11028,0,600,150,22d80af3dce5342b66c414ffc4644d6df6b0c067f9aeb5cfa6d50356235ac20a
dp_best_dp_ddim10_ta04,1,pick_up_the_black_bowl_from_table_center_and_place_it_on_the_plate,47,11047,1,124,31,22d80af3dce5342b66c414ffc4644d6df6b0c067f9aeb5cfa6d50356235ac20a
dp_best_dp_ddim10_ta04,1,pick_up_the_black_bowl_from_table_center_and_place_it_on_the_plate,48,11048,1,106,27,22d80af3dce5342b66c414ffc4644d6df6b0c067f9aeb5cfa6d50356235ac20a
dp_best_dp_ddim10_ta04,1,pick_up_the_black_bowl_from_table_center_and_place_it_on_the_plate,49,11049,1,118,30,22d80af3dce5342b66c414ffc4644d6df6b0c067f9aeb5cfa6d50356235ac20a
dp_best_dp_ddim10_ta04,3,pick_up_the_black_bowl_next_to_the_cookie_box_and_place_it_on_the_plate,0,13000,1,116,29,22d80af3dce5342b66c414ffc4644d6df6b0c067f9aeb5cfa6d50356235ac20a
dp_best_dp_ddim10_ta04,1,pick_up_the_black_bowl_from_table_center_and_place_it_on_the_plate,34,11034,0,600,150,22d80af3dce5342b66c414ffc4644d6df6b0c067f9aeb5cfa6d50356235ac20a
dp_best_dp_ddim10_ta04,1,pick_up_the_black_bowl_from_table_center_and_place_it_on_the_plate,37,11037,0,600,150,22d80af3dce5342b66c414ffc4644d6df6b0c067f9aeb5cfa6d50356235ac20a
dp_best_dp_ddim10_ta04,3,pick_up_the_black_bowl_next_to_the_cookie_box_and_place_it_on_the_plate,2,13002,1,109,28,22d80af3dce5342b66c414ffc4644d6df6b0c067f9aeb5cfa6d50356235ac20a
dp_best_dp_ddim10_ta04,1,pick_up_the_black_bowl_from_table_center_and_place_it_on_the_plate,39,11039,0,600,150,22d80af3dce5342b66c414ffc4644d6df6b0c067f9aeb5cfa6d50356235ac20a
dp_best_dp_ddim10_ta04,3,pick_up_the_black_bowl_next_to_the_cookie_box_and_place_it_on_the_plate,3,13003,1,121,31,22d80af3dce5342b66c414ffc4644d6df6b0c067f9aeb5cfa6d50356235ac20a
dp_best_dp_ddim10_ta04,1,pick_up_the_black_bowl_from_table_center_and_place_it_on_the_plate,40,11040,0,600,150,22d80af3dce5342b66c414ffc4644d6df6b0c067f9aeb5cfa6d50356235ac20a
dp_best_dp_ddim10_ta04,3,pick_up_the_black_bowl_next_to_the_cookie_box_and_place_it_on_the_plate,6,13006,1,119,30,22d80af3dce5342b66c414ffc4644d6df6b0c067f9aeb5cfa6d50356235ac20a
dp_best_dp_ddim10_ta04,3,pick_up_the_black_bowl_next_to_the_cookie_box_and_place_it_on_the_plate,5,13005,1,136,34,22d80af3dce5342b66c414ffc4644d6df6b0c067f9aeb5cfa6d50356235ac20a
dp_best_dp_ddim10_ta04,3,pick_up_the_black_bowl_next_to_the_cookie_box_and_place_it_on_the_plate,7,13007,1,113,29,22d80af3dce5342b66c414ffc4644d6df6b0c067f9aeb5cfa6d50356235ac20a
dp_best_dp_ddim10_ta04,3,pick_up_the_black_bowl_next_to_the_cookie_box_and_place_it_on_the_plate,9,13009,1,115,29,22d80af3dce5342b66c414ffc4644d6df6b0c067f9aeb5cfa6d50356235ac20a
dp_best_dp_ddim10_ta04,3,pick_up_the_black_bowl_next_to_the_cookie_box_and_place_it_on_the_plate,8,13008,1,133,34,22d80af3dce5342b66c414ffc4644d6df6b0c067f9aeb5cfa6d50356235ac20a
dp_best_dp_ddim10_ta04,1,pick_up_the_black_bowl_from_table_center_and_place_it_on_the_plate,46,11046,0,600,150,22d80af3dce5342b66c414ffc4644d6df6b0c067f9aeb5cfa6d50356235ac20a
dp_best_dp_ddim10_ta04,3,pick_up_the_black_bowl_next_to_the_cookie_box_and_place_it_on_the_plate,10,13010,1,116,29,22d80af3dce5342b66c414ffc4644d6df6b0c067f9aeb5cfa6d50356235ac20a
dp_best_dp_ddim10_ta04,3,pick_up_the_black_bowl_next_to_the_cookie_box_and_place_it_on_the_plate,12,13012,1,122,31,22d80af3dce5342b66c414ffc4644d6df6b0c067f9aeb5cfa6d50356235ac20a
dp_best_dp_ddim10_ta04,3,pick_up_the_black_bowl_next_to_the_cookie_box_and_place_it_on_the_plate,11,13011,1,124,31,22d80af3dce5342b66c414ffc4644d6df6b0c067f9aeb5cfa6d50356235ac20a
dp_best_dp_ddim10_ta04,3,pick_up_the_black_bowl_next_to_the_cookie_box_and_place_it_on_the_plate,13,13013,1,115,29,22d80af3dce5342b66c414ffc4644d6df6b0c067f9aeb5cfa6d50356235ac20a
dp_best_dp_ddim10_ta04,3,pick_up_the_black_bowl_next_to_the_cookie_box_and_place_it_on_the_plate,14,13014,1,128,32,22d80af3dce5342b66c414ffc4644d6df6b0c067f9aeb5cfa6d50356235ac20a
dp_best_dp_ddim10_ta04,3,pick_up_the_black_bowl_next_to_the_cookie_box_and_place_it_on_the_plate,15,13015,1,125,32,22d80af3dce5342b66c414ffc4644d6df6b0c067f9aeb5cfa6d50356235ac20a
dp_best_dp_ddim10_ta04,3,pick_up_the_black_bowl_next_to_the_cookie_box_and_place_it_on_the_plate,16,13016,1,108,27,22d80af3dce5342b66c414ffc4644d6df6b0c067f9aeb5cfa6d50356235ac20a
dp_best_dp_ddim10_ta04,3,pick_up_the_black_bowl_next_to_the_cookie_box_and_place_it_on_the_plate,17,13017,1,111,28,22d80af3dce5342b66c414ffc4644d6df6b0c067f9aeb5cfa6d50356235ac20a
dp_best_dp_ddim10_ta04,3,pick_up_the_black_bowl_next_to_the_cookie_box_and_place_it_on_the_plate,18,13018,1,122,31,22d80af3dce5342b66c414ffc4644d6df6b0c067f9aeb5cfa6d50356235ac20a
dp_best_dp_ddim10_ta04,3,pick_up_the_black_bowl_next_to_the_cookie_box_and_place_it_on_the_plate,19,13019,1,123,31,22d80af3dce5342b66c414ffc4644d6df6b0c067f9aeb5cfa6d50356235ac20a
dp_best_dp_ddim10_ta04,3,pick_up_the_black_bowl_next_to_the_cookie_box_and_place_it_on_the_plate,1,13001,0,600,150,22d80af3dce5342b66c414ffc4644d6df6b0c067f9aeb5cfa6d50356235ac20a
dp_best_dp_ddim10_ta04,3,pick_up_the_black_bowl_next_to_the_cookie_box_and_place_it_on_the_plate,21,13021,1,120,30,22d80af3dce5342b66c414ffc4644d6df6b0c067f9aeb5cfa6d50356235ac20a
dp_best_dp_ddim10_ta04,3,pick_up_the_black_bowl_next_to_the_cookie_box_and_place_it_on_the_plate,23,13023,1,121,31,22d80af3dce5342b66c414ffc4644d6df6b0c067f9aeb5cfa6d50356235ac20a
dp_best_dp_ddim10_ta04,3,pick_up_the_black_bowl_next_to_the_cookie_box_and_place_it_on_the_plate,24,13024,1,123,31,22d80af3dce5342b66c414ffc4644d6df6b0c067f9aeb5cfa6d50356235ac20a
dp_best_dp_ddim10_ta04,3,pick_up_the_black_bowl_next_to_the_cookie_box_and_place_it_on_the_plate,25,13025,1,122,31,22d80af3dce5342b66c414ffc4644d6df6b0c067f9aeb5cfa6d50356235ac20a
dp_best_dp_ddim10_ta04,3,pick_up_the_black_bowl_next_to_the_cookie_box_and_place_it_on_the_plate,26,13026,1,112,28,22d80af3dce5342b66c414ffc4644d6df6b0c067f9aeb5cfa6d50356235ac20a
dp_best_dp_ddim10_ta04,3,pick_up_the_black_bowl_next_to_the_cookie_box_and_place_it_on_the_plate,4,13004,0,600,150,22d80af3dce5342b66c414ffc4644d6df6b0c067f9aeb5cfa6d50356235ac20a
dp_best_dp_ddim10_ta04,3,pick_up_the_black_bowl_next_to_the_cookie_box_and_place_it_on_the_plate,27,13027,1,119,30,22d80af3dce5342b66c414ffc4644d6df6b0c067f9aeb5cfa6d50356235ac20a
dp_best_dp_ddim10_ta04,3,pick_up_the_black_bowl_next_to_the_cookie_box_and_place_it_on_the_plate,28,13028,1,131,33,22d80af3dce5342b66c414ffc4644d6df6b0c067f9aeb5cfa6d50356235ac20a
dp_best_dp_ddim10_ta04,3,pick_up_the_black_bowl_next_to_the_cookie_box_and_place_it_on_the_plate,29,13029,1,129,33,22d80af3dce5342b66c414ffc4644d6df6b0c067f9aeb5cfa6d50356235ac20a
dp_best_dp_ddim10_ta04,3,pick_up_the_black_bowl_next_to_the_cookie_box_and_place_it_on_the_plate,30,13030,1,129,33,22d80af3dce5342b66c414ffc4644d6df6b0c067f9aeb5cfa6d50356235ac20a
dp_best_dp_ddim10_ta04,3,pick_up_the_black_bowl_next_to_the_cookie_box_and_place_it_on_the_plate,31,13031,1,121,31,22d80af3dce5342b66c414ffc4644d6df6b0c067f9aeb5cfa6d50356235ac20a
dp_best_dp_ddim10_ta04,3,pick_up_the_black_bowl_next_to_the_cookie_box_and_place_it_on_the_plate,32,13032,1,117,30,22d80af3dce5342b66c414ffc4644d6df6b0c067f9aeb5cfa6d50356235ac20a
dp_best_dp_ddim10_ta04,3,pick_up_the_black_bowl_next_to_the_cookie_box_and_place_it_on_the_plate,33,13033,1,124,31,22d80af3dce5342b66c414ffc4644d6df6b0c067f9aeb5cfa6d50356235ac20a
dp_best_dp_ddim10_ta04,3,pick_up_the_black_bowl_next_to_the_cookie_box_and_place_it_on_the_plate,34,13034,1,111,28,22d80af3dce5342b66c414ffc4644d6df6b0c067f9aeb5cfa6d50356235ac20a
dp_best_dp_ddim10_ta04,3,pick_up_the_black_bowl_next_to_the_cookie_box_and_place_it_on_the_plate,35,13035,1,123,31,22d80af3dce5342b66c414ffc4644d6df6b0c067f9aeb5cfa6d50356235ac20a
dp_best_dp_ddim10_ta04,3,pick_up_the_black_bowl_next_to_the_cookie_box_and_place_it_on_the_plate,36,13036,1,106,27,22d80af3dce5342b66c414ffc4644d6df6b0c067f9aeb5cfa6d50356235ac20a
dp_best_dp_ddim10_ta04,3,pick_up_the_black_bowl_next_to_the_cookie_box_and_place_it_on_the_plate,38,13038,1,121,31,22d80af3dce5342b66c414ffc4644d6df6b0c067f9aeb5cfa6d50356235ac20a
dp_best_dp_ddim10_ta04,3,pick_up_the_black_bowl_next_to_the_cookie_box_and_place_it_on_the_plate,39,13039,1,127,32,22d80af3dce5342b66c414ffc4644d6df6b0c067f9aeb5cfa6d50356235ac20a
dp_best_dp_ddim10_ta04,3,pick_up_the_black_bowl_next_to_the_cookie_box_and_place_it_on_the_plate,40,13040,1,105,27,22d80af3dce5342b66c414ffc4644d6df6b0c067f9aeb5cfa6d50356235ac20a
dp_best_dp_ddim10_ta04,3,pick_up_the_black_bowl_next_to_the_cookie_box_and_place_it_on_the_plate,41,13041,1,121,31,22d80af3dce5342b66c414ffc4644d6df6b0c067f9aeb5cfa6d50356235ac20a
dp_best_dp_ddim10_ta04,3,pick_up_the_black_bowl_next_to_the_cookie_box_and_place_it_on_the_plate,42,13042,1,107,27,22d80af3dce5342b66c414ffc4644d6df6b0c067f9aeb5cfa6d50356235ac20a
dp_best_dp_ddim10_ta04,3,pick_up_the_black_bowl_next_to_the_cookie_box_and_place_it_on_the_plate,43,13043,1,116,29,22d80af3dce5342b66c414ffc4644d6df6b0c067f9aeb5cfa6d50356235ac20a
dp_best_dp_ddim10_ta04,3,pick_up_the_black_bowl_next_to_the_cookie_box_and_place_it_on_the_plate,20,13020,0,600,150,22d80af3dce5342b66c414ffc4644d6df6b0c067f9aeb5cfa6d50356235ac20a
dp_best_dp_ddim10_ta04,3,pick_up_the_black_bowl_next_to_the_cookie_box_and_place_it_on_the_plate,22,13022,0,600,150,22d80af3dce5342b66c414ffc4644d6df6b0c067f9aeb5cfa6d50356235ac20a
dp_best_dp_ddim10_ta04,3,pick_up_the_black_bowl_next_to_the_cookie_box_and_place_it_on_the_plate,45,13045,1,122,31,22d80af3dce5342b66c414ffc4644d6df6b0c067f9aeb5cfa6d50356235ac20a
dp_best_dp_ddim10_ta04,3,pick_up_the_black_bowl_next_to_the_cookie_box_and_place_it_on_the_plate,44,13044,1,125,32,22d80af3dce5342b66c414ffc4644d6df6b0c067f9aeb5cfa6d50356235ac20a
dp_best_dp_ddim10_ta04,3,pick_up_the_black_bowl_next_to_the_cookie_box_and_place_it_on_the_plate,46,13046,1,104,26,22d80af3dce5342b66c414ffc4644d6df6b0c067f9aeb5cfa6d50356235ac20a
dp_best_dp_ddim10_ta04,3,pick_up_the_black_bowl_next_to_the_cookie_box_and_place_it_on_the_plate,47,13047,1,139,35,22d80af3dce5342b66c414ffc4644d6df6b0c067f9aeb5cfa6d50356235ac20a
dp_best_dp_ddim10_ta04,3,pick_up_the_black_bowl_next_to_the_cookie_box_and_place_it_on_the_plate,48,13048,1,115,29,22d80af3dce5342b66c414ffc4644d6df6b0c067f9aeb5cfa6d50356235ac20a
dp_best_dp_ddim10_ta04,3,pick_up_the_black_bowl_next_to_the_cookie_box_and_place_it_on_the_plate,49,13049,1,127,32,22d80af3dce5342b66c414ffc4644d6df6b0c067f9aeb5cfa6d50356235ac20a
dp_best_dp_ddim10_ta04,5,pick_up_the_black_bowl_next_to_the_ramekin_and_place_it_on_the_plate,1,15001,1,107,27,22d80af3dce5342b66c414ffc4644d6df6b0c067f9aeb5cfa6d50356235ac20a
dp_best_dp_ddim10_ta04,5,pick_up_the_black_bowl_next_to_the_ramekin_and_place_it_on_the_plate,0,15000,1,123,31,22d80af3dce5342b66c414ffc4644d6df6b0c067f9aeb5cfa6d50356235ac20a
dp_best_dp_ddim10_ta04,5,pick_up_the_black_bowl_next_to_the_ramekin_and_place_it_on_the_plate,2,15002,1,127,32,22d80af3dce5342b66c414ffc4644d6df6b0c067f9aeb5cfa6d50356235ac20a
dp_best_dp_ddim10_ta04,5,pick_up_the_black_bowl_next_to_the_ramekin_and_place_it_on_the_plate,3,15003,1,115,29,22d80af3dce5342b66c414ffc4644d6df6b0c067f9aeb5cfa6d50356235ac20a
dp_best_dp_ddim10_ta04,5,pick_up_the_black_bowl_next_to_the_ramekin_and_place_it_on_the_plate,5,15005,1,137,35,22d80af3dce5342b66c414ffc4644d6df6b0c067f9aeb5cfa6d50356235ac20a
dp_best_dp_ddim10_ta04,5,pick_up_the_black_bowl_next_to_the_ramekin_and_place_it_on_the_plate,8,15008,1,107,27,22d80af3dce5342b66c414ffc4644d6df6b0c067f9aeb5cfa6d50356235ac20a
dp_best_dp_ddim10_ta04,5,pick_up_the_black_bowl_next_to_the_ramekin_and_place_it_on_the_plate,4,15004,1,159,40,22d80af3dce5342b66c414ffc4644d6df6b0c067f9aeb5cfa6d50356235ac20a
dp_best_dp_ddim10_ta04,5,pick_up_the_black_bowl_next_to_the_ramekin_and_place_it_on_the_plate,6,15006,1,142,36,22d80af3dce5342b66c414ffc4644d6df6b0c067f9aeb5cfa6d50356235ac20a
dp_best_dp_ddim10_ta04,5,pick_up_the_black_bowl_next_to_the_ramekin_and_place_it_on_the_plate,7,15007,1,135,34,22d80af3dce5342b66c414ffc4644d6df6b0c067f9aeb5cfa6d50356235ac20a
dp_best_dp_ddim10_ta04,5,pick_up_the_black_bowl_next_to_the_ramekin_and_place_it_on_the_plate,10,15010,1,144,36,22d80af3dce5342b66c414ffc4644d6df6b0c067f9aeb5cfa6d50356235ac20a
dp_best_dp_ddim10_ta04,3,pick_up_the_black_bowl_next_to_the_cookie_box_and_place_it_on_the_plate,37,13037,0,600,150,22d80af3dce5342b66c414ffc4644d6df6b0c067f9aeb5cfa6d50356235ac20a
dp_best_dp_ddim10_ta04,5,pick_up_the_black_bowl_next_to_the_ramekin_and_place_it_on_the_plate,11,15011,1,122,31,22d80af3dce5342b66c414ffc4644d6df6b0c067f9aeb5cfa6d50356235ac20a
dp_best_dp_ddim10_ta04,5,pick_up_the_black_bowl_next_to_the_ramekin_and_place_it_on_the_plate,9,15009,1,225,57,22d80af3dce5342b66c414ffc4644d6df6b0c067f9aeb5cfa6d50356235ac20a
dp_best_dp_ddim10_ta04,5,pick_up_the_black_bowl_next_to_the_ramekin_and_place_it_on_the_plate,14,15014,1,129,33,22d80af3dce5342b66c414ffc4644d6df6b0c067f9aeb5cfa6d50356235ac20a
dp_best_dp_ddim10_ta04,5,pick_up_the_black_bowl_next_to_the_ramekin_and_place_it_on_the_plate,12,15012,1,148,37,22d80af3dce5342b66c414ffc4644d6df6b0c067f9aeb5cfa6d50356235ac20a
dp_best_dp_ddim10_ta04,5,pick_up_the_black_bowl_next_to_the_ramekin_and_place_it_on_the_plate,16,15016,1,113,29,22d80af3dce5342b66c414ffc4644d6df6b0c067f9aeb5cfa6d50356235ac20a
dp_best_dp_ddim10_ta04,5,pick_up_the_black_bowl_next_to_the_ramekin_and_place_it_on_the_plate,13,15013,1,204,51,22d80af3dce5342b66c414ffc4644d6df6b0c067f9aeb5cfa6d50356235ac20a
dp_best_dp_ddim10_ta04,5,pick_up_the_black_bowl_next_to_the_ramekin_and_place_it_on_the_plate,15,15015,1,195,49,22d80af3dce5342b66c414ffc4644d6df6b0c067f9aeb5cfa6d50356235ac20a
dp_best_dp_ddim10_ta04,5,pick_up_the_black_bowl_next_to_the_ramekin_and_place_it_on_the_plate,18,15018,1,112,28,22d80af3dce5342b66c414ffc4644d6df6b0c067f9aeb5cfa6d50356235ac20a
dp_best_dp_ddim10_ta04,5,pick_up_the_black_bowl_next_to_the_ramekin_and_place_it_on_the_plate,17,15017,1,160,40,22d80af3dce5342b66c414ffc4644d6df6b0c067f9aeb5cfa6d50356235ac20a
dp_best_dp_ddim10_ta04,5,pick_up_the_black_bowl_next_to_the_ramekin_and_place_it_on_the_plate,21,15021,1,110,28,22d80af3dce5342b66c414ffc4644d6df6b0c067f9aeb5cfa6d50356235ac20a
dp_best_dp_ddim10_ta04,5,pick_up_the_black_bowl_next_to_the_ramekin_and_place_it_on_the_plate,20,15020,1,148,37,22d80af3dce5342b66c414ffc4644d6df6b0c067f9aeb5cfa6d50356235ac20a
dp_best_dp_ddim10_ta04,5,pick_up_the_black_bowl_next_to_the_ramekin_and_place_it_on_the_plate,22,15022,1,122,31,22d80af3dce5342b66c414ffc4644d6df6b0c067f9aeb5cfa6d50356235ac20a
dp_best_dp_ddim10_ta04,5,pick_up_the_black_bowl_next_to_the_ramekin_and_place_it_on_the_plate,23,15023,1,119,30,22d80af3dce5342b66c414ffc4644d6df6b0c067f9aeb5cfa6d50356235ac20a
dp_best_dp_ddim10_ta04,5,pick_up_the_black_bowl_next_to_the_ramekin_and_place_it_on_the_plate,25,15025,1,119,30,22d80af3dce5342b66c414ffc4644d6df6b0c067f9aeb5cfa6d50356235ac20a
dp_best_dp_ddim10_ta04,5,pick_up_the_black_bowl_next_to_the_ramekin_and_place_it_on_the_plate,24,15024,1,132,33,22d80af3dce5342b66c414ffc4644d6df6b0c067f9aeb5cfa6d50356235ac20a
dp_best_dp_ddim10_ta04,5,pick_up_the_black_bowl_next_to_the_ramekin_and_place_it_on_the_plate,19,15019,1,217,55,22d80af3dce5342b66c414ffc4644d6df6b0c067f9aeb5cfa6d50356235ac20a
dp_best_dp_ddim10_ta04,5,pick_up_the_black_bowl_next_to_the_ramekin_and_place_it_on_the_plate,26,15026,1,118,30,22d80af3dce5342b66c414ffc4644d6df6b0c067f9aeb5cfa6d50356235ac20a
dp_best_dp_ddim10_ta04,5,pick_up_the_black_bowl_next_to_the_ramekin_and_place_it_on_the_plate,27,15027,1,139,35,22d80af3dce5342b66c414ffc4644d6df6b0c067f9aeb5cfa6d50356235ac20a
dp_best_dp_ddim10_ta04,5,pick_up_the_black_bowl_next_to_the_ramekin_and_place_it_on_the_plate,28,15028,1,124,31,22d80af3dce5342b66c414ffc4644d6df6b0c067f9aeb5cfa6d50356235ac20a
dp_best_dp_ddim10_ta04,5,pick_up_the_black_bowl_next_to_the_ramekin_and_place_it_on_the_plate,29,15029,1,129,33,22d80af3dce5342b66c414ffc4644d6df6b0c067f9aeb5cfa6d50356235ac20a
dp_best_dp_ddim10_ta04,5,pick_up_the_black_bowl_next_to_the_ramekin_and_place_it_on_the_plate,31,15031,1,121,31,22d80af3dce5342b66c414ffc4644d6df6b0c067f9aeb5cfa6d50356235ac20a
dp_best_dp_ddim10_ta04,5,pick_up_the_black_bowl_next_to_the_ramekin_and_place_it_on_the_plate,30,15030,1,137,35,22d80af3dce5342b66c414ffc4644d6df6b0c067f9aeb5cfa6d50356235ac20a
dp_best_dp_ddim10_ta04,5,pick_up_the_black_bowl_next_to_the_ramekin_and_place_it_on_the_plate,32,15032,1,117,30,22d80af3dce5342b66c414ffc4644d6df6b0c067f9aeb5cfa6d50356235ac20a
dp_best_dp_ddim10_ta04,5,pick_up_the_black_bowl_next_to_the_ramekin_and_place_it_on_the_plate,34,15034,1,112,28,22d80af3dce5342b66c414ffc4644d6df6b0c067f9aeb5cfa6d50356235ac20a
dp_best_dp_ddim10_ta04,5,pick_up_the_black_bowl_next_to_the_ramekin_and_place_it_on_the_plate,33,15033,1,146,37,22d80af3dce5342b66c414ffc4644d6df6b0c067f9aeb5cfa6d50356235ac20a
dp_best_dp_ddim10_ta04,5,pick_up_the_black_bowl_next_to_the_ramekin_and_place_it_on_the_plate,35,15035,1,112,28,22d80af3dce5342b66c414ffc4644d6df6b0c067f9aeb5cfa6d50356235ac20a
dp_best_dp_ddim10_ta04,5,pick_up_the_black_bowl_next_to_the_ramekin_and_place_it_on_the_plate,36,15036,1,115,29,22d80af3dce5342b66c414ffc4644d6df6b0c067f9aeb5cfa6d50356235ac20a
dp_best_dp_ddim10_ta04,5,pick_up_the_black_bowl_next_to_the_ramekin_and_place_it_on_the_plate,37,15037,1,129,33,22d80af3dce5342b66c414ffc4644d6df6b0c067f9aeb5cfa6d50356235ac20a
dp_best_dp_ddim10_ta04,5,pick_up_the_black_bowl_next_to_the_ramekin_and_place_it_on_the_plate,38,15038,1,117,30,22d80af3dce5342b66c414ffc4644d6df6b0c067f9aeb5cfa6d50356235ac20a
dp_best_dp_ddim10_ta04,5,pick_up_the_black_bowl_next_to_the_ramekin_and_place_it_on_the_plate,41,15041,1,108,27,22d80af3dce5342b66c414ffc4644d6df6b0c067f9aeb5cfa6d50356235ac20a
dp_best_dp_ddim10_ta04,5,pick_up_the_black_bowl_next_to_the_ramekin_and_place_it_on_the_plate,39,15039,1,127,32,22d80af3dce5342b66c414ffc4644d6df6b0c067f9aeb5cfa6d50356235ac20a
dp_best_dp_ddim10_ta04,5,pick_up_the_black_bowl_next_to_the_ramekin_and_place_it_on_the_plate,42,15042,1,111,28,22d80af3dce5342b66c414ffc4644d6df6b0c067f9aeb5cfa6d50356235ac20a
dp_best_dp_ddim10_ta04,5,pick_up_the_black_bowl_next_to_the_ramekin_and_place_it_on_the_plate,43,15043,1,124,31,22d80af3dce5342b66c414ffc4644d6df6b0c067f9aeb5cfa6d50356235ac20a
dp_best_dp_ddim10_ta04,5,pick_up_the_black_bowl_next_to_the_ramekin_and_place_it_on_the_plate,44,15044,1,152,38,22d80af3dce5342b66c414ffc4644d6df6b0c067f9aeb5cfa6d50356235ac20a
dp_best_dp_ddim10_ta04,5,pick_up_the_black_bowl_next_to_the_ramekin_and_place_it_on_the_plate,45,15045,1,161,41,22d80af3dce5342b66c414ffc4644d6df6b0c067f9aeb5cfa6d50356235ac20a
dp_best_dp_ddim10_ta04,5,pick_up_the_black_bowl_next_to_the_ramekin_and_place_it_on_the_plate,48,15048,1,134,34,22d80af3dce5342b66c414ffc4644d6df6b0c067f9aeb5cfa6d50356235ac20a
dp_best_dp_ddim10_ta04,5,pick_up_the_black_bowl_next_to_the_ramekin_and_place_it_on_the_plate,49,15049,1,143,36,22d80af3dce5342b66c414ffc4644d6df6b0c067f9aeb5cfa6d50356235ac20a
dp_best_dp_ddim10_ta04,5,pick_up_the_black_bowl_next_to_the_ramekin_and_place_it_on_the_plate,46,15046,1,194,49,22d80af3dce5342b66c414ffc4644d6df6b0c067f9aeb5cfa6d50356235ac20a
dp_best_dp_ddim10_ta04,5,pick_up_the_black_bowl_next_to_the_ramekin_and_place_it_on_the_plate,40,15040,0,600,150,22d80af3dce5342b66c414ffc4644d6df6b0c067f9aeb5cfa6d50356235ac20a
dp_best_dp_ddim10_ta04,5,pick_up_the_black_bowl_next_to_the_ramekin_and_place_it_on_the_plate,47,15047,0,600,150,22d80af3dce5342b66c414ffc4644d6df6b0c067f9aeb5cfa6d50356235ac20a
dp_best_dp_ddim10_ta04,7,pick_up_the_black_bowl_on_the_ramekin_and_place_it_on_the_plate,0,17000,0,600,150,22d80af3dce5342b66c414ffc4644d6df6b0c067f9aeb5cfa6d50356235ac20a
dp_best_dp_ddim10_ta04,7,pick_up_the_black_bowl_on_the_ramekin_and_place_it_on_the_plate,1,17001,0,600,150,22d80af3dce5342b66c414ffc4644d6df6b0c067f9aeb5cfa6d50356235ac20a
dp_best_dp_ddim10_ta04,7,pick_up_the_black_bowl_on_the_ramekin_and_place_it_on_the_plate,2,17002,0,600,150,22d80af3dce5342b66c414ffc4644d6df6b0c067f9aeb5cfa6d50356235ac20a
dp_best_dp_ddim10_ta04,7,pick_up_the_black_bowl_on_the_ramekin_and_place_it_on_the_plate,3,17003,0,600,150,22d80af3dce5342b66c414ffc4644d6df6b0c067f9aeb5cfa6d50356235ac20a
dp_best_dp_ddim10_ta04,7,pick_up_the_black_bowl_on_the_ramekin_and_place_it_on_the_plate,4,17004,0,600,150,22d80af3dce5342b66c414ffc4644d6df6b0c067f9aeb5cfa6d50356235ac20a
dp_best_dp_ddim10_ta04,7,pick_up_the_black_bowl_on_the_ramekin_and_place_it_on_the_plate,5,17005,0,600,150,22d80af3dce5342b66c414ffc4644d6df6b0c067f9aeb5cfa6d50356235ac20a
dp_best_dp_ddim10_ta04,7,pick_up_the_black_bowl_on_the_ramekin_and_place_it_on_the_plate,6,17006,0,600,150,22d80af3dce5342b66c414ffc4644d6df6b0c067f9aeb5cfa6d50356235ac20a
dp_best_dp_ddim10_ta04,7,pick_up_the_black_bowl_on_the_ramekin_and_place_it_on_the_plate,7,17007,0,600,150,22d80af3dce5342b66c414ffc4644d6df6b0c067f9aeb5cfa6d50356235ac20a
dp_best_dp_ddim10_ta04,7,pick_up_the_black_bowl_on_the_ramekin_and_place_it_on_the_plate,8,17008,0,600,150,22d80af3dce5342b66c414ffc4644d6df6b0c067f9aeb5cfa6d50356235ac20a
dp_best_dp_ddim10_ta04,7,pick_up_the_black_bowl_on_the_ramekin_and_place_it_on_the_plate,9,17009,0,600,150,22d80af3dce5342b66c414ffc4644d6df6b0c067f9aeb5cfa6d50356235ac20a
dp_best_dp_ddim10_ta04,7,pick_up_the_black_bowl_on_the_ramekin_and_place_it_on_the_plate,10,17010,0,600,150,22d80af3dce5342b66c414ffc4644d6df6b0c067f9aeb5cfa6d50356235ac20a
dp_best_dp_ddim10_ta04,7,pick_up_the_black_bowl_on_the_ramekin_and_place_it_on_the_plate,11,17011,0,600,150,22d80af3dce5342b66c414ffc4644d6df6b0c067f9aeb5cfa6d50356235ac20a
dp_best_dp_ddim10_ta04,7,pick_up_the_black_bowl_on_the_ramekin_and_place_it_on_the_plate,12,17012,0,600,150,22d80af3dce5342b66c414ffc4644d6df6b0c067f9aeb5cfa6d50356235ac20a
dp_best_dp_ddim10_ta04,7,pick_up_the_black_bowl_on_the_ramekin_and_place_it_on_the_plate,13,17013,0,600,150,22d80af3dce5342b66c414ffc4644d6df6b0c067f9aeb5cfa6d50356235ac20a
dp_best_dp_ddim10_ta04,7,pick_up_the_black_bowl_on_the_ramekin_and_place_it_on_the_plate,14,17014,0,600,150,22d80af3dce5342b66c414ffc4644d6df6b0c067f9aeb5cfa6d50356235ac20a
dp_best_dp_ddim10_ta04,7,pick_up_the_black_bowl_on_the_ramekin_and_place_it_on_the_plate,15,17015,0,600,150,22d80af3dce5342b66c414ffc4644d6df6b0c067f9aeb5cfa6d50356235ac20a
dp_best_dp_ddim10_ta04,7,pick_up_the_black_bowl_on_the_ramekin_and_place_it_on_the_plate,16,17016,0,600,150,22d80af3dce5342b66c414ffc4644d6df6b0c067f9aeb5cfa6d50356235ac20a
dp_best_dp_ddim10_ta04,7,pick_up_the_black_bowl_on_the_ramekin_and_place_it_on_the_plate,17,17017,0,600,150,22d80af3dce5342b66c414ffc4644d6df6b0c067f9aeb5cfa6d50356235ac20a
dp_best_dp_ddim10_ta04,7,pick_up_the_black_bowl_on_the_ramekin_and_place_it_on_the_plate,18,17018,0,600,150,22d80af3dce5342b66c414ffc4644d6df6b0c067f9aeb5cfa6d50356235ac20a
dp_best_dp_ddim10_ta04,7,pick_up_the_black_bowl_on_the_ramekin_and_place_it_on_the_plate,19,17019,0,600,150,22d80af3dce5342b66c414ffc4644d6df6b0c067f9aeb5cfa6d50356235ac20a
dp_best_dp_ddim10_ta04,7,pick_up_the_black_bowl_on_the_ramekin_and_place_it_on_the_plate,20,17020,0,600,150,22d80af3dce5342b66c414ffc4644d6df6b0c067f9aeb5cfa6d50356235ac20a
dp_best_dp_ddim10_ta04,7,pick_up_the_black_bowl_on_the_ramekin_and_place_it_on_the_plate,21,17021,0,600,150,22d80af3dce5342b66c414ffc4644d6df6b0c067f9aeb5cfa6d50356235ac20a
dp_best_dp_ddim10_ta04,7,pick_up_the_black_bowl_on_the_ramekin_and_place_it_on_the_plate,22,17022,0,600,150,22d80af3dce5342b66c414ffc4644d6df6b0c067f9aeb5cfa6d50356235ac20a
dp_best_dp_ddim10_ta04,7,pick_up_the_black_bowl_on_the_ramekin_and_place_it_on_the_plate,23,17023,0,600,150,22d80af3dce5342b66c414ffc4644d6df6b0c067f9aeb5cfa6d50356235ac20a
dp_best_dp_ddim10_ta04,7,pick_up_the_black_bowl_on_the_ramekin_and_place_it_on_the_plate,24,17024,0,600,150,22d80af3dce5342b66c414ffc4644d6df6b0c067f9aeb5cfa6d50356235ac20a
dp_best_dp_ddim10_ta04,7,pick_up_the_black_bowl_on_the_ramekin_and_place_it_on_the_plate,25,17025,0,600,150,22d80af3dce5342b66c414ffc4644d6df6b0c067f9aeb5cfa6d50356235ac20a
dp_best_dp_ddim10_ta04,7,pick_up_the_black_bowl_on_the_ramekin_and_place_it_on_the_plate,26,17026,0,600,150,22d80af3dce5342b66c414ffc4644d6df6b0c067f9aeb5cfa6d50356235ac20a
dp_best_dp_ddim10_ta04,7,pick_up_the_black_bowl_on_the_ramekin_and_place_it_on_the_plate,27,17027,0,600,150,22d80af3dce5342b66c414ffc4644d6df6b0c067f9aeb5cfa6d50356235ac20a
dp_best_dp_ddim10_ta04,7,pick_up_the_black_bowl_on_the_ramekin_and_place_it_on_the_plate,28,17028,0,600,150,22d80af3dce5342b66c414ffc4644d6df6b0c067f9aeb5cfa6d50356235ac20a
dp_best_dp_ddim10_ta04,7,pick_up_the_black_bowl_on_the_ramekin_and_place_it_on_the_plate,29,17029,0,600,150,22d80af3dce5342b66c414ffc4644d6df6b0c067f9aeb5cfa6d50356235ac20a
dp_best_dp_ddim10_ta04,7,pick_up_the_black_bowl_on_the_ramekin_and_place_it_on_the_plate,30,17030,0,600,150,22d80af3dce5342b66c414ffc4644d6df6b0c067f9aeb5cfa6d50356235ac20a
dp_best_dp_ddim10_ta04,7,pick_up_the_black_bowl_on_the_ramekin_and_place_it_on_the_plate,31,17031,0,600,150,22d80af3dce5342b66c414ffc4644d6df6b0c067f9aeb5cfa6d50356235ac20a
dp_best_dp_ddim10_ta04,7,pick_up_the_black_bowl_on_the_ramekin_and_place_it_on_the_plate,32,17032,0,600,150,22d80af3dce5342b66c414ffc4644d6df6b0c067f9aeb5cfa6d50356235ac20a
dp_best_dp_ddim10_ta04,7,pick_up_the_black_bowl_on_the_ramekin_and_place_it_on_the_plate,33,17033,0,600,150,22d80af3dce5342b66c414ffc4644d6df6b0c067f9aeb5cfa6d50356235ac20a
dp_best_dp_ddim10_ta04,7,pick_up_the_black_bowl_on_the_ramekin_and_place_it_on_the_plate,34,17034,0,600,150,22d80af3dce5342b66c414ffc4644d6df6b0c067f9aeb5cfa6d50356235ac20a
dp_best_dp_ddim10_ta04,7,pick_up_the_black_bowl_on_the_ramekin_and_place_it_on_the_plate,35,17035,0,600,150,22d80af3dce5342b66c414ffc4644d6df6b0c067f9aeb5cfa6d50356235ac20a
dp_best_dp_ddim10_ta04,7,pick_up_the_black_bowl_on_the_ramekin_and_place_it_on_the_plate,36,17036,0,600,150,22d80af3dce5342b66c414ffc4644d6df6b0c067f9aeb5cfa6d50356235ac20a
dp_best_dp_ddim10_ta04,7,pick_up_the_black_bowl_on_the_ramekin_and_place_it_on_the_plate,37,17037,0,600,150,22d80af3dce5342b66c414ffc4644d6df6b0c067f9aeb5cfa6d50356235ac20a
dp_best_dp_ddim10_ta04,7,pick_up_the_black_bowl_on_the_ramekin_and_place_it_on_the_plate,45,17045,1,110,28,22d80af3dce5342b66c414ffc4644d6df6b0c067f9aeb5cfa6d50356235ac20a
dp_best_dp_ddim10_ta04,7,pick_up_the_black_bowl_on_the_ramekin_and_place_it_on_the_plate,38,17038,0,600,150,22d80af3dce5342b66c414ffc4644d6df6b0c067f9aeb5cfa6d50356235ac20a
dp_best_dp_ddim10_ta04,7,pick_up_the_black_bowl_on_the_ramekin_and_place_it_on_the_plate,39,17039,0,600,150,22d80af3dce5342b66c414ffc4644d6df6b0c067f9aeb5cfa6d50356235ac20a
dp_best_dp_ddim10_ta04,7,pick_up_the_black_bowl_on_the_ramekin_and_place_it_on_the_plate,40,17040,0,600,150,22d80af3dce5342b66c414ffc4644d6df6b0c067f9aeb5cfa6d50356235ac20a
dp_best_dp_ddim10_ta04,7,pick_up_the_black_bowl_on_the_ramekin_and_place_it_on_the_plate,41,17041,0,600,150,22d80af3dce5342b66c414ffc4644d6df6b0c067f9aeb5cfa6d50356235ac20a
dp_best_dp_ddim10_ta04,7,pick_up_the_black_bowl_on_the_ramekin_and_place_it_on_the_plate,42,17042,0,600,150,22d80af3dce5342b66c414ffc4644d6df6b0c067f9aeb5cfa6d50356235ac20a
dp_best_dp_ddim10_ta04,7,pick_up_the_black_bowl_on_the_ramekin_and_place_it_on_the_plate,43,17043,0,600,150,22d80af3dce5342b66c414ffc4644d6df6b0c067f9aeb5cfa6d50356235ac20a
dp_best_dp_ddim10_ta04,7,pick_up_the_black_bowl_on_the_ramekin_and_place_it_on_the_plate,44,17044,0,600,150,22d80af3dce5342b66c414ffc4644d6df6b0c067f9aeb5cfa6d50356235ac20a
dp_best_dp_ddim10_ta04,9,pick_up_the_black_bowl_on_the_wooden_cabinet_and_place_it_on_the_plate,0,19000,1,130,33,22d80af3dce5342b66c414ffc4644d6df6b0c067f9aeb5cfa6d50356235ac20a
dp_best_dp_ddim10_ta04,9,pick_up_the_black_bowl_on_the_wooden_cabinet_and_place_it_on_the_plate,3,19003,1,131,33,22d80af3dce5342b66c414ffc4644d6df6b0c067f9aeb5cfa6d50356235ac20a
dp_best_dp_ddim10_ta04,7,pick_up_the_black_bowl_on_the_ramekin_and_place_it_on_the_plate,46,17046,0,600,150,22d80af3dce5342b66c414ffc4644d6df6b0c067f9aeb5cfa6d50356235ac20a
dp_best_dp_ddim10_ta04,9,pick_up_the_black_bowl_on_the_wooden_cabinet_and_place_it_on_the_plate,2,19002,1,163,41,22d80af3dce5342b66c414ffc4644d6df6b0c067f9aeb5cfa6d50356235ac20a
dp_best_dp_ddim10_ta04,7,pick_up_the_black_bowl_on_the_ramekin_and_place_it_on_the_plate,47,17047,0,600,150,22d80af3dce5342b66c414ffc4644d6df6b0c067f9aeb5cfa6d50356235ac20a
dp_best_dp_ddim10_ta04,7,pick_up_the_black_bowl_on_the_ramekin_and_place_it_on_the_plate,48,17048,0,600,150,22d80af3dce5342b66c414ffc4644d6df6b0c067f9aeb5cfa6d50356235ac20a
dp_best_dp_ddim10_ta04,7,pick_up_the_black_bowl_on_the_ramekin_and_place_it_on_the_plate,49,17049,0,600,150,22d80af3dce5342b66c414ffc4644d6df6b0c067f9aeb5cfa6d50356235ac20a
dp_best_dp_ddim10_ta04,9,pick_up_the_black_bowl_on_the_wooden_cabinet_and_place_it_on_the_plate,1,19001,0,600,150,22d80af3dce5342b66c414ffc4644d6df6b0c067f9aeb5cfa6d50356235ac20a
dp_best_dp_ddim10_ta04,9,pick_up_the_black_bowl_on_the_wooden_cabinet_and_place_it_on_the_plate,10,19010,1,121,31,22d80af3dce5342b66c414ffc4644d6df6b0c067f9aeb5cfa6d50356235ac20a
dp_best_dp_ddim10_ta04,9,pick_up_the_black_bowl_on_the_wooden_cabinet_and_place_it_on_the_plate,4,19004,0,600,150,22d80af3dce5342b66c414ffc4644d6df6b0c067f9aeb5cfa6d50356235ac20a
dp_best_dp_ddim10_ta04,9,pick_up_the_black_bowl_on_the_wooden_cabinet_and_place_it_on_the_plate,11,19011,1,140,35,22d80af3dce5342b66c414ffc4644d6df6b0c067f9aeb5cfa6d50356235ac20a
dp_best_dp_ddim10_ta04,9,pick_up_the_black_bowl_on_the_wooden_cabinet_and_place_it_on_the_plate,5,19005,0,600,150,22d80af3dce5342b66c414ffc4644d6df6b0c067f9aeb5cfa6d50356235ac20a
dp_best_dp_ddim10_ta04,9,pick_up_the_black_bowl_on_the_wooden_cabinet_and_place_it_on_the_plate,6,19006,0,600,150,22d80af3dce5342b66c414ffc4644d6df6b0c067f9aeb5cfa6d50356235ac20a
dp_best_dp_ddim10_ta04,9,pick_up_the_black_bowl_on_the_wooden_cabinet_and_place_it_on_the_plate,12,19012,1,129,33,22d80af3dce5342b66c414ffc4644d6df6b0c067f9aeb5cfa6d50356235ac20a
dp_best_dp_ddim10_ta04,9,pick_up_the_black_bowl_on_the_wooden_cabinet_and_place_it_on_the_plate,7,19007,0,600,150,22d80af3dce5342b66c414ffc4644d6df6b0c067f9aeb5cfa6d50356235ac20a
dp_best_dp_ddim10_ta04,9,pick_up_the_black_bowl_on_the_wooden_cabinet_and_place_it_on_the_plate,13,19013,1,171,43,22d80af3dce5342b66c414ffc4644d6df6b0c067f9aeb5cfa6d50356235ac20a
dp_best_dp_ddim10_ta04,9,pick_up_the_black_bowl_on_the_wooden_cabinet_and_place_it_on_the_plate,15,19015,1,127,32,22d80af3dce5342b66c414ffc4644d6df6b0c067f9aeb5cfa6d50356235ac20a
dp_best_dp_ddim10_ta04,9,pick_up_the_black_bowl_on_the_wooden_cabinet_and_place_it_on_the_plate,14,19014,1,162,41,22d80af3dce5342b66c414ffc4644d6df6b0c067f9aeb5cfa6d50356235ac20a
dp_best_dp_ddim10_ta04,9,pick_up_the_black_bowl_on_the_wooden_cabinet_and_place_it_on_the_plate,16,19016,1,146,37,22d80af3dce5342b66c414ffc4644d6df6b0c067f9aeb5cfa6d50356235ac20a
dp_best_dp_ddim10_ta04,9,pick_up_the_black_bowl_on_the_wooden_cabinet_and_place_it_on_the_plate,18,19018,1,165,42,22d80af3dce5342b66c414ffc4644d6df6b0c067f9aeb5cfa6d50356235ac20a
dp_best_dp_ddim10_ta04,9,pick_up_the_black_bowl_on_the_wooden_cabinet_and_place_it_on_the_plate,8,19008,0,600,150,22d80af3dce5342b66c414ffc4644d6df6b0c067f9aeb5cfa6d50356235ac20a
dp_best_dp_ddim10_ta04,9,pick_up_the_black_bowl_on_the_wooden_cabinet_and_place_it_on_the_plate,20,19020,1,126,32,22d80af3dce5342b66c414ffc4644d6df6b0c067f9aeb5cfa6d50356235ac20a
dp_best_dp_ddim10_ta04,9,pick_up_the_black_bowl_on_the_wooden_cabinet_and_place_it_on_the_plate,21,19021,1,128,32,22d80af3dce5342b66c414ffc4644d6df6b0c067f9aeb5cfa6d50356235ac20a
dp_best_dp_ddim10_ta04,9,pick_up_the_black_bowl_on_the_wooden_cabinet_and_place_it_on_the_plate,22,19022,1,139,35,22d80af3dce5342b66c414ffc4644d6df6b0c067f9aeb5cfa6d50356235ac20a
dp_best_dp_ddim10_ta04,9,pick_up_the_black_bowl_on_the_wooden_cabinet_and_place_it_on_the_plate,9,19009,0,600,150,22d80af3dce5342b66c414ffc4644d6df6b0c067f9aeb5cfa6d50356235ac20a
dp_best_dp_ddim10_ta04,9,pick_up_the_black_bowl_on_the_wooden_cabinet_and_place_it_on_the_plate,23,19023,1,190,48,22d80af3dce5342b66c414ffc4644d6df6b0c067f9aeb5cfa6d50356235ac20a
dp_best_dp_ddim10_ta04,9,pick_up_the_black_bowl_on_the_wooden_cabinet_and_place_it_on_the_plate,19,19019,1,341,86,22d80af3dce5342b66c414ffc4644d6df6b0c067f9aeb5cfa6d50356235ac20a
dp_best_dp_ddim10_ta04,9,pick_up_the_black_bowl_on_the_wooden_cabinet_and_place_it_on_the_plate,28,19028,1,143,36,22d80af3dce5342b66c414ffc4644d6df6b0c067f9aeb5cfa6d50356235ac20a
dp_best_dp_ddim10_ta04,9,pick_up_the_black_bowl_on_the_wooden_cabinet_and_place_it_on_the_plate,29,19029,1,165,42,22d80af3dce5342b66c414ffc4644d6df6b0c067f9aeb5cfa6d50356235ac20a
dp_best_dp_ddim10_ta04,9,pick_up_the_black_bowl_on_the_wooden_cabinet_and_place_it_on_the_plate,31,19031,1,139,35,22d80af3dce5342b66c414ffc4644d6df6b0c067f9aeb5cfa6d50356235ac20a
dp_best_dp_ddim10_ta04,9,pick_up_the_black_bowl_on_the_wooden_cabinet_and_place_it_on_the_plate,17,19017,0,600,150,22d80af3dce5342b66c414ffc4644d6df6b0c067f9aeb5cfa6d50356235ac20a
dp_best_dp_ddim10_ta04,9,pick_up_the_black_bowl_on_the_wooden_cabinet_and_place_it_on_the_plate,33,19033,1,123,31,22d80af3dce5342b66c414ffc4644d6df6b0c067f9aeb5cfa6d50356235ac20a
dp_best_dp_ddim10_ta04,9,pick_up_the_black_bowl_on_the_wooden_cabinet_and_place_it_on_the_plate,24,19024,0,600,150,22d80af3dce5342b66c414ffc4644d6df6b0c067f9aeb5cfa6d50356235ac20a
dp_best_dp_ddim10_ta04,9,pick_up_the_black_bowl_on_the_wooden_cabinet_and_place_it_on_the_plate,25,19025,0,600,150,22d80af3dce5342b66c414ffc4644d6df6b0c067f9aeb5cfa6d50356235ac20a
dp_best_dp_ddim10_ta04,9,pick_up_the_black_bowl_on_the_wooden_cabinet_and_place_it_on_the_plate,26,19026,0,600,150,22d80af3dce5342b66c414ffc4644d6df6b0c067f9aeb5cfa6d50356235ac20a
dp_best_dp_ddim10_ta04,9,pick_up_the_black_bowl_on_the_wooden_cabinet_and_place_it_on_the_plate,35,19035,1,172,43,22d80af3dce5342b66c414ffc4644d6df6b0c067f9aeb5cfa6d50356235ac20a
dp_best_dp_ddim10_ta04,9,pick_up_the_black_bowl_on_the_wooden_cabinet_and_place_it_on_the_plate,27,19027,0,600,150,22d80af3dce5342b66c414ffc4644d6df6b0c067f9aeb5cfa6d50356235ac20a
dp_best_dp_ddim10_ta04,9,pick_up_the_black_bowl_on_the_wooden_cabinet_and_place_it_on_the_plate,37,19037,1,149,38,22d80af3dce5342b66c414ffc4644d6df6b0c067f9aeb5cfa6d50356235ac20a
dp_best_dp_ddim10_ta04,9,pick_up_the_black_bowl_on_the_wooden_cabinet_and_place_it_on_the_plate,38,19038,1,150,38,22d80af3dce5342b66c414ffc4644d6df6b0c067f9aeb5cfa6d50356235ac20a
dp_best_dp_ddim10_ta04,9,pick_up_the_black_bowl_on_the_wooden_cabinet_and_place_it_on_the_plate,30,19030,0,600,150,22d80af3dce5342b66c414ffc4644d6df6b0c067f9aeb5cfa6d50356235ac20a
dp_best_dp_ddim10_ta04,9,pick_up_the_black_bowl_on_the_wooden_cabinet_and_place_it_on_the_plate,32,19032,0,600,150,22d80af3dce5342b66c414ffc4644d6df6b0c067f9aeb5cfa6d50356235ac20a
dp_best_dp_ddim10_ta04,9,pick_up_the_black_bowl_on_the_wooden_cabinet_and_place_it_on_the_plate,43,19043,1,140,35,22d80af3dce5342b66c414ffc4644d6df6b0c067f9aeb5cfa6d50356235ac20a
dp_best_dp_ddim10_ta04,9,pick_up_the_black_bowl_on_the_wooden_cabinet_and_place_it_on_the_plate,34,19034,0,600,150,22d80af3dce5342b66c414ffc4644d6df6b0c067f9aeb5cfa6d50356235ac20a
dp_best_dp_ddim10_ta04,9,pick_up_the_black_bowl_on_the_wooden_cabinet_and_place_it_on_the_plate,45,19045,1,126,32,22d80af3dce5342b66c414ffc4644d6df6b0c067f9aeb5cfa6d50356235ac20a
dp_best_dp_ddim10_ta04,9,pick_up_the_black_bowl_on_the_wooden_cabinet_and_place_it_on_the_plate,46,19046,1,157,40,22d80af3dce5342b66c414ffc4644d6df6b0c067f9aeb5cfa6d50356235ac20a
dp_best_dp_ddim10_ta04,9,pick_up_the_black_bowl_on_the_wooden_cabinet_and_place_it_on_the_plate,36,19036,0,600,150,22d80af3dce5342b66c414ffc4644d6df6b0c067f9aeb5cfa6d50356235ac20a
dp_best_dp_ddim10_ta04,9,pick_up_the_black_bowl_on_the_wooden_cabinet_and_place_it_on_the_plate,39,19039,0,600,150,22d80af3dce5342b66c414ffc4644d6df6b0c067f9aeb5cfa6d50356235ac20a
dp_best_dp_ddim10_ta04,9,pick_up_the_black_bowl_on_the_wooden_cabinet_and_place_it_on_the_plate,40,19040,0,600,150,22d80af3dce5342b66c414ffc4644d6df6b0c067f9aeb5cfa6d50356235ac20a
dp_best_dp_ddim10_ta04,9,pick_up_the_black_bowl_on_the_wooden_cabinet_and_place_it_on_the_plate,41,19041,0,600,150,22d80af3dce5342b66c414ffc4644d6df6b0c067f9aeb5cfa6d50356235ac20a
dp_best_dp_ddim10_ta04,9,pick_up_the_black_bowl_on_the_wooden_cabinet_and_place_it_on_the_plate,42,19042,0,600,150,22d80af3dce5342b66c414ffc4644d6df6b0c067f9aeb5cfa6d50356235ac20a
dp_best_dp_ddim10_ta04,9,pick_up_the_black_bowl_on_the_wooden_cabinet_and_place_it_on_the_plate,44,19044,0,600,150,22d80af3dce5342b66c414ffc4644d6df6b0c067f9aeb5cfa6d50356235ac20a
dp_best_dp_ddim10_ta04,9,pick_up_the_black_bowl_on_the_wooden_cabinet_and_place_it_on_the_plate,47,19047,0,600,150,22d80af3dce5342b66c414ffc4644d6df6b0c067f9aeb5cfa6d50356235ac20a
dp_best_dp_ddim10_ta04,9,pick_up_the_black_bowl_on_the_wooden_cabinet_and_place_it_on_the_plate,48,19048,0,600,150,22d80af3dce5342b66c414ffc4644d6df6b0c067f9aeb5cfa6d50356235ac20a
dp_best_dp_ddim10_ta04,9,pick_up_the_black_bowl_on_the_wooden_cabinet_and_place_it_on_the_plate,49,19049,0,600,150,22d80af3dce5342b66c414ffc4644d6df6b0c067f9aeb5cfa6d50356235ac20a
